19215,5928,1420,641,646,511,527,3152,3290
19215,5928,1410,663,660,544,513,3134,3318
19215,5928,1426,610,666,552,530,3084,3305
19215,5928,1472,612,654,522,540,3091,3332
19215,5928,1462,675,640,490,575,3137,3335
19215,5928,1462,633,666,538,524,3116,3336
19215,5928,1413,659,659,492,541,3113,3317
19215,5928,1403,640,638,514,581,3090,3286
19215,5928,1435,706,648,465,523,3151,3326
19215,5928,1412,660,621,475,557,3177,3270
19215,5928,1474,662,644,562,535,3148,3278
19215,5928,1502,660,682,504,544,3156,3332
19215,5928,1431,666,635,463,545,3134,3300
19215,5928,1441,753,619,448,574,3192,3291
19215,5928,1452,646,666,497,529,3140,3318
19215,5928,1433,606,614,513,560,3076,3310
19204,5938,1422,600,680,472,618,3100,3321
19181,5958,1449,591,640,474,552,3042,3443
19156,5983,1423,612,701,561,504,2655,3340
19133,6007,1359,660,679,500,500,2429,3410
19110,6031,1386,676,673,536,517,2161,3001
19086,6055,1341,664,719,579,500,1938,3087
19060,6078,1360,696,730,601,483,1812,3219
19038,6099,1314,656,734,581,445,1701,3182
19013,6120,1283,761,736,579,524,1742,3126
18988,6143,1247,708,739,609,484,1517,3118
18964,6166,1273,779,775,580,483,1417,3058
18941,6189,1363,763,767,612,548,1334,3020
18918,6212,1460,853,778,600,463,1328,2955
18894,6235,1394,812,825,652,527,1248,2941
18869,6259,1410,840,854,683,480,1171,2896
18847,6282,1217,868,914,676,476,1146,2879
18824,6304,1414,909,877,765,534,1060,2813
18802,6327,1398,918,936,743,489,1038,2791
18777,6349,1330,985,948,743,504,1022,2752
18756,6370,1236,991,981,805,469,996,2685
18734,6390,1095,1063,1010,780,540,989,2665
18712,6411,1079,1100,1096,785,508,956,2605
18690,6434,1041,1097,1128,864,495,914,2649
18667,6457,1041,1155,1160,817,523,882,2564
18646,6479,1038,1209,1204,863,533,896,2555
18625,6501,1091,1256,1290,927,459,843,2590
18602,6523,1117,1334,1352,984,467,843,2512
18581,6545,1235,1459,1420,1037,468,841,2492
18559,6566,1342,1507,1487,1045,515,796,2537
18538,6587,1344,1621,1567,1135,502,772,2452
18515,6609,1456,1728,1704,1181,498,818,2433
18492,6630,1561,1890,1814,1245,477,785,2378
18469,6649,1848,1997,1961,1375,403,768,2282
18446,6670,2005,2211,2100,1418,513,746,2274
18434,6683,2005,2445,2297,1575,476,770,2205
18431,6686,2199,2664,2489,1690,491,695,2209
18431,6686,2196,2782,2561,1661,495,743,2176
18432,6686,2181,2704,2512,1637,484,739,2192
18421,6673,2181,2675,2499,1649,506,707,2173
18402,6656,2410,2701,2451,1620,480,733,2171
18384,6637,2410,2694,2246,1327,462,609,2111
18368,6619,2566,2704,2062,1175,481,1160,2086
18350,6601,2762,2628,1873,971,477,1171,1883
18331,6584,2765,2495,1725,841,498,919,1867
18312,6566,2765,2340,1388,686,694,1230,1731
18296,6546,2718,2173,1226,586,332,1421,1773
18277,6528,2651,1948,1037,541,328,1612,1946
18259,6509,2523,1723,881,557,298,1984,1318
18241,6491,2363,1565,772,560,862,2296,1565
18222,6473,2220,1347,661,527,588,2648,1620
18205,6454,1960,1136,632,542,537,2904,1780
18188,6436,1826,993,576,549,591,3203,1797
18171,6419,1585,793,602,503,647,3471,1842
18153,6402,1388,649,642,567,592,3616,1904
18138,6385,1182,552,620,473,531,3666,1897
18135,6380,1062,584,577,458,530,3796,1904
18135,6380,913,541,580,438,508,3783,1912
18135,6380,954,517,611,466,546,3793,1912
18135,6380,956,553,535,430,484,3791,1875
18135,6380,904,541,575,476,517,3771,1884
18118,6391,904,548,592,483,541,3793,1885
18099,6413,909,566,552,460,505,3742,1900
18077,6439,1013,599,611,464,409,3306,1954
18053,6461,996,570,575,447,501,2862,1888
18030,6482,996,519,646,480,535,2536,1931
18008,6504,963,574,574,497,547,2274,1857
17987,6527,970,531,622,497,526,2101,1865
17965,6549,982,564,573,560,532,1935,1848
17942,6571,910,580,646,512,579,1749,1867
17920,6593,926,629,601,503,534,1721,1845
17898,6615,937,627,675,557,534,1592,1862
17877,6637,902,586,686,538,569,1495,1884
17855,6658,958,614,720,574,555,1427,1864
17833,6680,964,617,711,563,575,1325,1838
17811,6703,989,641,677,593,630,1270,1825
17789,6728,951,657,711,572,579,1245,1869
17766,6751,950,625,723,569,575,1185,1822
17742,6777,974,688,756,573,598,1120,1823
17719,6802,997,699,844,610,618,1088,1904
17696,6826,1032,700,786,637,530,1003,1843
17673,6849,1011,723,772,652,529,990,1830
17650,6872,972,744,855,668,567,944,1862
17628,6895,951,796,790,620,575,987,1798
17602,6919,1016,825,813,697,563,892,1809
17578,6942,1000,825,876,712,617,876,1834
17554,6967,981,832,835,668,638,857,1805
17531,6991,1039,881,949,759,589,823,1796
17507,7016,966,890,951,756,644,790,1795
17482,7040,1011,931,963,741,607,782,1789
17458,7064,980,1021,1004,799,561,871,1812
17435,7086,967,986,1157,802,550,732,1848
17412,7109,985,1080,1076,857,586,757,1793
17390,7131,939,1054,1133,869,588,732,1804
17366,7154,973,1165,1149,1003,619,739,1813
17343,7178,1029,1220,1281,927,576,803,1827
17320,7202,1046,1251,1327,1010,703,728,1854
17298,7226,1223,1305,1330,1025,682,640,1798
17276,7249,1227,1399,1491,1124,555,719,1843
17255,7273,1227,1462,1569,1141,558,632,1825
17234,7296,1269,1624,1691,1180,538,711,1821
17211,7318,1349,1679,1755,1306,619,640,1790
17189,7339,1481,1795,1877,1424,654,602,1809
17167,7362,1482,1941,2056,1495,539,629,1833
17146,7384,1607,2130,2238,1643,406,621,1820
17125,7404,1712,2261,2417,1741,469,668,1839
17103,7426,1891,2577,2742,1960,536,597,1883
17081,7451,2329,2816,3060,2102,533,593,1872
17059,7476,2591,3380,3534,2469,535,560,1874
17049,7493,2591,3837,4060,2859,633,512,1831
17046,7500,2883,4059,4060,3356,548,558,1864
17046,7499,3016,4059,4059,3497,552,631,1879
17046,7499,2981,4058,4055,3497,567,551,1897
17046,7499,2981,4058,4055,3497,567,551,1897
17026,7474,3018,4060,4056,3475,525,572,1861
17007,7452,3340,4058,4056,3077,578,606,1855
16983,7436,3781,4058,4059,2479,350,613,1807
16962,7420,4052,4057,4060,2132,923,530,1805
16943,7401,4054,4060,3579,1781,551,880,1685
16924,7383,4054,4059,3168,1391,528,841,1584
16907,7367,4054,4059,2565,1122,522,791,1533
16890,7348,4056,4057,2245,908,428,958,1612
16874,7327,4049,3952,1831,723,447,1151,1339
16856,7309,4053,3425,1450,653,798,1333,1778
16837,7291,4053,3002,1176,711,1141,1582,1975
16819,7272,3837,2384,986,683,418,1731,2222
16801,7254,3837,2105,756,599,449,2015,2367
16784,7236,3392,1676,736,531,522,2144,2604
16766,7218,2493,1404,682,472,492,2316,2697
16748,7200,2493,1049,666,533,481,2492,2809
16730,7182,2081,884,734,555,467,2540,2894
16711,7165,1438,693,644,518,491,2664,2918
16707,7160,1155,686,560,637,468,2715,2883
16708,7160,1241,658,638,504,476,2753,2852
16708,7160,1241,624,616,535,476,2734,2850
16708,7160,1238,668,593,537,450,2778,2847
16708,7160,1238,668,593,537,450,2778,2847
16694,7172,1247,653,713,529,479,2652,2862
16674,7194,1247,660,588,489,443,2624,2862
16648,7221,1211,696,601,525,419,2479,2814
16622,7244,1208,672,590,588,401,2161,2810
16598,7266,1273,687,609,495,393,2008,2788
16574,7290,1167,756,622,602,410,1860,2721
16550,7313,1167,728,716,605,376,1732,2815
16525,7334,1128,757,701,604,496,1638,2681
16504,7357,1188,737,709,666,377,1553,2695
16482,7378,1122,749,688,670,435,1422,2650
16460,7399,1123,758,748,689,451,1346,2582
16437,7420,1137,741,735,568,451,1348,2594
16414,7446,1125,807,769,712,493,1253,2601
16392,7470,1132,856,765,599,477,1193,2550
16370,7494,1146,891,736,684,460,1200,2547
16349,7519,1095,868,816,749,466,1091,2578
16326,7545,1142,948,711,718,486,1054,2459
16304,7570,1151,970,650,754,450,1009,2489
16282,7592,1139,1051,523,746,486,1014,2439
16258,7614,1214,1034,638,804,492,937,2455
16235,7638,1157,1120,506,855,461,938,2438
16213,7662,1168,1137,869,858,422,915,2449
16190,7684,1171,1255,751,928,486,926,2457
16167,7708,1226,1276,971,1005,453,866,2506
16145,7733,1201,1332,926,1015,511,860,2408
16122,7758,1195,1482,1179,1084,480,801,2424
16100,7781,1193,1508,1403,1132,459,766,2393
16075,7805,1253,1602,1606,1181,511,747,2427
16051,7828,1458,1763,1693,1272,551,721,2383
16029,7851,1592,1882,1818,1375,89,702,2367
16006,7873,1660,2112,1989,1468,226,725,2385
15982,7896,1807,2247,2323,1597,229,696,2452
15958,7920,1935,2674,2584,1693,133,834,2421
15936,7944,2216,2922,2883,1946,141,688,2388
15919,7965,2397,3492,2873,2182,263,671,2366
15910,7976,2825,3929,2882,2538,425,663,2351
15910,7976,3085,4058,3347,2707,484,670,2400
15910,7975,3080,4059,3169,2704,517,675,2346
15910,7975,3080,4059,3169,2704,517,675,2346
15890,7954,3077,4066,3224,2767,560,560,2335
15872,7932,3202,4060,3840,2352,461,648,2357
15855,7915,3647,4058,2044,1947,465,664,2234
15838,7899,3973,4060,3173,1633,489,716,2175
15821,7882,4052,4058,2802,1347,485,1309,2072
15802,7865,4053,3616,2358,1183,439,1043,1950
15786,7847,4052,3711,2104,1019,513,1054,1812
15769,7830,4053,2435,1742,841,864,1213,1652
15753,7813,4055,3035,1520,620,677,1522,1564
15736,7795,4007,2766,1237,529,511,1837,1349
15720,7778,3860,2338,1066,544,575,2102,1845
15702,7760,2461,2056,950,497,592,2460,2024
15685,7742,3079,1717,797,632,571,2759,2193
15668,7725,2831,1456,636,549,562,3090,2330
15650,7707,2423,1175,581,499,545,3408,2444
15632,7690,2137,1004,521,514,559,3641,2554
15617,7675,1823,807,630,478,579,3794,2598
15615,7675,1544,572,644,488,588,3974,2672
15615,7675,1475,522,567,475,568,3938,2629
15615,7675,1507,547,586,443,564,3948,2614
15608,7666,1507,547,586,443,564,3948,2614
15603,7658,1350,516,607,483,572,4048,2649
15603,7658,1265,503,538,504,580,4058,2582
15603,7658,1256,612,581,452,590,4061,2608
15603,7658,1275,511,508,386,568,4062,2585
15603,7658,1276,535,573,494,598,4063,2608
15599,7664,1276,418,545,418,591,4063,2637
15579,7683,1260,467,553,439,542,4066,2622
15558,7709,1225,558,576,467,605,3649,2591
15534,7737,1285,543,602,460,589,3262,2576
15508,7762,1292,501,560,514,605,2665,2506
15482,7785,1292,565,610,567,545,2364,2662
15457,7809,1251,597,622,513,582,2178,2348
15433,7832,1267,573,655,549,554,1934,2371
15408,7855,1340,593,593,543,594,1772,2306
15385,7877,1317,624,608,521,575,1692,2316
15362,7899,1301,722,641,605,543,1615,2345
15337,7922,1324,627,549,526,608,1504,2496
15312,7946,1267,637,647,609,590,1359,2501
15288,7969,1267,696,686,600,535,1380,2471
15265,7992,1259,679,698,658,547,1302,2452
15241,8015,1295,682,709,618,611,1214,2433
15217,8039,1230,711,693,575,582,1108,2381
15193,8062,1250,724,758,627,511,1086,2441
15170,8084,1250,749,789,601,572,1007,2437
15147,8106,1301,774,798,624,570,990,2363
15123,8129,1259,766,836,635,616,998,2435
15099,8150,1272,781,800,593,540,987,2428
15076,8173,1239,775,878,648,533,901,2399
15052,8195,1239,744,832,700,554,918,2380
15029,8219,1187,747,841,691,563,881,2343
15007,8243,1292,821,893,746,538,844,2347
14985,8267,1291,873,910,780,509,864,2328
14963,8292,1355,863,1001,799,545,795,2392
14939,8318,1355,905,969,792,545,802,2344
14916,8341,1277,993,1008,827,569,735,2249
14894,8363,1302,1023,1114,823,550,758,2598
14873,8386,1213,1106,1145,851,549,728,2536
14851,8409,1204,1133,1184,916,537,726,2483
14828,8434,1291,1149,1261,940,570,669,2517
14806,8457,1262,1227,1292,988,563,692,2498
14783,8482,1243,1327,1396,1067,517,646,2509
14759,8507,1334,1394,1380,1096,579,675,2492
14735,8531,1424,1495,1376,1174,593,655,2477
14713,8554,1404,1529,1424,1220,545,646,2499
14691,8578,1516,1669,1679,1316,556,623,2556
14667,8601,1587,1738,1818,1395,585,590,2536
14646,8622,1743,1918,2010,1457,568,615,2552
14624,8644,1870,2107,2210,1635,583,583,2532
14601,8667,1984,2308,2372,1754,588,599,2528
14578,8690,2189,2675,2727,1961,590,641,2475
14553,8714,2490,2974,3094,2142,547,602,2568
14534,8735,2490,3461,3639,2396,526,596,2572
14523,8747,2655,3998,4058,2710,561,676,2530
14522,8748,3067,4059,4059,3065,624,594,2515
14524,8747,3233,4055,4059,3101,580,635,2507
14512,8738,3153,4058,4060,3034,531,580,2573
14489,8714,3112,4057,4059,2977,530,584,2554
14468,8695,3423,4058,4057,2387,527,646,2479
14450,8679,4008,4058,3935,2016,515,549,2427
14434,8662,4052,4057,3314,1671,478,1597,2377
14418,8647,4050,4058,3048,1476,504,1059,2241
14400,8630,4050,4064,2616,1192,454,952,2080
14383,8613,4053,4058,2217,1023,487,1018,1908
14366,8594,4061,3817,1912,818,495,1252,1902
14349,8576,4055,3212,1575,565,556,1504,2022
14330,8557,4051,2847,1405,610,735,1901,1616
14314,8540,4056,2497,1081,616,394,2284,1993
14296,8521,3854,2078,863,603,490,2669,2141
14280,8504,3205,1795,769,594,477,2886,2358
14263,8487,2958,1483,662,602,494,3402,2469
14230,8453,2287,945,603,569,500,3828,2684
14214,8434,1927,788,687,571,491,4042,2850
14213,8430,1601,612,699,569,501,4063,2905
14213,8430,1449,584,712,518,527,4061,2754
14213,8430,1480,586,635,486,545,4058,2722
14213,8430,1457,596,640,541,501,4059,2721
14213,8430,1465,590,695,534,514,4056,2747
14213,8425,1507,606,660,501,488,4058,2729
14213,8424,1507,588,617,627,497,4049,2642
14213,8424,1439,625,594,495,571,4055,2577
14213,8424,1406,657,684,509,501,4062,2632
14204,8416,1412,657,684,509,501,4062,2632
14203,8410,1270,558,663,496,526,4054,2385
14203,8410,1270,616,625,490,556,4053,2250
14203,8410,1244,594,652,530,595,4055,2272
14203,8410,1292,628,622,482,546,4060,2283
14203,8410,1240,662,643,460,612,4054,2254
14184,8427,1258,576,673,504,622,4065,2334
14163,8453,1258,635,671,494,550,4056,2554
14140,8480,1301,635,671,494,550,4056,2554
14117,8505,1331,648,643,536,559,3078,2533
14094,8528,1323,632,641,549,521,2731,2602
14070,8551,1270,669,668,565,498,2459,2408
14048,8574,1294,628,707,548,617,2219,2492
14025,8597,1293,675,687,569,510,1967,2127
14002,8619,1317,713,657,579,540,1830,2620
13977,8641,1262,686,806,592,472,1676,2566
13954,8664,1257,675,743,600,484,1620,2611
13931,8687,1197,794,744,654,513,1549,2589
13908,8711,1197,754,772,618,551,1393,2566
13885,8733,1314,738,772,671,500,1323,2592
13863,8756,1265,727,827,690,549,1270,2575
13841,8780,1539,819,906,697,498,1229,2617
13816,8802,1539,825,861,765,498,1196,2554
13792,8824,1545,844,916,723,508,1124,2567
13770,8847,1516,840,916,742,510,1068,2526
13748,8869,1400,910,932,732,516,1048,2539
13723,8891,1393,939,988,772,502,973,2540
13698,8913,1467,958,1020,804,528,956,2527
13654,8959,1416,1038,1083,812,500,929,2477
13631,8984,1379,1147,1108,894,459,960,2497
13607,9008,1327,1136,1184,968,483,921,2450
13585,9033,1227,1239,1298,960,482,847,2511
13562,9058,1235,1310,1325,1056,498,886,2535
13539,9082,1222,1335,1388,1069,460,836,2485
13517,9106,1243,1415,1498,1120,547,768,2458
13496,9128,1239,1529,1590,1219,496,748,2481
13474,9152,1209,1601,1691,1238,531,724,2413
13452,9175,1340,1718,1839,1350,573,736,2484
13428,9198,1412,1858,1996,1505,492,724,2508
13408,9222,1552,2009,2113,1582,469,672,2470
13401,9238,1645,2199,2410,1791,510,673,2449
13401,9242,1758,2370,2542,1918,481,711,2419
13401,9242,1760,2372,2597,1971,503,682,2414
13399,9241,1760,2328,2584,1983,500,662,2415
13380,9219,1723,2324,2577,1951,485,711,2412
13358,9202,1919,2433,2504,1762,451,699,2381
13338,9185,2061,2513,2336,1500,490,713,2386
13322,9169,2264,2579,2158,1334,496,636,2244
13305,9150,2369,2551,2027,1128,431,1062,2206
13288,9133,2492,2477,1850,1049,504,1396,2128
13271,9117,2537,2368,1631,736,498,977,1910
13253,9099,2653,2279,1454,794,585,1276,1754
13235,9082,2555,2103,1248,639,550,1440,1746
13218,9062,2517,1961,1073,554,228,1727,1844
13200,9045,2446,1751,991,590,480,1951,1921
13183,9029,2362,1540,791,530,939,2275,1381
13166,9012,2262,1375,729,524,713,2586,1513
13149,8994,2008,1180,596,532,594,2948,1633
13133,8976,1848,1045,588,528,609,3267,1692
13116,8959,1411,893,595,546,617,3621,1774
13098,8943,1289,787,564,523,676,3903,1776
13093,8937,1132,669,601,504,526,3997,1816
13093,8937,1132,597,570,438,604,4062,1863
13093,8937,1122,566,575,500,611,3998,1827
13093,8937,1196,556,575,515,640,4020,1841
13093,8937,1129,606,570,471,601,4026,1849
13082,8946,1129,602,588,468,563,4028,1860
13062,8964,1176,559,582,607,606,3919,1869
13038,8990,1140,559,582,607,606,3919,1869
13014,9014,1185,553,596,513,596,3050,1883
12989,9039,1209,551,664,524,570,2571,1923
12964,9064,1189,582,654,505,604,2314,1904
12939,9088,1226,591,605,504,576,2113,1934
12917,9110,1184,609,615,515,589,1932,1925
12894,9132,1228,599,627,556,601,1805,1954
12870,9156,1219,579,619,533,557,1658,1975
12845,9179,1252,580,686,604,608,1535,1995
12822,9203,1252,639,634,541,692,1497,1962
12798,9228,1230,608,663,552,624,1421,1994
12775,9253,1238,689,670,552,637,1308,1999
12752,9277,1239,633,726,576,582,1194,2014
12733,9299,1302,690,681,584,558,1215,2042
12727,9310,1344,665,729,709,542,1110,2050
12726,9311,1332,665,732,598,575,1100,2079
12710,9293,1332,621,707,508,498,1115,2168
12693,9274,1332,721,739,650,523,1125,2091
12690,9270,1032,694,725,574,559,1179,2045
12690,9270,1015,661,710,576,568,1151,2037
12690,9270,980,671,695,590,516,1164,2022
12680,9277,973,680,708,575,578,1145,2033
12663,9296,973,688,733,561,574,1107,2052
12642,9322,1016,670,660,580,658,1099,2026
12618,9347,990,707,754,654,512,1087,2057
12595,9370,972,716,742,581,602,1035,2036
12574,9392,972,741,773,601,522,1064,2024
12551,9414,969,775,819,619,489,973,2043
12529,9438,1009,765,867,697,534,916,2033
12505,9462,1078,789,863,677,551,860,2008
12480,9485,998,823,946,687,575,891,2109
12458,9508,998,838,865,720,553,846,1986
12435,9532,1010,861,946,703,496,854,2045
12411,9555,1018,901,976,710,530,813,2046
12389,9577,1021,981,965,719,547,884,2015
12367,9599,1021,958,1014,861,607,798,1951
12345,9622,1057,996,1077,816,595,776,1969
12321,9643,1000,1045,1132,815,534,744,1968
12297,9665,998,1073,1182,869,522,772,2004
12274,9689,1041,1179,1170,894,526,777,1963
12250,9712,1165,1201,1217,937,565,691,1935
12226,9736,1165,1267,1290,1026,526,691,1874
12202,9761,1159,1356,1355,1015,625,717,1962
12178,9786,1192,1449,1467,1057,638,735,1933
12155,9812,1301,1551,1527,1126,614,676,1914
12132,9837,1372,1606,1661,1236,577,645,1910
12108,9860,1372,1723,1760,1269,553,617,1928
12086,9883,1513,1894,1942,1399,504,690,1911
12062,9906,1701,2080,2098,1501,537,643,1896
12038,9929,1802,2228,2308,1638,517,614,1901
12016,9954,1939,2507,2567,1803,396,640,1901
11994,9977,2120,2858,2973,2020,406,627,1962
11973,10001,2617,3323,3317,2223,503,583,1889
11959,10023,2617,3706,3849,2561,521,645,1890
11956,10030,3037,4057,4058,3024,551,580,1912
11956,10030,3144,4057,4059,3240,559,580,1881
11956,10030,3144,4059,4059,3177,564,663,1925
11941,10015,3153,4061,4060,3122,602,584,1878
11914,9994,3296,4057,4057,2948,498,619,1953
11891,9977,3838,4067,4063,2433,337,673,1799
11871,9960,4053,4058,3863,2020,839,452,1788
11853,9941,4057,4058,3486,1671,574,934,1734
11835,9924,4050,4056,2931,1354,512,741,1669
11819,9908,4052,4056,2931,1354,512,741,1669
11802,9892,4059,4062,2112,823,441,955,1725
11786,9875,4052,3836,1857,725,426,1171,1501
11768,9858,4053,3375,1510,644,799,1348,1652
11750,9841,4055,2919,1303,629,1128,1616,2010
11732,9822,4048,2464,954,630,332,1745,2103
11714,9805,3865,2050,789,619,435,1965,2323
11697,9788,3401,1709,701,555,518,2159,2523
11681,9770,2972,1351,663,478,464,2324,2615
11662,9752,2549,1111,708,601,471,2522,2749
11644,9734,2040,880,752,646,457,2599,2879
11628,9717,1818,699,725,601,475,2713,2855
11626,9712,1431,660,513,522,442,2829,2849
11626,9712,1292,634,548,408,471,2827,2789
11626,9712,1305,620,638,506,469,2792,2884
11626,9712,1278,629,521,523,450,2787,2843
11617,9719,1385,602,576,463,479,2806,2859
11600,9738,1385,622,569,535,493,2753,2797
11577,9762,1288,695,503,566,449,2578,2834
11550,9789,1328,718,511,516,380,2336,2800
11525,9814,1297,690,564,585,432,2051,2807
11500,9837,1280,730,540,576,493,1941,2785
11476,9858,1280,748,526,568,457,1754,2770
11452,9882,1286,759,564,584,497,1682,2766
11428,9907,1280,701,589,638,549,1519,2754
11404,9930,1256,748,558,607,535,1458,2697
11380,9952,1271,755,577,621,471,1368,2745
11356,9976,1215,851,568,679,504,1331,2732
11333,9999,1249,861,510,668,459,1220,2721
11310,10023,1247,871,592,646,505,1203,2674
11286,10047,1233,914,654,694,495,1171,2691
11263,10070,1286,931,573,713,483,1107,2665
11241,10092,1255,904,533,777,439,1048,2648
11219,10114,1231,1001,570,755,490,1037,2646
11197,10134,1290,1049,710,781,537,1079,2615
11175,10156,1187,1053,626,798,452,966,2711
11153,10178,1203,1054,581,849,535,926,2570
11131,10203,1203,1103,701,859,433,947,2584
11110,10224,1267,1120,876,911,475,891,2585
11089,10246,1215,1209,884,915,538,846,2558
11067,10270,1252,1324,1083,1002,511,870,2522
11047,10293,1252,1368,1193,1027,505,764,2516
11025,10315,1308,1472,980,1066,525,816,2521
11003,10336,1241,1529,1566,1183,470,795,2536
10980,10358,1253,1605,1588,1143,561,769,2512
10958,10380,1474,1790,1852,1280,565,789,2531
10936,10401,1474,1854,1918,1426,105,726,2531
10913,10422,1607,2041,2101,1462,195,723,2510
10891,10442,1787,2241,2196,1606,244,699,2528
10870,10465,2120,2480,2440,1655,135,667,2507
10847,10489,2376,2815,2426,1949,92,663,2484
10835,10505,2376,3195,2747,2115,174,677,2526
10829,10512,2625,3733,3504,2393,370,696,2488
10828,10512,2791,3897,3937,2494,447,653,2467
10816,10503,2791,3837,3874,2437,423,641,2492
10794,10481,2791,3865,3148,2404,414,637,2454
10779,10464,3201,4056,2941,1904,511,650,2403
10759,10446,3504,4044,2740,1694,544,583,2305
10742,10429,3755,3998,2687,1351,433,1449,2209
10724,10413,4023,3906,2376,1199,459,1051,2044
10706,10396,4053,3484,2103,996,474,1069,1979
10689,10378,4052,2940,1813,865,913,1198,1791
10672,10362,4051,2700,1535,658,766,1530,1676
10656,10346,3944,2525,1282,553,426,1807,1437
10639,10330,3207,2332,1047,487,544,2121,1603
10622,10313,3207,2035,937,523,562,2521,1905
10604,10296,2113,1746,677,529,501,2704,2135
10587,10278,2773,1501,655,573,528,3200,2250
10570,10261,2428,1240,602,482,586,3498,2335
10553,10244,2113,998,539,603,648,3767,2409
10535,10226,1570,873,561,485,563,4017,2507
10521,10208,1570,697,625,538,582,4068,2552
10519,10200,1370,496,623,496,553,4055,2548
10520,10200,1172,565,525,413,633,4060,2461
10520,10200,1182,554,544,401,588,4063,2499
10518,10202,1182,530,547,412,621,4066,2489
10499,10217,1182,564,589,406,608,4051,2521
10480,10239,1190,528,511,480,552,4050,2498
10457,10263,1206,527,551,417,606,3500,2495
10433,10286,1179,525,641,435,586,3089,2502
10409,10308,1230,564,627,470,602,2760,1938
10386,10330,1182,553,613,583,567,2411,2498
10363,10353,1201,574,571,437,593,2222,2284
10341,10374,1266,580,599,535,570,1979,2213
10318,10397,1251,578,636,494,572,1826,2243
10296,10417,1294,624,620,508,642,1703,2212
10274,10438,1248,617,605,478,529,1660,2183
10252,10461,1226,600,657,606,550,1522,2417
10227,10485,1212,644,691,611,568,1427,2384
10203,10509,1293,649,699,689,559,1333,2343
10181,10534,1229,675,661,600,541,1325,2320
10156,10559,1255,681,704,605,571,1254,2298
10134,10583,1230,683,739,561,576,1141,2296
10110,10605,1202,760,722,654,548,1076,2304
10086,10628,1246,727,827,590,527,1040,2358
10063,10651,1252,762,789,583,565,1027,2299
10038,10674,1298,723,775,663,568,978,2293
10015,10697,1237,820,850,677,564,961,2295
9991,10720,1231,853,805,629,576,924,2264
9967,10744,1167,842,830,689,524,918,2244
9942,10768,1176,798,850,698,568,831,2258
9919,10791,1170,790,932,757,563,836,2300
9873,10837,1286,886,972,791,583,812,2281
9849,10860,1256,891,959,819,621,779,2230
9826,10882,1259,954,981,792,541,751,2115
9803,10903,1172,1071,1035,838,617,808,2473
9781,10925,1140,1045,1107,861,494,700,2386
9758,10948,1148,1096,1128,889,524,703,2417
9736,10972,1203,1125,1150,928,561,712,2381
9715,10993,1203,1187,1206,902,551,731,2369
9693,11015,1223,1270,1255,994,594,693,2355
9670,11038,1270,1259,1378,1013,563,632,2401
9648,11061,1269,1380,1398,1131,555,637,2389
9626,11082,1386,1491,1510,1119,599,623,2337
9605,11104,1474,1658,1548,1218,629,655,2344
9582,11126,1550,1687,1683,1287,570,600,2372
9561,11146,1624,1847,1709,1394,564,612,2313
9541,11166,1799,1979,1903,1444,525,627,2347
9520,11186,1799,2153,1996,1506,542,593,2334
9497,11209,1903,2310,2348,1744,555,599,2333
9472,11233,2067,2694,2648,1869,563,614,2292
9449,11256,2258,3018,3040,2036,594,619,2322
9426,11280,2783,3541,3555,2306,601,564,2314
9413,11298,2783,4061,4058,2708,590,598,2280
9411,11307,3295,4060,4057,3045,576,591,2230
9411,11307,3414,4057,4060,3260,571,543,2214
9411,11307,3414,4058,4057,3277,548,582,2167
9391,11287,3491,4051,4061,3275,542,475,2132
9375,11268,4049,4060,4060,2860,607,555,2241
9358,11253,4049,4058,4058,2328,539,625,2239
9340,11236,4055,4041,3743,2020,531,519,2166
9322,11220,4054,4058,3531,1716,526,1663,2094
9305,11203,4052,4062,3022,1426,483,945,1970
9287,11187,4052,4058,2650,1178,464,905,1950
9271,11172,4005,4060,2064,875,480,1047,1867
9253,11156,4048,3780,1926,766,521,1207,1955
9236,11140,4054,3581,1560,630,563,1500,1700
9217,11123,4053,2999,1300,616,763,1758,1959
9199,11106,4053,2669,1075,610,398,2082,2165
9182,11090,3706,2127,893,593,466,2328,2407
9165,11073,3706,1871,664,574,374,2575,2516
9148,11057,3145,1568,660,605,495,2870,2754
9130,11039,2818,1258,635,561,486,2753,2906
9112,11022,2045,972,590,622,527,3255,2989
9095,11005,2045,815,653,580,476,3393,3270
9084,10989,1587,609,692,487,471,3423,2769
9083,10986,1369,620,672,524,518,3535,2997
9083,10986,1262,615,599,485,616,3557,3006
9083,10986,1272,598,632,528,589,3570,3066
9083,10986,1319,608,656,519,575,3578,3064
9083,10986,1270,575,662,561,555,3558,3076
9083,10986,1245,617,642,496,599,3590,3071
9083,10986,1286,655,642,486,546,3591,3017
9083,10986,1261,599,652,554,538,3537,3118
9083,10986,1281,643,632,477,582,3623,3056
9083,10986,1328,623,634,468,537,3577,3058
9083,10986,1305,629,620,486,564,3580,3045
9083,10986,1261,586,734,513,554,3560,3154
9083,10986,1275,593,691,548,547,3574,3094
9081,10987,1372,597,635,526,564,3582,3058
9062,11005,1276,610,617,470,510,3547,3142
9037,11030,1251,655,649,486,534,3311,2909
9013,11056,1239,633,624,460,522,2868,2926
8990,11078,1246,644,642,519,508,2538,2830
8967,11099,1250,656,695,498,511,2286,2837
8944,11121,1223,651,689,530,530,2026,2509
8921,11143,1232,688,782,546,519,1895,2896
8897,11164,1230,649,676,567,535,1768,2768
8875,11186,1224,700,699,526,487,1653,2753
8853,11209,1134,775,734,622,484,1603,2707
8831,11233,1163,702,763,580,482,1474,2670
8809,11256,1247,762,849,648,556,1369,2726
8786,11280,1334,769,784,659,481,1317,2638
8763,11305,1452,827,833,635,505,1230,2623
8739,11330,1616,799,877,703,484,1185,2622
8715,11351,1485,845,885,751,475,1194,2583
8693,11374,1454,870,921,754,516,1084,2581
8660,11412,1409,958,981,740,474,1046,2526
8647,11407,1409,983,956,786,503,1032,2483
8627,11385,1360,1026,995,752,545,1070,2472
8608,11368,833,974,965,672,511,1060,2439
8588,11350,873,969,900,600,501,996,2316
8571,11331,952,990,905,616,576,834,2264
8551,11314,1008,1048,771,554,670,1464,2043
8531,11296,974,976,726,529,230,1189,1836
8516,11280,967,951,686,547,569,1377,1697
8498,11263,967,735,611,519,391,1622,1565
8482,11248,993,864,579,525,836,1935,1284
8460,11230,945,709,536,558,732,2233,1159
8442,11213,895,674,645,485,755,2553,1506
8424,11196,827,645,580,517,779,2815,2055
8407,11179,778,613,620,544,875,3240,803
8390,11163,778,525,639,514,778,3480,880
8372,11147,690,542,567,554,839,3753,881
8354,11128,671,530,606,473,880,3909,984
8337,11113,643,542,569,606,803,4030,936
8321,11094,643,533,570,571,704,4062,913
8318,11091,540,544,560,436,786,4066,894
8319,11091,549,561,560,580,788,4066,878
8319,11091,577,490,565,650,870,4054,904
8303,11102,559,528,554,673,873,4055,896
8282,11122,570,553,610,585,828,3975,899
8258,11146,601,524,570,658,757,3329,910
8234,11169,563,505,616,514,775,3059,908
8212,11190,563,548,560,531,685,2642,890
8190,11213,572,551,573,647,584,2379,885
8166,11237,564,533,541,595,712,2157,857
8143,11260,564,564,592,677,784,1984,872
8120,11285,599,579,587,749,804,1829,864
8099,11310,544,579,604,700,814,1732,851
8076,11334,590,626,648,692,798,1689,866
8054,11356,638,572,625,738,816,1494,857
8032,11378,638,629,636,758,805,1489,901
8010,11400,656,677,658,703,887,1426,847
7986,11423,583,636,664,743,808,1282,836
7962,11446,613,677,777,734,880,1236,902
7939,11469,613,702,693,710,853,1207,865
7917,11492,691,726,675,636,826,1203,915
7893,11517,712,720,705,758,884,1132,857
7870,11540,661,731,718,754,884,1073,826
7847,11563,679,720,733,761,867,1009,829
7825,11585,694,754,798,805,884,999,877
7801,11608,694,765,816,760,923,950,879
7777,11630,726,808,814,770,765,982,836
7754,11651,770,813,805,758,857,927,844
7739,11670,798,906,830,737,880,984,828
7730,11676,813,851,922,748,878,874,878
7731,11676,813,890,924,726,844,926,868
7743,11686,839,873,878,717,869,863,859
7766,11708,798,867,887,693,852,878,849
7782,11724,708,810,865,805,918,823,829
7806,11742,708,787,891,779,880,779,790
7830,11761,729,801,911,784,969,864,823
7849,11778,719,822,929,824,1005,826,835
7868,11796,747,759,947,791,1967,813,827
7892,11815,745,674,864,839,443,699,796
7910,11833,802,651,851,861,752,1138,746
7927,11848,852,709,810,879,776,689,725
7944,11866,852,737,779,850,776,872,654
7961,11883,875,716,718,827,436,899,836
7978,11904,895,838,702,708,818,1048,1231
7998,11920,879,824,677,773,740,1028,644
8016,11938,890,869,742,721,667,1114,612
8032,11955,853,862,809,713,714,1114,713
8050,11974,791,868,815,707,724,1151,732
8057,11986,791,844,867,638,756,1160,778
8057,11987,795,849,899,701,740,1110,806
8057,11987,819,876,857,722,752,1145,750
8057,11987,797,853,899,735,815,1144,771
8059,11988,797,901,852,677,795,1178,728
8073,12005,802,877,924,705,762,1132,804
8075,12012,805,884,900,747,810,1099,745
8075,12012,744,843,883,725,771,1110,761
8071,12015,779,847,881,710,772,1091,728
8054,12035,751,871,920,751,811,1113,801
8032,12062,772,853,946,777,749,1043,720
8016,12086,758,934,944,754,800,1078,776
8009,12095,807,945,994,822,792,950,775
8009,12095,799,924,1018,842,746,973,787
8009,12094,803,969,958,806,837,956,751
8009,12094,816,915,992,787,778,987,766
8009,12094,786,966,983,781,782,1014,753
8009,12094,807,927,994,826,814,972,775
8009,12094,822,1004,1008,884,751,1039,765
8009,12094,854,933,997,818,777,966,788
8009,12094,801,951,1108,800,741,1020,859
8009,12094,807,935,1114,822,751,1017,870
8009,12094,823,966,1024,829,751,1045,811
8009,12094,801,915,1013,820,782,981,804
8009,12094,825,935,998,836,770,982,785
8009,12094,866,936,1004,790,778,978,793
8009,12094,805,966,1044,824,817,1035,788
8009,12094,780,911,991,807,806,952,758
8009,12094,811,942,1024,796,743,991,817
8009,12094,848,915,999,840,760,980,796
8009,12094,795,947,984,780,757,960,776
8009,12094,825,930,988,799,819,969,743
8009,12094,800,948,976,791,780,980,746
8009,12094,838,928,1034,831,748,982,791
8009,12094,795,923,1011,792,784,980,797
8009,12094,820,954,993,817,774,984,773
8009,12094,857,927,1000,844,752,974,784
8009,12094,826,936,997,792,757,986,795
8009,12094,805,966,1027,787,851,984,819
8009,12094,779,947,1027,811,747,1009,789
8009,12094,800,951,997,792,785,962,790
8009,12094,824,946,1001,787,765,993,802
8009,12094,815,919,1004,792,755,978,799
8009,12094,798,934,1046,821,766,993,810
8009,12094,798,929,1068,826,774,1016,853
8009,12094,817,993,1009,792,749,1023,787
8009,12094,789,928,1047,806,767,958,811
8009,12094,799,931,1054,845,758,967,841
8009,12094,849,977,1018,835,765,1025,790
8009,12094,849,943,1007,864,751,967,790
8009,12094,808,936,1010,870,749,955,782
8009,12094,791,945,1040,845,790,959,815
8009,12094,782,958,1069,828,784,1022,839
8009,12094,798,934,985,840,783,977,773
8009,12094,799,940,1085,795,744,976,848
8009,12094,796,958,1008,804,810,1032,796
8009,12094,796,1009,986,784,771,1037,792
8009,12094,811,962,984,796,826,987,778
8009,12094,807,931,1009,837,786,995,802
8009,12094,807,1004,999,820,776,1014,767
8009,12094,802,944,1083,800,772,980,874
8009,12094,804,932,1052,810,807,1021,809
8009,12094,789,902,1024,826,820,951,796
8009,12094,788,947,1037,844,755,969,811
8009,12094,788,921,1031,799,766,976,910
8009,12094,797,956,1010,797,822,943,811
8009,12094,829,956,1007,804,752,1005,783
8009,12094,787,911,1032,786,822,967,816
8009,12094,813,978,974,798,799,1007,780
8009,12094,813,945,1012,871,762,996,793
8009,12094,828,933,993,791,807,959,786
