32624,159,921,683,778,601,338,497,1492
32624,159,936,729,742,621,278,566,1475
32624,159,1004,723,786,634,292,506,1489
32624,159,892,695,774,615,309,444,1508
32624,159,945,746,778,611,258,540,1502
32624,159,945,801,702,602,340,603,1458
32624,159,932,703,744,628,271,483,1473
32624,159,932,695,808,652,275,494,1510
32624,159,965,695,774,646,256,529,1488
32624,159,861,703,744,666,297,493,1468
32624,159,915,701,776,617,348,475,1483
32624,159,912,693,749,616,352,470,1468
32624,159,912,763,766,615,287,535,1476
32624,159,962,710,744,613,291,578,1476
32624,159,799,727,787,596,286,479,1479
32624,159,940,684,751,571,331,421,1464
32624,159,899,678,753,616,290,501,1478
32624,159,917,671,729,705,289,493,1464
32624,159,859,695,744,633,286,489,1460
32624,159,945,704,776,661,306,495,1492
32624,159,927,739,708,627,218,533,1461
32624,159,898,687,799,674,331,513,1521
32624,159,967,684,772,635,281,452,1494
32624,159,959,693,796,656,239,486,1512
32624,159,859,699,822,625,284,541,1508
32624,159,857,738,747,613,299,539,1446
32624,159,892,685,751,658,310,452,1472
32624,159,957,686,749,635,279,508,1462
32624,159,962,702,778,649,311,481,1502
32624,159,962,688,736,665,297,488,1480
32624,159,984,731,820,670,311,518,1533
32624,159,959,733,735,623,354,528,1453
32624,159,959,682,783,604,290,485,1486
32624,159,964,727,745,633,292,547,1466
32624,159,964,671,730,626,385,475,1473
32624,159,782,712,757,641,301,523,1460
32624,159,918,701,765,594,321,522,1470
32624,159,931,715,781,606,294,457,1467
32624,159,931,757,728,625,287,538,1457
32624,159,894,678,782,650,325,495,1560
32624,159,834,698,817,619,290,493,1537
32624,159,867,703,792,597,287,433,1504
32624,159,867,708,773,651,237,532,1495
32624,159,1031,670,796,573,290,448,1517
32624,159,974,701,829,608,271,473,1539
32624,159,953,715,744,630,261,517,1452
32624,159,1077,695,769,669,273,472,1487
32624,159,927,705,745,579,279,541,1489
32624,159,965,704,816,597,266,514,1548
32624,159,899,719,804,611,339,442,1518
32624,159,877,743,736,601,386,499,1453
32624,159,886,688,750,622,274,504,1467
32624,159,977,684,740,605,253,438,1476
32624,159,977,687,792,608,296,473,1524
32624,159,912,686,784,596,261,496,1514
32624,159,872,686,761,666,284,460,1482
32624,159,1050,726,749,603,304,512,1453
32624,159,1021,666,808,591,283,467,1546
32624,159,810,699,782,657,296,456,1494
32624,159,976,721,790,586,287,543,1498
32624,159,857,697,765,607,309,510,1465
32624,159,828,714,769,576,292,461,1504
32624,159,926,697,760,652,285,560,1473
32624,159,926,709,731,603,256,561,1462
32624,159,992,723,784,609,271,541,1476
32624,159,872,694,776,651,304,480,1526
32624,159,885,709,715,631,283,422,1467
32624,159,942,697,769,628,309,539,1486
32624,159,927,697,783,583,254,499,1514
32624,159,870,691,748,608,368,476,1468
32624,159,865,677,758,621,319,492,1481
32624,159,800,755,758,597,301,551,1467
32610,171,961,726,750,595,308,539,1460
32593,189,919,698,755,712,337,507,1468
32571,211,782,663,761,691,280,529,1480
32548,233,932,733,733,661,274,526,1430
32524,255,850,738,850,632,231,513,1498
32499,278,806,800,841,743,302,523,1503
32475,302,786,780,831,670,280,390,1460
32450,325,777,772,910,696,322,437,1506
32425,348,808,794,907,710,282,464,1464
32401,371,758,878,881,739,331,460,1445
32356,416,744,977,941,790,363,430,1429
32332,437,858,940,1038,802,336,424,1457
32308,459,829,1052,1046,796,320,397,1441
32286,482,886,1030,1120,911,305,411,1488
32263,505,920,1089,1171,873,302,427,1472
32241,526,951,1117,1201,928,304,467,1477
32218,549,988,1213,1282,988,316,517,1441
32198,572,1062,1248,1316,994,312,369,1449
32177,594,1079,1308,1393,1073,275,404,1460
32154,616,1136,1386,1438,1127,351,373,1322
32134,637,1188,1499,1558,1168,324,407,1457
32124,646,1301,1575,1657,1223,292,357,1432
32124,646,1270,1623,1724,1273,251,341,1484
32125,646,1269,1635,1707,1263,302,421,1463
32103,626,1473,1624,1644,1260,309,409,1468
32084,606,1533,1656,1619,1137,247,344,1422
32069,589,1533,1572,1549,1065,338,1088,1326
32033,553,1644,1707,1336,803,214,881,1258
32016,534,1709,1630,1255,683,183,729,1365
31997,516,1715,1588,1091,543,51,612,1202
31981,498,1724,1510,1020,477,215,425,1302
31962,483,1718,1371,873,437,494,346,1679
31944,466,1679,1286,801,326,757,309,1101
31927,446,1597,1184,681,379,231,1100,1053
31911,428,1524,1035,496,315,419,1278,1147
31893,408,1438,943,507,284,278,1399,1187
31874,389,1301,808,371,267,195,1571,1283
31858,371,1170,717,290,206,558,1686,1324
31840,353,962,552,287,235,355,1728,1383
31823,335,962,463,352,231,344,1785,1379
31805,317,848,271,353,215,404,1826,1347
31783,293,676,254,335,558,271,1862,1335
31784,293,581,235,369,202,35,1857,1358
31784,293,581,265,365,627,112,1844,1370
31767,308,587,259,379,368,52,1815,1375
31745,333,594,240,359,603,46,1777,1388
31721,358,531,250,392,285,228,1743,1345
31696,381,569,294,223,362,344,1622,1307
31669,403,532,271,379,421,386,1502,1307
31645,424,532,283,240,420,396,1463,1281
31622,446,519,228,320,414,411,1349,1276
31599,468,497,275,432,398,463,1281,1259
31580,488,438,303,332,383,488,1193,1269
31569,497,529,303,332,383,488,1193,1269
31571,507,534,281,292,454,509,1152,1228
31594,524,534,281,358,243,492,1148,1268
31612,541,568,401,264,335,442,1196,1215
31629,558,672,372,418,347,397,1135,1327
31645,575,776,484,408,204,339,1101,1289
31662,595,1039,517,436,330,474,1042,1255
31664,600,1039,503,419,307,508,1053,1263
31663,599,1049,630,485,309,195,1033,1292
31649,617,981,685,414,353,222,1096,1169
31627,641,1055,640,373,338,224,1057,1245
31602,665,1180,694,418,393,298,1007,1280
31579,689,1108,690,431,350,384,950,1269
31557,712,1152,710,426,323,235,869,1281
31535,734,1158,703,433,326,70,904,1320
31513,757,1191,726,406,305,124,860,1340
31491,781,1276,693,352,310,107,796,1352
31469,805,1235,748,354,296,92,762,1442
31436,853,1310,786,400,367,303,781,1417
31434,865,1392,875,394,443,479,732,1430
31434,867,1450,865,455,365,533,687,1438
31420,856,1450,898,457,364,557,699,1461
31398,837,1463,849,510,345,557,671,1474
31377,821,1260,704,487,358,186,803,1609
31358,803,1159,650,470,325,300,822,1542
31338,785,1017,421,476,237,430,796,1596
31324,771,869,337,331,243,362,775,1494
31324,769,696,293,371,309,298,857,1521
31312,779,696,309,359,425,351,840,1578
31292,800,739,402,462,234,324,807,1503
31268,825,738,461,413,316,336,868,1506
31245,850,700,412,476,282,327,779,1587
31221,875,704,377,497,305,283,776,1611
31197,899,676,252,387,445,251,719,1466
31173,921,661,312,446,332,327,757,1497
31150,943,692,284,383,207,318,714,1442
31126,967,684,350,327,225,315,708,1451
31102,991,657,420,403,385,393,698,1454
31079,1014,719,410,414,273,301,706,1402
31055,1038,704,387,357,276,328,694,1458
31031,1062,686,407,511,101,313,704,1455
31006,1088,722,394,457,242,280,645,1446
30982,1111,669,404,408,363,328,688,1451
30959,1135,640,380,455,185,327,646,1410
30934,1157,735,399,428,313,260,580,1365
30909,1181,679,371,441,152,301,622,1409
30886,1204,646,436,380,358,431,650,1331
30864,1228,689,398,459,353,409,602,1371
30841,1251,689,394,464,241,446,646,1383
30816,1275,687,474,481,237,401,583,1376
30792,1298,653,418,473,256,423,570,1318
30770,1321,638,411,502,310,372,606,1358
30747,1344,638,426,442,264,369,555,1345
30724,1369,660,506,486,357,293,621,1335
30703,1389,635,445,476,262,373,527,1301
30682,1412,736,415,479,275,340,579,1323
30660,1434,679,478,474,400,193,553,1327
30635,1458,679,482,451,461,170,611,1309
30611,1481,639,498,457,369,218,594,1316
30590,1502,740,446,583,457,246,522,1326
30569,1526,647,482,557,483,266,527,1330
30546,1549,692,400,491,381,308,527,1265
30521,1574,704,503,546,418,324,612,1254
30509,1594,704,489,525,420,268,532,1270
30506,1605,698,499,560,436,326,534,1284
30510,1611,706,536,543,415,125,487,1250
30529,1633,706,536,543,415,125,487,1250
30539,1644,810,499,517,443,524,424,1283
30541,1644,882,469,562,532,450,381,1298
30541,1644,882,504,558,509,390,459,1291
30525,1656,877,468,535,486,454,388,1311
30507,1677,934,532,532,465,489,452,1243
30486,1702,934,496,505,489,424,417,1289
30464,1729,966,546,565,433,369,391,1316
30439,1753,941,606,594,554,360,390,1341
30416,1777,955,560,603,502,361,336,1359
30393,1802,958,582,562,479,383,375,1324
30369,1827,997,602,630,602,287,330,1352
30345,1851,989,535,676,616,383,268,1383
30323,1875,980,552,602,489,451,281,1394
30300,1899,1029,583,619,547,218,300,1405
30276,1922,1029,597,654,511,515,282,1393
30252,1945,1098,618,611,564,407,246,1411
30229,1968,1016,575,696,550,355,273,1482
30205,1991,1021,617,705,561,400,262,1604
30181,2015,1091,629,725,589,395,255,1508
30156,2038,1088,644,655,585,342,302,1469
30133,2062,1074,652,649,595,325,242,1460
30110,2085,1074,636,704,596,339,279,1537
30086,2108,1085,640,672,604,319,229,1524
30062,2130,1093,676,687,704,415,270,1559
30039,2153,1184,664,714,676,359,238,1559
30016,2175,1144,680,760,657,238,231,1619
29993,2198,1169,760,752,648,203,254,1576
29970,2220,1149,728,803,711,256,190,1609
29949,2241,1236,765,795,706,266,236,1614
29927,2263,1204,745,841,778,115,163,1615
29904,2286,1217,775,938,706,100,124,1731
29884,2309,1217,775,938,706,100,124,1731
29877,2322,1241,841,931,772,318,223,1718
29877,2324,1379,792,976,808,257,109,1730
29867,2313,1379,801,933,835,269,109,1738
29847,2292,1134,809,922,842,286,246,1701
29841,2286,1134,819,943,714,388,218,1731
29841,2287,1002,821,902,722,449,308,1732
29841,2287,1024,916,892,724,508,411,1735
29841,2287,1010,854,943,730,379,293,1775
29839,2286,1010,837,882,727,405,324,1737
29820,2266,1008,831,918,737,557,215,1762
29812,2259,898,897,858,698,378,484,1691
29812,2259,818,885,886,639,326,343,1684
29812,2259,820,862,860,677,328,358,1651
29812,2259,820,862,860,677,328,358,1651
29795,2275,839,848,874,687,502,324,1713
29775,2298,816,815,875,682,423,330,1710
29751,2322,852,967,900,631,446,463,1683
29727,2346,839,921,890,706,238,390,1656
29703,2371,920,966,923,740,373,442,1667
29677,2396,914,987,1073,738,343,433,1712
29653,2418,966,1057,1075,813,286,370,1641
29630,2440,1011,1071,1075,908,267,381,1633
29606,2463,1033,1137,1134,849,328,310,1611
29582,2487,1119,1206,1166,889,225,234,1600
29558,2510,1126,1250,1202,885,264,310,1601
29533,2534,1156,1366,1300,965,415,428,1585
29508,2558,1243,1466,1383,1024,219,242,1539
29484,2584,1323,1552,1528,1036,242,258,1542
29460,2608,1421,1687,1603,1191,260,375,1566
29435,2631,1468,1749,1686,1125,379,211,1553
29410,2654,1647,1916,1809,1306,411,241,1576
29387,2677,1822,2111,1971,1330,373,338,1585
29364,2698,1978,2287,2148,1439,508,208,1505
29344,2719,2348,2616,2438,1540,414,255,1494
29331,2730,2557,2961,2668,1713,571,281,1477
29327,2730,2557,3276,2906,1835,580,275,1452
29327,2730,2678,3341,2937,1798,565,269,1484
29328,2730,2722,3213,2853,1781,600,174,1524
29313,2715,2635,3230,2865,1782,532,363,1497
29292,2695,2689,3279,2684,1654,277,412,1475
29275,2676,2950,3260,2513,1436,236,404,1403
29257,2657,3155,3142,2197,1215,222,465,1324
29239,2640,3182,2941,1910,935,189,566,1278
29222,2622,3269,2712,1586,764,158,718,1435
29204,2604,3228,2582,1465,656,350,843,1157
29188,2587,3018,2277,1247,359,280,972,1369
29171,2569,3018,2070,1043,325,558,1097,1437
29153,2552,2815,1827,872,312,130,1249,1621
29137,2535,2597,1652,731,487,290,1502,1773
29119,2518,2190,1364,617,352,222,1473,1806
29102,2502,1912,1187,410,591,284,1686,1928
29086,2485,1912,992,211,103,414,1737,1986
29072,2468,1720,868,498,233,494,1841,1971
29071,2465,1476,706,442,307,403,1842,2118
29071,2465,1368,600,415,222,278,1862,2091
29071,2465,1368,633,258,197,365,1895,2092
29054,2481,1376,589,568,255,235,1855,2148
29030,2503,1376,650,473,275,322,1796,2080
29006,2525,1396,636,527,273,281,1743,2129
28981,2549,1409,637,709,310,331,1591,2147
28957,2573,1409,569,487,295,164,1533,2212
28930,2597,1426,621,488,574,266,1402,2229
28906,2620,1432,593,613,203,380,1286,2259
28882,2643,1432,558,486,395,297,1235,2314
28858,2666,1450,643,471,369,286,1216,2316
28833,2688,1461,685,529,231,372,1177,2310
28810,2710,1466,566,559,183,408,1108,2352
28785,2733,1421,582,599,330,348,1018,2342
28759,2757,1419,569,548,354,366,946,2463
28734,2780,1419,608,652,347,433,962,2412
28711,2802,1435,744,408,507,480,995,2408
28687,2826,1492,576,499,222,350,894,2423
28662,2850,1472,513,690,181,498,822,2443
28638,2872,1454,433,443,220,509,970,2542
28615,2894,1464,296,405,299,517,763,2479
28590,2917,1443,380,503,345,536,841,2545
28565,2939,1501,442,639,254,517,758,2491
28542,2961,1481,443,571,216,656,727,2555
28518,2983,1409,353,748,201,602,730,2537
28495,3004,1409,507,623,246,596,715,2573
28471,3027,1436,280,548,165,672,725,2606
28449,3051,1469,273,398,178,519,673,2641
28425,3075,1485,268,726,113,595,697,2580
28402,3101,1444,187,484,256,484,625,2610
28378,3126,1477,161,556,156,574,631,2611
28355,3150,1522,147,729,88,571,682,2632
28333,3172,1547,315,494,162,544,628,2618
28311,3193,1536,104,440,145,430,636,2648
28289,3216,1556,270,564,115,455,618,2663
28266,3240,1646,275,712,129,679,651,2711
28244,3263,1624,252,422,125,448,664,2696
28221,3286,1593,287,779,133,364,608,2741
28197,3310,1618,461,469,142,607,591,2732
28173,3336,1605,384,603,125,390,542,2803
28149,3359,1650,288,477,188,308,559,2844
28125,3382,1758,272,409,114,416,526,2821
28102,3406,1702,226,674,177,520,530,2827
28079,3428,1680,269,453,119,572,529,2872
28057,3450,1742,343,348,47,537,556,2900
28033,3473,1709,238,225,96,485,464,2877
28008,3496,1695,397,695,127,522,603,2963
27984,3520,1716,207,344,369,487,541,3016
27960,3543,1725,161,738,290,505,527,3006
27936,3566,1755,340,462,358,639,528,3046
27910,3590,1764,201,468,362,447,487,3077
27886,3613,1486,258,692,448,478,509,3057
27863,3637,311,191,490,406,409,502,3148
27839,3659,363,74,525,391,446,531,3135
27816,3682,166,103,855,416,362,532,3185
27791,3706,167,209,606,431,259,551,3258
27767,3727,125,226,599,381,387,468,3392
27744,3749,224,221,619,476,428,457,3326
27709,3789,234,426,588,454,268,398,3361
27708,3793,319,210,606,526,195,461,3396
27708,3793,213,226,461,486,98,508,3368
27710,3793,213,231,278,529,37,462,3378
27707,3784,213,231,278,529,37,462,3378
27707,3782,191,157,586,444,338,459,3384
27707,3782,96,195,619,470,410,532,3347
27707,3782,187,89,593,431,405,467,3380
27707,3782,223,117,480,428,495,469,3367
27707,3782,251,88,723,418,273,467,3362
27707,3782,241,88,723,418,273,467,3362
27697,3790,241,120,639,410,310,480,3338
27679,3808,346,106,518,498,236,510,3315
27654,3837,200,248,576,459,285,497,3352
27627,3866,200,96,608,476,88,435,3377
27601,3894,117,160,508,523,49,474,3419
27577,3918,117,128,537,458,142,415,3426
27554,3941,255,162,284,466,174,362,3455
27529,3965,163,203,458,463,240,427,3467
27505,3991,163,193,301,544,141,392,3511
27482,4014,159,254,343,528,209,375,3520
27458,4038,161,539,288,485,198,462,2673
27433,4063,184,250,208,486,146,373,366
27409,4089,49,167,302,631,144,427,896
27385,4113,413,101,307,563,116,420,831
27361,4137,413,91,270,587,60,408,713
27337,4161,159,127,332,595,157,451,691
27303,4195,197,289,328,613,232,439,519
27300,4195,144,107,365,622,183,412,544
27300,4195,365,177,273,546,231,457,600
27311,4210,365,126,345,608,155,429,581
27331,4230,232,190,394,601,186,445,583
27349,4247,165,126,443,588,373,391,970
27365,4269,239,95,428,625,268,356,889
27382,4284,470,342,318,470,317,378,1164
27399,4303,513,229,280,234,386,347,1537
27415,4323,450,295,177,262,428,282,1969
27432,4340,503,348,323,154,469,372,2446
27449,4360,405,374,286,223,424,194,2514
27463,4377,468,415,455,295,499,403,2227
27485,4394,503,423,399,197,585,483,1908
27504,4411,532,460,390,196,520,346,1630
27523,4430,590,474,467,384,580,349,1393
27541,4447,1089,518,497,337,670,293,1211
27552,4459,1089,493,546,274,963,309,1054
27553,4459,1650,521,539,371,457,386,1006
27553,4459,1650,493,438,219,680,301,859
27537,4473,1552,451,494,303,540,193,889
27515,4496,1596,544,615,387,507,280,948
27493,4521,1654,549,527,225,298,157,965
27471,4546,1672,532,526,379,119,275,1031
27449,4571,1672,538,483,301,157,487,1062
27425,4596,1570,471,542,302,196,290,1145
27402,4623,1506,542,527,392,266,392,1233
27379,4649,1550,496,536,441,341,389,1356
27356,4673,1510,575,569,442,259,288,1584
27333,4696,1468,548,558,406,234,434,2041
27311,4719,1485,572,549,382,258,585,3224
27288,4743,1489,629,617,437,277,572,4063
27263,4766,1419,569,622,456,317,500,4059
27239,4791,1432,601,639,384,226,429,4060
27216,4816,1379,709,658,456,208,582,4058
27192,4841,1356,607,675,473,363,345,4062
27167,4864,1374,663,644,477,238,558,4057
27143,4888,1264,673,631,473,281,407,4055
27120,4911,1216,634,744,480,170,467,4052
27097,4934,1244,707,658,472,157,490,4059
27073,4956,1183,697,690,570,165,528,3957
27049,4978,1195,744,688,508,202,527,3814
27026,5001,1151,717,719,590,146,463,3769
27002,5025,1134,745,719,548,184,443,3590
26978,5047,1095,738,742,516,93,591,3553
26956,5069,1148,755,832,553,122,474,3461
26934,5093,1040,819,786,603,238,663,3322
26913,5115,1063,811,776,596,193,472,3237
26889,5138,1097,845,798,615,287,545,3149
26866,5160,1045,883,810,591,293,550,3101
26844,5182,1075,884,856,620,294,534,3046
26821,5204,1044,862,852,687,411,441,2979
26799,5227,995,944,855,708,370,509,2874
26776,5248,996,1002,907,735,318,499,2787
26754,5269,983,970,1063,707,376,398,2899
26731,5294,981,1062,981,783,373,569,2717
26709,5316,1011,1052,1036,711,298,617,2691
26685,5340,1076,1136,1083,818,402,415,2648
26660,5366,1141,1148,1124,797,329,476,2601
26637,5392,1141,1261,1241,880,277,550,2607
26613,5414,1243,1310,1228,963,282,476,2477
26589,5437,1261,1457,1290,907,366,314,2428
26566,5460,1278,1478,1469,947,365,496,2427
26543,5482,1502,1531,1558,1053,313,394,2403
26519,5505,1605,1698,1592,1128,251,483,2313
26494,5530,1605,1819,1706,1124,308,450,2261
26470,5554,1716,2031,1890,1240,318,426,2233
26452,5578,1906,2174,2005,1322,276,618,2182
26440,5590,2081,2511,2268,1448,318,721,2125
26437,5591,2266,2633,2381,1507,294,644,2119
26429,5585,2245,2722,2417,1557,279,604,2152
26409,5562,2245,2683,2371,1545,288,408,2159
26390,5546,2514,2680,2182,1241,284,544,2030
26370,5529,2590,2683,2008,1076,187,367,1911
26353,5511,2713,2578,1775,876,281,471,1789
26335,5494,2713,2432,1607,710,291,1023,1693
26313,5477,2756,2267,1329,658,130,1254,1551
26296,5462,2742,2050,1178,483,469,1482,1676
26278,5443,2713,1887,970,361,584,1683,1408
26261,5425,2326,1668,804,341,727,1978,1419
26244,5406,2326,1525,713,221,464,2410,1614
26225,5388,2155,1232,509,347,297,2554,1649
26208,5371,1954,1080,359,276,335,2907,1773
26191,5354,1732,867,388,283,247,3127,1811
26184,5337,1381,772,370,186,135,3355,1843
26184,5334,1381,530,383,142,237,3498,1882
26184,5334,1346,580,322,231,217,3594,1892
26174,5342,1346,585,379,124,216,3577,1872
26156,5363,1248,632,214,240,104,3573,1858
26132,5392,1377,600,372,159,107,3124,1895
26106,5415,1377,617,286,271,207,2741,1946
26083,5437,1386,543,229,181,251,2361,1934
26060,5459,1415,557,173,187,251,2161,1987
26037,5481,1405,646,284,135,176,1961,2022
26013,5505,1418,598,395,88,250,1771,2020
25989,5529,1437,686,361,172,199,1751,2062
25966,5553,1468,659,381,170,187,1565,2124
25941,5578,1487,677,359,156,135,1475,2125
25915,5602,1536,596,422,227,227,1375,2188
25891,5626,1493,665,426,266,155,1296,2264
25867,5649,1538,665,313,284,238,1266,2222
25843,5672,1544,619,227,308,231,1238,2250
25820,5695,1544,631,288,288,139,1111,2288
25797,5716,1579,565,316,251,120,1000,2345
25785,5726,1617,651,449,307,95,1023,2403
25780,5726,1619,682,339,237,235,1002,2358
25781,5726,1694,603,305,314,230,1011,2395
25781,5723,1694,622,432,249,233,987,2390
25781,5723,1510,571,421,145,188,1000,2438
25781,5723,1538,653,296,148,132,1072,2442
25781,5723,1513,635,335,273,172,1002,2419
25781,5723,1563,557,362,312,148,1011,2440
25774,5728,1563,565,431,371,160,987,2378
25755,5747,1489,597,408,299,255,953,2466
25731,5776,1546,629,322,150,209,998,2471
25705,5802,1564,669,343,237,221,948,2433
25679,5827,1663,624,344,300,262,876,2477
25654,5852,1667,648,379,240,307,882,2533
25629,5877,1687,696,459,234,327,844,2580
25606,5899,1697,666,437,194,316,899,2635
25582,5922,1708,636,507,293,285,748,2693
25557,5946,1699,671,415,383,347,732,2683
25533,5969,1750,689,375,360,268,726,2707
25509,5991,1794,681,359,327,244,724,2775
25485,6014,1757,658,437,518,265,725,2830
25461,6038,1810,687,423,283,319,689,2856
25438,6064,1810,638,389,368,418,672,2878
25415,6089,1891,687,466,376,378,701,2972
25392,6115,1927,747,452,380,391,678,2982
25368,6141,1943,769,480,389,337,671,3081
25344,6166,1997,779,448,581,303,669,3046
25322,6187,2048,809,484,406,291,624,3126
25303,6211,2130,809,439,560,313,637,3183
25298,6223,2128,838,512,422,468,628,3247
25299,6224,2290,992,437,390,473,742,3291
25299,6224,2290,992,437,390,473,742,3291
25281,6208,2316,747,355,448,550,621,3198
25256,6190,2245,792,532,441,353,681,3324
25238,6169,1502,426,500,363,288,636,3230
25227,6152,1260,404,477,373,142,675,3235
25222,6150,958,450,447,355,203,630,3080
25222,6150,876,402,551,444,167,553,3130
25213,6164,890,384,485,378,138,525,3091
25191,6185,915,450,478,396,222,605,3049
25165,6207,866,407,472,384,91,523,2997
25140,6231,805,495,503,350,93,537,2871
25115,6256,805,434,470,386,147,574,2773
25090,6280,793,476,474,444,170,505,2683
25065,6304,738,403,487,473,208,559,2645
25041,6330,837,483,484,419,212,568,2539
25015,6355,758,471,514,479,194,556,2476
24991,6379,769,452,467,490,169,525,2400
24978,6396,723,465,523,475,100,573,2363
24985,6410,756,468,485,435,100,573,2281
25006,6430,903,527,513,447,226,564,2341
25011,6437,903,516,532,448,309,572,2414
25011,6437,1082,539,532,443,381,575,2434
25011,6437,1082,517,541,402,290,581,2451
24994,6452,1137,540,577,462,273,557,2442
24972,6476,1113,539,516,471,339,612,2422
24949,6502,1113,537,607,514,334,583,2471
24924,6529,1085,575,584,509,363,532,2438
24898,6554,1164,534,588,523,448,527,2437
24875,6577,1198,551,565,473,399,521,2443
24803,6650,1192,589,589,481,419,506,2406
24780,6673,1153,668,675,567,363,547,2429
24756,6697,1143,590,640,496,458,549,2439
24732,6720,1184,725,603,561,375,540,2364
24709,6743,1184,546,626,635,347,487,2383
24687,6767,1135,651,618,576,494,500,2412
24665,6791,1198,662,664,582,445,533,2390
24641,6817,1211,673,691,519,334,473,2454
24617,6842,1189,712,703,520,412,514,2400
24593,6868,1211,669,689,589,400,450,2411
24570,6895,1239,688,785,624,523,467,2425
24548,6920,1253,630,746,600,625,433,2405
24525,6942,1248,681,789,657,525,404,2431
24502,6966,1237,677,775,727,536,424,2392
24479,6991,1305,727,804,642,469,434,2383
24455,7016,1305,752,813,687,420,453,2365
24431,7041,1325,790,860,705,429,470,2356
24406,7066,1342,806,878,728,375,440,2437
24382,7092,1320,773,895,733,214,412,2411
24358,7117,1329,840,986,754,51,403,2475
24333,7141,1329,886,1007,844,99,412,2472
24309,7166,1341,873,1038,815,248,454,2445
24285,7189,1344,935,1013,831,386,381,2426
24261,7212,1379,978,1051,940,445,428,2485
24236,7237,1403,1042,1076,900,408,434,2480
24211,7261,1374,1074,1138,1044,393,415,2507
24186,7286,1408,1083,1210,1047,469,378,2540
24161,7310,1377,1147,1281,1068,472,330,2537
24136,7334,1406,1208,1423,1161,492,380,2620
24112,7359,1382,1288,1425,1145,485,396,2543
24087,7384,1378,1377,1519,1097,476,356,2593
24063,7407,1475,1486,1622,1140,492,409,2588
24038,7431,1467,1601,1747,1290,474,374,2630
24015,7455,1439,1767,1927,1460,511,423,2633
23990,7479,1474,1895,2047,1487,542,325,2609
23967,7501,1521,2042,2379,1709,524,296,2697
23944,7525,1650,2245,2530,1751,503,459,2631
23921,7550,1967,2380,2847,2041,568,339,2650
23902,7572,1967,2689,3110,2222,534,382,2645
23890,7583,2227,3169,3595,2545,541,455,2634
23889,7585,2391,3521,3873,2745,560,354,2681
23890,7585,2391,3521,3873,2745,560,354,2681
23877,7573,2419,3524,3911,2786,590,369,2706
23859,7551,2429,3569,3455,2626,536,424,2709
23841,7535,2784,3727,3532,2218,480,398,2626
23825,7519,3052,3802,3310,1951,508,1058,2576
23808,7502,3298,3815,3045,1650,429,688,2517
23791,7485,3522,3745,2716,1549,362,631,2361
23773,7468,3777,3366,2412,1261,332,869,2281
23754,7450,3791,3460,2129,970,277,1032,2057
23737,7434,3906,3234,1814,760,162,1291,1878
23719,7417,3775,2968,1572,698,435,1493,1869
23701,7397,3212,2593,1422,688,545,1883,1845
23681,7379,3485,2255,1163,688,249,2177,1707
23664,7360,3242,1947,803,627,283,2608,1830
23646,7343,3002,1651,928,589,238,3001,1976
23627,7325,2588,1509,715,595,254,3406,2087
23614,7309,2290,1158,675,390,426,3706,2233
23611,7307,1988,956,684,209,338,3951,2360
23611,7307,1898,857,635,214,312,4002,2330
23611,7307,1885,908,666,226,315,4006,2330
23611,7307,1893,886,696,174,349,4011,2358
23611,7307,1910,889,620,153,312,4003,2337
23602,7300,1910,878,642,143,389,3994,2333
23583,7273,1508,884,616,199,403,4011,2321
23570,7260,1508,884,616,199,403,4011,2321
23570,7260,1535,657,615,317,477,4059,2165
23570,7260,1469,682,616,362,487,4064,2172
23550,7278,1468,669,592,259,465,4065,2218
23526,7300,1483,629,684,232,486,4067,2077
23500,7326,1422,720,595,263,494,3535,2055
23473,7351,1379,771,610,195,477,3019,2133
23448,7376,1369,743,650,275,472,2636,2169
23428,7390,1343,718,749,251,495,2285,2190
23415,7393,1244,812,653,304,454,2128,2263
23412,7393,1244,741,632,448,462,2024,2283
23402,7376,1048,735,719,218,505,2103,2266
23401,7361,1048,794,570,446,537,2248,2360
23401,7359,957,786,198,152,470,2266,2273
23401,7359,911,733,291,381,495,2278,2295
23397,7362,848,649,226,373,407,2233,2359
23378,7383,843,737,369,273,418,2262,2333
23354,7409,905,726,374,455,452,2134,2320
23329,7434,956,765,273,330,444,1991,2272
23302,7458,956,753,499,644,531,1796,2310
23277,7481,977,838,424,500,525,1778,2211
23253,7505,1002,815,428,322,530,1565,2137
23226,7529,1002,845,354,310,566,1498,2148
23201,7555,1030,865,494,252,554,1388,2149
23179,7580,964,875,475,415,514,1303,2094
23169,7597,1070,873,523,329,554,1281,2157
23165,7605,1070,949,635,344,570,1278,2002
23165,7605,1070,949,635,344,570,1278,2002
23185,7626,1089,956,691,148,573,1254,2011
23197,7642,1056,987,770,449,398,1151,1987
23199,7643,1201,1055,882,392,349,1154,2070
23199,7643,1208,983,905,395,363,1075,2165
23199,7643,1236,1007,911,387,318,1116,2195
23183,7663,1236,977,823,332,320,1114,2166
23156,7685,1221,1023,867,325,365,1064,2209
23132,7708,1194,1014,926,281,387,1047,2228
23109,7733,1194,1111,969,405,336,966,2198
23086,7759,1197,1176,954,394,399,975,2229
23063,7785,1137,1229,983,332,345,932,2268
23041,7810,1127,1316,1065,392,382,957,2335
23017,7837,1230,1392,1069,417,302,889,2404
22994,7862,1436,1511,1221,428,305,899,2473
22971,7887,1436,1532,1225,533,413,800,2377
22948,7912,1405,1602,1319,423,432,785,2390
22923,7936,1398,1763,1451,503,475,766,2455
22899,7958,1759,1954,1599,477,509,760,2434
22876,7982,2097,2095,1619,684,370,747,2461
22852,8007,2281,2328,1780,905,363,723,2496
22827,8032,2498,2609,1947,1102,298,717,2489
22804,8055,2862,3016,2206,1159,234,728,2591
22781,8079,3194,3297,2468,1292,322,702,2663
22762,8103,3194,4009,2719,1311,292,667,2614
22750,8114,4054,4057,3191,1561,312,657,2673
22745,8115,4054,4059,3522,1634,394,631,2596
22745,8114,4054,4057,3567,1636,291,659,2603
22709,8082,4074,4059,3277,1499,245,684,2657
22689,8063,4054,4056,2737,836,332,730,2406
22671,8045,4057,4059,2266,475,333,709,2444
22653,8025,4052,4019,1916,490,406,705,2289
22633,8007,4053,3492,1438,314,493,1167,2224
22616,7990,4053,3031,800,168,334,1136,2121
22599,7973,4054,2502,492,570,278,976,1911
22585,7958,3492,2069,495,545,426,1159,2001
22583,7955,3492,1736,564,409,530,1451,2756
22583,7954,3392,1646,468,117,467,1488,2791
22583,7954,3402,1608,385,229,471,1474,2785
22583,7954,3402,1623,436,226,481,1496,2740
22571,7973,3392,1632,554,227,427,1495,2761
22548,7994,3365,1678,357,647,422,1451,2734
22522,8018,3625,1693,625,81,441,1391,2949
22496,8042,3827,1773,422,563,486,1347,3094
22472,8065,4055,1875,532,208,457,1212,3325
22448,8088,4053,1949,519,385,471,1187,3590
22427,8112,4054,2128,575,52,429,1073,3763
22416,8130,4053,2247,590,349,451,1095,3977
22416,8135,4053,2254,656,172,444,1003,3842
22416,8133,4053,2317,557,307,380,997,3753
22416,8133,4054,2292,584,199,418,1018,3783
22416,8133,4054,2319,593,348,457,1051,3766
22416,8133,4052,2309,589,316,450,1025,3769
22416,8133,4054,2282,621,323,405,999,3774
22416,8133,4054,2286,589,673,436,995,3776
22416,8133,4054,2307,607,262,435,1040,3781
22416,8133,4054,2297,641,517,436,1036,3803
22416,8133,4054,2313,603,172,486,1052,3800
22416,8133,4053,2299,583,308,382,978,3792
22416,8133,4054,2304,588,390,449,1034,3761
22416,8133,4054,2303,629,368,434,1050,3772
22416,8133,4054,2285,588,362,459,1011,3775
22416,8133,4055,2308,611,392,442,1028,3776
22416,8133,4054,2324,629,260,401,1022,3801
22416,8133,4054,2309,643,445,391,1034,3826
22416,8133,4053,2351,607,610,421,976,3768
22416,8133,4053,2335,639,362,462,1032,3795
22404,8120,4053,2305,576,165,446,1009,3802
22385,8098,4053,2186,659,146,422,1045,3961
22368,8083,4053,700,352,252,485,1234,4056
22349,8063,3523,501,459,132,459,1444,4073
22338,8048,2719,530,1099,287,508,1612,4053
22338,8046,2165,526,351,323,502,1703,4058
22338,8046,2102,562,518,358,512,1713,4062
22338,8046,2085,530,427,379,579,1687,4063
22338,8046,2118,537,650,303,564,1709,4062
22338,8046,2082,548,446,305,507,1729,4054
22338,8046,2094,548,446,305,507,1729,4054
22321,8028,2070,528,316,374,532,1750,4058
22305,8006,1827,515,290,380,535,1804,4059
22306,8003,554,281,458,344,526,1974,4065
22306,8003,580,312,414,384,534,2022,4066
22306,8003,517,228,491,368,630,2049,4068
22297,8010,517,410,662,326,598,2078,4059
22281,8034,578,279,446,357,511,2046,4052
22260,8058,573,429,531,306,611,1884,4064
22235,8082,573,366,545,402,615,1736,4029
22212,8105,563,353,514,375,545,1617,3966
22162,8151,587,384,276,371,588,1422,3762
22138,8174,692,337,622,418,547,1400,3638
22114,8196,647,168,444,393,626,1276,3534
22090,8218,674,253,646,363,597,1184,3457
22066,8241,708,395,229,354,507,1220,3356
22043,8263,701,204,493,370,487,1100,3334
22019,8287,723,188,607,350,534,1015,3171
21994,8312,753,233,478,403,512,1002,3093
21969,8337,751,277,505,391,506,960,3018
21945,8362,853,138,454,420,531,900,2901
21921,8388,823,219,609,357,504,921,2833
21895,8413,823,146,320,385,492,887,2753
21871,8437,817,171,467,376,514,850,2609
21848,8459,897,338,596,421,485,862,164
21824,8483,955,236,488,412,520,784,12
21800,8507,932,193,273,368,501,753,216
21776,8530,968,241,601,386,535,777,373
21752,8554,965,319,471,414,527,787,193
21728,8580,1028,288,251,347,474,717,424
21704,8606,1035,389,155,409,565,702,346
21681,8630,1034,389,155,409,565,702,346
21659,8653,1027,194,349,432,556,664,339
21636,8676,1054,102,263,438,476,609,459
21613,8699,760,49,450,412,479,635,375
21590,8722,729,198,146,403,505,619,462
21567,8745,541,187,210,420,469,607,68
21545,8770,554,278,168,411,439,619,520
21522,8794,442,235,212,409,442,569,463
21498,8817,670,228,171,419,426,596,800
21476,8841,623,246,152,459,493,552,545
21453,8865,407,80,496,450,502,496,818
21429,8889,461,209,109,412,421,539,1109
21404,8912,484,211,312,418,480,504,1021
21381,8935,301,221,447,473,467,532,1198
21358,8958,379,202,379,460,445,530,1084
21334,8980,452,65,162,457,484,539,1257
21311,9002,267,228,507,452,432,448,1144
21287,9026,279,117,140,456,451,483,990
21262,9050,437,201,132,522,437,500,1050
21237,9076,336,188,56,449,475,454,1149
21212,9102,438,213,166,505,482,521,1248
21188,9129,554,256,111,529,474,399,1418
21161,9155,362,85,127,558,442,485,1491
21141,9175,362,94,192,499,435,478,1723
21131,9186,223,130,216,524,442,474,2216
21159,9206,223,230,195,519,474,538,2228
21179,9222,295,172,364,291,451,541,1617
21180,9223,740,464,103,270,486,485,1395
21180,9223,894,617,128,296,462,575,1526
21178,9225,894,654,414,225,473,535,1459
21160,9245,854,662,194,343,496,530,1626
21137,9269,921,372,273,235,473,396,1330
21113,9294,836,699,169,177,502,521,1413
21090,9320,721,339,150,212,447,486,1791
21066,9346,661,632,145,170,451,410,2092
21041,9371,552,403,437,225,381,456,2475
21017,9396,460,393,106,139,335,407,2269
20993,9422,541,457,183,151,350,443,2162
20969,9446,446,392,103,93,336,414,2138
20946,9470,353,407,189,232,453,501,2130
20924,9493,242,533,205,100,485,538,2026
20901,9517,411,310,169,44,729,372,1994
20877,9542,242,229,203,41,752,448,1907
20853,9565,242,423,217,80,757,458,1783
20831,9590,192,195,220,135,728,430,1921
20809,9614,313,279,122,102,845,522,1864
20785,9639,343,244,367,98,679,543,1878
20763,9662,282,256,194,157,567,372,1838
20741,9685,216,343,213,122,579,593,1936
20717,9709,232,376,238,241,530,509,1807
20694,9732,340,329,195,182,473,518,1870
20669,9754,340,299,232,161,476,536,1804
20646,9779,284,337,240,80,494,531,1861
20621,9805,103,383,202,113,463,525,1900
20598,9829,295,314,218,114,470,592,1836
20573,9854,224,624,215,143,466,678,1808
20550,9881,249,553,265,173,444,570,1834
20525,9908,249,380,245,118,362,659,1848
20499,9932,58,392,316,142,401,623,1875
20482,9950,294,222,277,212,432,579,1857
20475,9953,184,382,248,378,421,627,1826
20483,9966,184,242,282,156,433,499,1835
20518,9986,235,297,331,137,478,637,1865
20550,10016,811,160,218,44,620,356,1919
20543,10021,811,236,538,153,579,414,1872
20521,10042,893,261,713,226,558,415,1871
20499,10065,882,141,420,133,602,390,1910
20475,10093,884,197,358,198,555,469,1982
20451,10120,884,157,329,246,546,306,1975
20427,10145,922,73,496,192,566,405,1953
20402,10170,896,144,426,183,546,383,2043
20377,10195,891,292,480,183,514,388,2058
20354,10220,891,217,400,320,520,367,2223
20331,10244,922,265,367,307,551,540,2182
20307,10269,855,259,414,205,567,395,2264
20282,10295,869,216,265,254,467,393,2037
20258,10320,897,326,340,235,482,347,1785
20235,10344,922,122,357,374,593,345,1854
20211,10369,871,153,497,306,433,321,1761
20189,10393,1001,409,432,402,454,433,1243
20166,10417,922,451,332,291,405,366,1132
20144,10441,926,249,502,281,545,267,1231
20121,10466,722,174,482,290,464,391,1277
20097,10490,551,70,253,213,381,407,1363
20074,10512,484,195,333,356,347,296,1322
20052,10536,405,83,367,359,384,373,1342
20030,10561,356,100,237,311,362,261,1335
20007,10585,379,304,423,282,339,459,1386
19984,10612,323,171,374,332,210,278,1461
19961,10639,364,305,382,302,178,357,1415
19937,10666,291,303,332,387,234,354,1510
19913,10689,383,363,368,193,330,400,1462
19888,10713,416,355,272,397,400,394,1497
19865,10738,363,265,418,331,463,364,1565
19841,10763,405,284,433,248,468,364,1604
19817,10787,411,368,416,346,492,463,1607
19794,10812,407,330,314,305,501,432,1730
19769,10838,399,339,283,266,547,376,1708
19744,10864,434,230,487,425,504,339,1768
19719,10889,404,379,436,363,507,316,1856
19695,10913,390,336,385,286,559,318,1850
19671,10937,465,324,437,215,555,335,1943
19646,10960,510,378,286,203,536,415,1938
19621,10983,461,219,231,261,493,306,2052
19598,11008,501,365,237,288,450,352,2027
19574,11032,488,262,453,352,510,251,1279
19549,11057,528,288,331,379,455,218,1419
19524,11081,520,405,376,316,452,236,1853
19501,11106,520,490,306,374,479,307,1836
19477,11131,531,539,368,292,438,293,1388
19453,11155,531,685,461,388,359,238,1634
19431,11178,462,458,412,316,343,344,1989
19417,11198,462,458,412,316,343,344,1989
19411,11205,532,408,486,312,291,296,2589
19411,11205,595,346,274,310,341,426,2290
19402,11194,595,504,302,269,381,234,2449
19381,11174,597,439,397,378,371,318,2065
19370,11165,597,177,299,364,555,380,1526
19371,11165,544,153,443,307,585,329,1432
19371,11165,540,180,339,376,528,382,1431
19371,11165,471,233,403,362,565,319,1442
19394,11186,519,198,298,390,612,345,1461
19415,11206,490,152,457,380,554,225,1558
19431,11223,550,457,171,311,375,368,2200
19452,11242,536,468,298,239,340,327,2201
19472,11258,597,440,333,273,321,301,1696
19492,11278,736,588,261,290,402,393,1826
19510,11299,1089,506,388,302,362,400,1356
19517,11309,1089,529,659,272,350,421,1620
19517,11309,1267,543,572,317,338,371,1566
19517,11309,1298,543,572,317,338,371,1566
19511,11318,1298,556,611,254,356,283,1636
19490,11338,1295,489,628,234,346,260,1692
19465,11365,1344,552,564,138,321,381,1595
19442,11392,1329,532,634,228,337,429,1506
19421,11419,1400,564,603,388,360,507,1456
19400,11444,1462,644,609,215,313,600,1315
19378,11468,1524,606,741,169,355,693,1693
19355,11493,1524,589,678,104,343,716,2306
19332,11519,1615,556,693,220,337,570,2319
19320,11537,1615,572,641,306,372,622,2370
19315,11539,1661,626,715,130,342,525,2437
19316,11539,1661,626,715,130,342,525,2437
19300,11523,1719,623,664,210,360,555,2444
19283,11508,1442,609,703,154,396,462,2362
19282,11507,1078,646,662,406,320,581,2244
19282,11507,986,643,706,259,345,463,2253
19282,11507,998,629,655,275,340,434,2228
19277,11510,998,629,655,275,340,434,2228
19262,11529,988,632,682,270,350,411,2300
19240,11553,1057,625,624,85,261,501,2247
19216,11581,1001,717,703,343,348,468,2270
19191,11607,1060,663,757,280,349,486,2284
19165,11632,1060,705,759,228,364,355,2265
19141,11656,1013,771,777,240,349,440,2331
19117,11681,1094,737,819,272,323,348,2298
19093,11704,1046,747,816,181,371,335,2297
19068,11728,1058,776,820,215,348,376,2301
19045,11752,1028,798,819,168,338,408,2273
19020,11778,1041,840,852,318,338,410,2347
18995,11802,998,837,953,356,358,339,2347
18970,11826,1025,923,910,237,413,382,2333
18946,11850,1025,953,974,316,382,286,2374
18922,11876,1042,967,892,229,309,323,2367
18897,11900,1047,987,901,305,302,327,2435
18873,11924,1031,1043,951,260,370,217,2449
18850,11949,980,1055,977,317,296,405,2416
18826,11972,1088,1204,1098,272,309,489,2360
18802,11995,1058,1190,1218,284,343,364,2154
18778,12018,1061,1272,1329,302,418,493,1992
18755,12042,1178,1353,1464,377,360,255,2011
18732,12068,1148,1414,1542,409,390,349,1986
18706,12093,1260,1522,1611,431,371,452,1998
18682,12121,1370,1665,1692,732,323,368,2008
18660,12148,1450,1789,1887,1232,365,214,2003
18637,12174,1511,1986,2010,1559,457,273,2034
18614,12199,1656,2117,2166,1723,387,232,1989
18597,12219,1741,2420,2328,1953,324,284,2006
18593,12225,1937,2644,2609,2133,387,347,2051
18593,12225,2016,2851,3101,2304,359,228,2026
18593,12225,2063,2860,2962,2257,361,373,2020
18593,12225,1995,2860,2962,2257,361,373,2020
18573,12203,1974,2732,2738,2152,236,399,2016
18553,12185,2166,2883,2512,1919,280,261,1995
18538,12167,2411,2985,2288,708,330,363,1951
18519,12147,2587,2971,2427,234,362,372,1921
18503,12131,2740,2826,2189,358,291,401,1789
18486,12114,2900,2557,2012,183,277,310,1756
18470,12097,2960,2322,1438,499,381,581,1675
18453,12079,2931,2220,376,476,265,953,1534
18435,12061,2606,2441,300,528,258,1280,1497
18417,12043,2606,2122,284,385,250,1505,1597
18400,12026,2448,1931,371,323,545,1833,1103
18382,12008,2274,898,526,406,237,2183,1549
18365,11990,2395,280,517,351,273,2587,1655
18347,11972,1968,248,486,410,289,2056,1801
18329,11955,1968,56,387,371,281,2216,1881
18312,11937,1268,148,284,191,320,2362,1939
18294,11920,161,446,383,276,298,2485,1968
18289,11910,161,330,505,183,222,2656,2064
18290,11910,51,313,417,154,277,2724,2016
18290,11910,164,225,395,242,253,2663,1964
18290,11910,329,353,377,208,284,2683,1958
18290,11910,329,353,377,208,284,2683,1958
18267,11925,188,423,375,273,302,2758,1988
18247,11950,110,306,432,206,217,2640,1975
18222,11973,283,377,411,277,167,2282,1950
18197,11996,310,414,362,228,197,2152,2045
18172,12018,310,539,278,148,186,1898,2040
18146,12043,183,254,461,244,277,1761,2109
18120,12069,219,388,354,262,225,1644,2076
18096,12094,207,361,390,271,339,1575,2058
18071,12120,207,399,454,275,275,1444,2102
18047,12147,395,427,418,291,259,1365,2121
18022,12173,240,363,441,286,225,1304,2147
17998,12197,157,372,420,269,315,1279,2264
17974,12221,172,387,418,273,256,1120,2172
17949,12247,254,289,528,264,288,1129,2272
17925,12273,254,294,502,268,217,1067,2196
17902,12298,290,449,471,202,201,1070,1728
17879,12323,318,615,546,301,277,1040,273
17855,12349,478,558,475,307,284,945,41
17832,12375,592,453,508,353,327,936,441
17809,12399,592,375,518,357,234,893,307
17787,12423,595,381,507,341,298,869,520
17764,12447,708,278,470,362,241,893,608
17741,12470,690,458,532,377,305,834,293
17727,12490,662,438,509,384,281,805,619
17725,12497,662,474,469,316,267,790,407
17725,12497,769,573,481,354,327,776,706
17722,12492,790,566,470,395,276,794,231
17701,12469,682,496,473,399,180,853,793
17687,12456,809,416,507,362,250,830,622
17686,12454,789,389,441,383,258,852,666
17686,12454,853,425,458,250,264,922,612
17672,12469,800,347,561,306,173,753,497
17650,12491,824,476,499,281,270,804,808
17627,12515,832,432,508,301,209,816,529
17602,12540,832,407,541,388,248,772,734
17577,12564,858,407,498,298,309,728,646
17554,12588,843,384,500,414,234,737,461
17530,12612,913,429,471,378,284,746,576
17505,12637,836,510,470,367,217,760,532
17481,12660,902,480,515,329,339,705,706
17457,12684,815,393,537,404,238,670,514
17432,12707,815,470,513,362,204,658,611
17408,12732,829,449,523,330,251,689,521
17382,12754,819,452,555,435,267,650,679
17358,12779,905,489,491,389,272,689,828
17335,12803,858,480,526,441,263,620,588
17309,12828,858,489,502,468,238,583,680
17283,12853,857,511,627,449,255,621,818
17260,12879,805,581,597,461,259,641,855
17236,12906,828,516,625,467,361,556,656
17212,12931,881,530,593,466,264,586,554
17188,12955,772,544,614,457,278,521,492
17166,12979,870,509,623,487,292,587,539
17143,13003,862,579,611,504,288,559,258
17119,13028,887,515,570,558,291,562,582
17095,13052,906,558,617,514,349,555,554
17072,13078,850,658,620,525,339,580,704
17049,13105,877,532,647,521,337,541,645
17026,13129,865,558,664,552,313,500,768
17002,13154,865,611,667,763,347,512,638
16980,13177,921,584,661,578,313,478,684
16957,13202,864,629,705,615,342,534,784
16933,13224,816,638,752,627,333,511,1167
16909,13247,894,656,694,565,335,553,1648
16884,13272,921,704,667,685,305,502,2019
16861,13297,948,657,768,616,296,473,1592
16836,13321,972,724,834,630,364,407,1563
16813,13345,1065,750,767,657,265,534,1562
16789,13370,1107,756,813,632,343,478,1551
16765,13394,1106,768,858,718,312,424,1596
16740,13418,1033,814,882,697,289,551,1600
16715,13441,1028,781,916,712,289,439,1641
16692,13465,1011,871,922,741,330,463,1614
16667,13489,1008,878,966,789,238,440,1611
16642,13513,949,945,1012,776,362,437,1645
16616,13538,941,948,1070,830,298,439,1661
16592,13563,941,1004,1092,848,265,347,1612
16568,13588,941,1019,1101,869,328,421,1586
16543,13614,874,1070,1135,899,307,360,1597
16518,13640,920,1101,1235,947,308,349,1660
16494,13668,920,1202,1259,1031,343,402,1642
16476,13688,1015,1239,1326,1112,310,378,1631
16468,13696,1030,1315,1428,1114,292,319,1658
16467,13696,1071,1370,1449,1144,343,380,1626
16468,13695,1084,1344,1441,1142,267,425,1635
16468,13695,1071,1350,1445,1181,247,428,1637
16456,13683,1071,1314,1489,1167,291,366,1669
16436,13662,1118,1414,1438,1145,281,443,1642
16421,13645,1163,1414,1438,1145,281,443,1642
16415,13642,1234,1417,1349,941,376,944,1577
16415,13642,1270,1395,1308,900,259,1236,1553
16414,13643,1270,1409,1299,886,289,1189,1536
16397,13662,1285,1436,1259,873,253,1256,1557
16373,13687,1341,1467,1363,890,242,1238,1544
16349,13712,1454,1534,1474,1007,276,1257,1510
16336,13725,1548,1697,1528,1055,294,1195,1468
16332,13728,1582,1770,1671,1084,263,1431,1467
16332,13728,1658,1826,1644,1091,261,1123,1447
16321,13718,1658,1780,1695,1120,299,1282,1531
16301,13695,1626,1797,1609,1077,346,760,1450
16286,13677,1709,1777,1458,918,227,612,1383
16259,13655,1812,1756,1326,777,305,804,1389
16248,13643,1812,1661,1256,607,211,598,1300
16247,13642,1815,1633,1085,604,230,548,1253
16240,13646,1829,1633,1085,604,230,548,1253
16222,13665,1850,1570,1121,522,268,631,1325
16201,13690,1996,1642,1158,577,241,672,1371
16176,13715,1996,1761,1213,664,140,400,1346
16151,13736,2118,1940,1267,700,133,498,1397
16126,13745,2531,2032,1299,742,286,535,1640
16094,13732,2634,2115,1237,569,368,123,1044
16077,13712,2634,2020,1117,361,675,170,1177
16053,13690,2466,1801,909,297,510,1021,1340
16036,13678,2349,1523,752,312,393,1098,1462
16034,13675,2221,1381,558,377,371,1274,1568
16034,13675,2149,1360,495,275,396,1264,1606
16034,13675,2189,1326,595,363,454,1291,1597
16034,13675,2149,1394,660,363,552,1315,1698
16032,13674,2149,1317,645,267,484,1234,1640
15983,13634,2013,1150,541,320,274,1375,1791
15963,13614,1752,972,401,374,312,1461,1816
15943,13595,1598,760,465,269,306,1538,1899
15928,13578,1297,552,408,319,333,1540,1907
15925,13572,1180,403,446,333,356,1605,1906
15925,13572,1018,302,378,402,391,1617,1880
15925,13572,1041,340,360,268,481,1650,1916
15925,13572,1086,309,508,317,423,1647,1940
15909,13587,1021,357,339,335,397,1620,1912
15882,13611,1108,267,271,357,331,1575,1835
15856,13639,1025,269,421,393,365,1476,1888
15839,13662,1098,335,375,295,320,1415,1888
15829,13672,1074,380,321,333,387,1299,1886
15828,13673,1074,370,375,329,352,1273,1886
15814,13661,1070,458,352,323,382,1286,1918
15802,13644,1026,314,310,106,382,1322,1887
15799,13642,850,344,418,358,470,1362,1882
15799,13642,832,273,358,462,490,1304,1839
15799,13642,832,335,314,511,432,1393,1843
15785,13657,876,390,339,444,524,1285,1838
15762,13680,835,304,386,328,494,1225,1828
15739,13706,783,267,467,568,468,1227,1867
15713,13732,864,160,375,360,510,1172,1837
15689,13757,891,199,313,457,494,1142,1850
15666,13782,858,302,411,284,411,1084,1811
15643,13806,801,288,261,398,367,1061,1789
15616,13831,776,317,327,357,337,1011,1814
15592,13858,823,349,436,401,449,949,1787
15568,13882,861,307,352,249,339,946,1750
15545,13908,839,347,367,226,353,942,1740
15523,13932,814,322,402,324,322,891,1740
15500,13956,846,348,411,215,411,863,1775
15477,13978,848,302,414,569,324,844,1765
15455,14002,793,342,351,280,325,868,1748
15431,14026,811,355,473,363,329,811,1727
15406,14051,825,386,374,189,342,814,1680
15382,14074,825,415,393,127,311,769,1716
15359,14098,829,357,435,273,337,769,1698
15335,14122,829,394,469,305,339,718,1688
15309,14147,857,357,423,238,289,756,1682
15286,14170,799,377,488,313,301,785,1707
15263,14194,792,426,469,606,224,714,1647
15238,14218,786,326,434,223,270,766,1746
15213,14240,812,376,481,267,296,633,1710
15190,14262,866,394,460,293,335,681,1632
15166,14286,777,392,315,236,273,704,1570
15141,14310,778,499,392,269,319,747,1694
15116,14335,829,471,447,216,320,651,1638
15092,14361,784,453,549,208,332,614,1678
15069,14388,737,380,434,354,297,621,1615
15044,14414,748,345,407,297,310,637,1570
15018,14439,871,409,535,334,307,600,1665
14995,14462,818,442,507,415,331,562,1623
14971,14487,842,407,483,338,352,558,1615
14946,14512,842,431,455,338,424,575,1558
14923,14536,785,491,536,362,393,567,1637
14901,14560,792,452,421,277,208,515,1552
14878,14585,825,452,498,387,226,552,1548
14854,14610,783,429,496,432,251,591,1587
14830,14635,783,445,490,371,261,529,1566
14808,14660,804,471,561,398,396,538,1565
14761,14707,815,545,485,448,204,580,1537
14738,14730,840,516,468,370,307,549,1514
14716,14753,811,458,513,461,291,463,1541
14693,14777,811,509,509,485,282,552,1510
14669,14803,806,467,504,423,155,495,1560
14644,14827,837,499,574,400,68,495,1542
14620,14851,827,519,558,443,57,531,1548
14597,14875,869,495,557,469,78,478,1585
14573,14899,808,527,581,441,121,469,1529
14549,14922,856,542,598,467,201,434,1559
14526,14944,861,580,551,518,213,406,1548
14502,14968,854,506,605,384,335,419,1529
14477,14991,825,554,527,445,402,402,1508
14453,15014,797,574,595,520,443,450,1517
14427,15037,812,599,578,479,560,433,1531
14402,15062,769,558,608,523,546,408,1533
14377,15087,769,558,608,523,546,408,1533
14352,15113,806,624,686,508,485,446,1532
14328,15139,790,626,619,533,514,385,1526
14303,15166,834,615,644,561,443,376,1462
14277,15190,808,679,696,543,385,418,1508
14253,15213,817,625,700,582,339,446,1524
14230,15237,815,625,744,580,375,421,1554
14206,15262,835,696,723,613,392,370,1525
14182,15287,846,620,765,604,460,402,1494
14159,15312,875,707,748,579,328,411,1524
14136,15337,859,780,754,607,397,364,1504
14112,15363,856,729,744,620,403,310,1488
14088,15387,917,790,786,646,377,349,1442
14065,15413,860,769,849,643,424,334,1485
14042,15437,817,853,859,640,358,375,1520
14019,15459,930,847,839,674,561,250,1472
13995,15482,921,793,946,728,538,239,1571
13973,15505,932,846,961,666,355,234,1468
13950,15529,868,961,945,745,399,417,1512
13926,15554,903,948,1009,819,367,395,1547
13901,15577,910,955,1106,826,370,265,1585
13877,15602,882,1004,1147,864,315,284,1596
13853,15626,893,1042,1043,870,337,324,1526
13829,15650,1004,1102,1225,890,271,353,1510
13805,15673,1009,1143,1201,947,290,256,1514
13782,15696,1054,1213,1281,1030,343,299,1555
13757,15720,1081,1285,1335,1084,362,286,1503
13733,15742,1086,1368,1487,1137,390,292,1543
13708,15765,1258,1444,1603,1198,363,265,1570
13684,15790,1216,1558,1633,1226,405,261,1517
13659,15814,1306,1685,1711,1294,593,332,1530
13633,15840,1422,1797,1932,1428,350,220,1577
13608,15865,1515,1992,2044,1612,474,323,1530
13585,15891,1670,2198,2354,1687,326,294,1558
13560,15917,2043,2413,2547,1896,321,211,1527
13543,15938,2298,2862,2996,2076,250,241,1502
13525,15937,2298,3571,3666,2490,465,306,1506
13505,15917,2463,3505,3648,2466,388,299,1579
13487,15899,2652,3610,3430,2135,383,319,1552
13470,15883,3017,3706,3102,1859,319,442,1487
13452,15865,3240,3701,2840,1624,300,318,1465
13435,15848,3514,3627,2544,1311,311,368,1349
13419,15830,3645,3438,2230,1107,211,532,1335
13402,15813,3682,3253,1959,870,168,755,1409
13385,15796,3594,3012,1755,793,97,804,1389
13366,15779,3666,2730,1450,535,268,969,1192
13349,15762,3503,2512,1292,335,340,1100,1502
13332,15745,3358,2192,1008,245,239,1196,1631
13312,15728,3139,1940,840,327,188,1418,1762
13295,15711,2550,1622,694,300,331,1542,1920
13279,15694,2550,1384,514,549,411,1660,2079
13261,15679,2294,1101,264,319,578,1746,2146
13244,15661,2005,1096,537,178,620,1900,2202
13227,15643,1807,781,703,278,569,1894,2288
13208,15624,1283,612,730,485,131,1871,2299
13191,15607,1283,246,458,512,334,1982,2277
13180,15591,1025,371,520,288,385,2120,2314
13179,15590,888,273,618,613,317,2101,2215
13179,15590,784,443,527,488,292,2073,2266
13179,15590,837,736,614,323,384,2155,2250
13153,15610,837,641,648,393,362,2145,2221
13130,15634,780,188,541,319,363,2038,2289
13106,15658,783,56,503,360,283,1890,2200
13081,15681,786,304,779,143,375,1760,2188
13056,15704,825,492,616,389,436,1683,2193
13031,15727,797,371,368,481,508,1568,2048
13006,15750,797,313,370,504,391,1448,2065
12981,15773,791,476,628,293,373,1442,1997
12955,15797,742,359,536,393,343,1372,2055
12930,15822,706,327,544,275,527,1262,1948
12904,15848,706,576,484,379,332,1185,1881
12878,15873,708,332,263,448,438,1175,1863
12853,15901,760,664,342,109,427,1078,1842
12829,15926,706,456,537,117,367,1089,1806
12805,15950,666,497,367,294,355,1009,1780
12781,15974,671,512,221,197,401,1008,1777
12757,15998,673,376,258,306,384,894,1727
12732,16023,727,439,273,399,207,920,1749
12708,16047,696,445,236,204,434,912,1705
12684,16072,624,419,202,169,393,926,1722
12661,16098,655,510,163,256,370,849,1716
12638,16124,572,441,216,193,349,818,1634
12614,16148,626,204,268,234,463,830,1605
12590,16173,626,214,228,317,352,811,1595
12567,16197,384,357,147,271,340,769,1589
12545,16221,327,439,218,244,290,749,1589
12522,16244,585,564,161,544,357,746,1528
12499,16268,258,178,298,248,281,741,1533
12476,16292,229,209,203,383,302,750,1579
12452,16317,299,21,312,223,223,674,1602
12429,16340,314,376,289,377,266,674,1513
12408,16364,206,506,276,290,237,707,1428
12396,16380,255,336,291,292,231,680,1475
12395,16383,255,360,404,250,241,670,1560
12412,16395,190,460,295,456,346,614,1449
12435,16413,270,460,295,456,346,614,1449
12444,16416,908,137,324,153,456,576,1512
12444,16416,967,231,302,178,629,635,1473
12442,16418,967,244,397,121,633,571,1569
12425,16434,959,145,414,78,477,594,1478
12402,16461,956,277,297,80,571,615,1502
12378,16486,983,218,851,91,381,555,1526
12355,16510,1038,225,493,113,471,544,1511
12332,16534,1000,221,521,120,480,575,1536
12308,16559,960,222,533,122,365,571,1563
12285,16583,1044,222,531,137,476,541,1606
12261,16610,1044,102,494,174,386,566,1587
12237,16636,1056,302,500,131,416,547,1595
12211,16664,1103,225,483,168,448,586,1573
12186,16690,1117,235,393,150,392,549,1614
12163,16713,1114,226,571,262,353,548,1686
12138,16738,919,229,323,303,672,508,1636
12113,16762,463,395,509,291,339,554,1708
12089,16787,365,335,399,427,389,524,1651
12065,16811,267,228,451,418,201,539,1795
12041,16837,280,479,76,421,79,545,1725
12016,16863,250,55,527,471,91,464,1707
11992,16888,301,69,301,423,177,509,1795
11968,16912,342,22,541,430,149,453,1803
11944,16937,228,406,238,504,157,487,1743
11921,16961,230,269,236,435,288,536,1809
11898,16983,163,78,225,472,66,460,1811
11876,17007,146,356,205,431,253,413,1821
11852,17032,292,120,309,456,306,531,1841
11827,17057,190,173,300,504,78,510,1925
11804,17079,206,273,326,466,132,429,1924
11782,17103,211,88,340,505,72,453,1997
11760,17128,211,251,390,471,134,281,1912
11737,17153,317,136,316,502,241,433,2019
11714,17176,256,174,360,463,178,439,2038
11691,17199,214,163,324,538,290,467,2041
11667,17222,321,172,320,506,268,428,2087
11642,17246,164,128,403,493,195,374,2183
11619,17269,313,262,296,477,168,420,2215
11595,17293,208,219,299,483,207,485,2272
11571,17315,267,154,332,506,215,399,2130
11544,17341,279,145,440,516,209,419,1463
11521,17367,279,85,382,537,209,424,1047
11496,17394,192,130,551,561,145,450,963
11470,17421,293,249,467,584,320,451,880
11444,17446,276,241,385,597,503,424,811
11420,17470,313,199,288,542,568,372,845
11396,17494,313,404,312,594,772,433,952
11376,17516,376,370,181,560,763,291,1101
11363,17524,376,455,364,536,849,461,1070
11381,17542,270,272,365,546,729,354,885
11402,17562,312,158,309,547,394,309,889
11418,17579,396,192,354,577,320,341,754
11434,17599,396,260,298,388,516,331,925
11452,17618,347,140,449,346,446,257,1152
11469,17635,476,271,272,299,554,271,1400
11487,17655,512,356,243,256,533,235,1678
11503,17673,489,445,351,243,640,256,1704
11520,17690,489,413,384,360,618,215,1589
11536,17706,512,340,382,222,644,560,1378
11553,17725,524,402,474,136,634,316,1265
11571,17741,539,590,501,283,584,338,1052
11586,17758,813,392,409,248,1061,287,953
11587,17764,813,503,472,196,622,294,882
11577,17778,1018,508,479,273,718,432,829
11554,17800,1018,452,397,257,660,516,867
11529,17826,993,478,578,418,616,325,952
11505,17851,911,552,476,413,301,342,998
11481,17877,911,480,558,245,70,369,1060
11456,17903,921,512,509,360,45,430,1022
11432,17927,918,491,534,327,208,375,1119
11409,17951,919,486,484,345,222,372,1177
11384,17975,931,537,512,445,277,322,1278
11359,17999,917,548,595,378,360,174,1575
11337,18022,917,572,567,365,356,419,1869
11313,18046,854,564,571,391,293,420,2546
11289,18071,862,562,562,340,200,428,2622
11263,18097,865,587,624,406,245,252,2583
11240,18122,867,579,620,501,208,308,2491
11216,18150,827,593,573,465,296,447,2429
11191,18177,840,600,620,443,264,630,2396
11169,18201,874,640,637,489,320,755,2357
11146,18224,888,640,613,443,425,522,2247
11124,18247,852,669,675,485,203,629,2300
11100,18273,817,694,738,465,240,799,2291
11076,18298,845,696,667,519,182,458,2208
11053,18323,801,655,698,527,122,499,2179
11030,18349,837,685,705,511,92,603,2162
11007,18374,825,725,736,553,235,737,2094
10984,18399,883,739,744,594,193,652,2059
10962,18423,905,738,755,561,248,682,2031
10939,18447,881,775,763,612,294,866,2080
10916,18470,848,785,768,634,291,799,1993
10891,18494,856,823,842,601,283,760,2080
10867,18517,862,874,837,599,359,808,1943
10843,18542,967,846,869,686,309,554,1921
10818,18566,855,886,871,648,293,642,1920
10794,18590,867,927,911,713,305,681,1940
10771,18614,935,964,934,740,288,686,1882
10747,18639,974,944,1025,735,308,670,1901
10722,18662,961,1051,1006,808,379,819,1859
10698,18686,1014,1118,1068,757,305,586,1846
10674,18710,1039,1112,1161,824,356,714,1826
10650,18733,1097,1238,1207,855,300,761,1807
10625,18755,1141,1287,1229,867,280,625,1783
10600,18778,1207,1367,1300,935,304,584,1768
10576,18802,1208,1459,1436,977,247,656,1804
10552,18827,1270,1581,1474,995,305,653,1741
10527,18852,1424,1606,1591,1097,303,616,1758
10487,18902,1797,1945,1897,1250,218,709,1757
10479,18915,1832,2150,2116,1400,245,699,1719
10479,18921,1832,2204,2175,1404,118,547,1744
10479,18922,1873,2213,2217,1509,75,471,1725
10479,18922,1835,2242,2169,1467,75,252,1673
10479,18922,1828,2218,2192,1552,81,559,1694
10479,18922,1882,2205,2192,1575,66,624,1696
10479,18922,1829,2211,2187,1529,76,527,1687
10479,18922,1833,2250,2200,1499,99,418,1706
10479,18922,1853,2212,2236,1555,58,484,1727
10469,18913,1831,2216,2168,1480,77,373,1658
10450,18895,1831,2231,2141,1480,158,507,1736
10427,18878,1973,2331,2036,1280,370,443,1664
10408,18859,2122,2260,1884,1164,329,342,1544
10389,18840,2282,2222,1742,1036,217,551,1533
10370,18822,2282,2130,1512,767,248,232,1447
10351,18806,2289,2145,1389,621,234,759,1406
10331,18788,2332,1950,1194,507,168,938,1331
10314,18770,2297,1746,1024,469,562,1174,1403
10301,18754,2232,1655,886,429,427,1378,1069
10298,18751,2134,1478,775,281,755,1538,1370
10294,18754,2104,1478,775,281,755,1538,1370
10275,18773,2052,1438,743,229,760,1520,1373
10250,18796,2139,1514,703,195,715,1513,1374
10225,18823,2205,1532,703,188,674,1449,1428
10200,18847,2554,1723,688,236,664,1378,1548
10176,18872,2554,1728,871,260,586,1243,1658
10150,18898,3116,1825,845,264,569,1183,1682
10125,18924,3116,2004,851,384,478,1177,1783
10112,18940,3799,2132,931,393,464,1080,1827
10108,18942,3799,2403,926,350,477,1101,1928
10085,18919,3914,2340,957,364,529,1067,1963
10060,18900,3141,1979,793,216,762,1078,2152
10041,18883,2710,1644,441,324,348,1228,2294
10023,18866,2710,1260,503,355,290,1287,2500
10002,18849,2399,1020,419,274,358,1314,2499
9985,18831,1687,818,383,284,116,1450,2592
9966,18813,1687,659,368,233,317,1319,2597
9952,18800,1377,403,400,224,227,1403,2616
9949,18799,1174,412,393,262,304,1556,2590
9947,18802,1083,373,441,300,331,1543,2636
9929,18821,1037,451,365,292,355,1526,2564
9903,18846,1076,304,374,225,210,1455,2620
9875,18874,1076,382,337,237,355,1393,2522
9849,18900,998,296,393,296,239,1256,2519
9824,18927,962,372,406,309,57,1250,2501
9805,18947,962,372,406,309,57,1250,2501
9793,18953,985,309,241,287,157,1084,2429
9803,18963,985,339,504,262,179,1088,2404
9831,18983,903,306,410,379,206,1108,2401
9850,18993,1295,535,386,326,227,1012,2509
9851,18993,1626,600,460,273,176,987,2557
9851,18993,1626,672,389,274,204,1029,2437
9833,19010,1597,653,391,254,100,1028,2449
9809,19034,1669,663,430,254,219,1019,2505
9783,19061,1696,734,274,165,220,1007,2481
9758,19088,1750,795,340,278,233,973,2516
9734,19114,1782,720,413,284,335,879,2590
9710,19140,1837,792,340,309,253,887,2620
9686,19166,1932,664,415,307,333,820,2698
9662,19191,1913,778,394,392,289,851,2718
9640,19215,1969,794,419,339,292,819,2795
9617,19238,2027,853,436,322,289,766,2835
9594,19262,2077,836,462,381,257,758,2951
9570,19286,2091,828,333,317,266,698,2947
9549,19312,2192,878,408,430,315,721,3047
9539,19326,2390,937,403,388,304,734,3105
9538,19328,2390,928,376,472,378,700,3160
9520,19306,2255,980,453,360,290,702,3176
9500,19284,2120,780,387,302,270,755,3221
9493,19281,1675,547,401,333,299,772,3198
9493,19281,1446,412,495,463,179,740,3180
9491,19282,1446,437,456,361,112,775,3164
9473,19301,1458,503,384,242,143,736,3184
9452,19326,1404,537,487,339,133,757,3159
9427,19350,1501,521,527,292,298,690,3211
9401,19374,1546,539,486,288,301,752,3187
9375,19398,1455,416,489,342,209,686,3212
9351,19422,1452,463,443,278,262,700,3147
9327,19446,1428,560,559,261,225,672,3204
9302,19468,1472,620,509,417,327,671,3178
9279,19492,1434,531,522,354,257,635,3084
9255,19516,1466,352,541,329,324,613,3112
9231,19538,1427,454,486,445,253,664,3130
9206,19562,1422,468,468,324,254,588,2981
9182,19587,1422,517,503,383,322,666,3077
9157,19613,1423,520,551,384,279,575,3061
9133,19639,1401,481,501,341,203,551,3044
9107,19666,1490,525,546,417,268,565,3073
9082,19692,1440,505,574,391,375,555,3063
9059,19715,1435,543,530,402,326,551,3036
9035,19739,1402,607,543,492,342,631,3053
9009,19766,1414,558,549,495,415,547,2973
8985,19790,1485,534,613,460,352,514,3063
8961,19814,1437,550,550,499,408,496,3031
8937,19839,1450,566,550,468,414,541,2980
8914,19865,1450,603,555,570,341,578,2966
8892,19890,1441,559,619,607,353,499,3011
8869,19914,1442,614,596,516,356,576,2967
8846,19938,1542,613,707,488,311,525,3026
8821,19962,1542,606,643,515,420,517,2999
8798,19985,1499,669,583,543,340,547,2941
8777,20008,1523,636,672,570,436,520,3025
8754,20032,1488,676,673,635,337,496,3028
8731,20055,1573,721,655,594,420,511,3011
8708,20079,1519,720,690,554,478,556,2983
8686,20103,1519,694,665,514,490,493,2940
8662,20128,1548,712,673,577,548,514,3045
8637,20152,1587,662,767,592,500,400,3085
8613,20176,1630,734,772,607,566,501,3137
8590,20199,1662,774,742,637,630,511,3092
8567,20222,1649,735,748,610,478,452,3114
8543,20247,1646,750,786,693,495,421,3128
8519,20269,1643,741,858,696,574,451,3182
8496,20291,1634,755,808,713,510,467,3140
8472,20315,1612,814,864,683,294,397,3126
8445,20341,1640,812,962,733,280,419,3213
8421,20366,1640,838,895,809,85,361,3193
8396,20392,1642,869,943,819,50,318,3166
8370,20418,1642,921,972,858,125,390,3208
8344,20445,1667,927,1067,865,300,414,3256
8320,20469,1699,1008,1090,916,391,408,3189
8295,20491,1723,1016,1095,1023,404,402,3229
8270,20516,1720,1045,1205,1074,450,371,3257
8246,20542,1670,1116,1243,1138,412,419,3270
8221,20567,1712,1182,1298,1055,421,387,3305
8197,20592,1793,1182,1298,1055,421,387,3305
8172,20619,1793,1304,1429,1024,461,414,3306
8149,20644,1791,1373,1475,1214,483,443,3309
8126,20669,1832,1480,1637,1246,470,441,3341
8102,20692,1889,1597,1769,1437,479,475,3379
8078,20717,1944,1629,1900,1445,519,445,3431
8056,20739,1944,1817,1982,1510,524,387,3418
8033,20762,1940,1971,2135,1711,532,379,3453
8010,20789,1934,2227,2360,1804,543,356,3468
7985,20815,2007,2404,2755,2099,526,466,3498
7969,20835,2075,2808,3091,2329,555,320,3544
7959,20844,2163,3156,3645,2619,609,318,3578
7959,20843,2276,3410,3841,2863,517,440,3628
7959,20843,2276,3369,3865,2832,529,366,3678
7938,20821,2155,3353,3812,2884,537,253,3610
7916,20801,2516,3530,3580,2407,490,379,3562
7898,20784,2923,3772,3418,2130,395,595,3549
7880,20767,3208,3641,2952,1823,401,740,3348
7861,20750,3428,3637,2967,1493,299,647,3330
7844,20733,3665,3721,2514,1390,366,808,2954
7825,20713,3745,3496,2253,1133,272,1180,2861
7807,20694,3742,2870,1932,892,157,1456,2458
7789,20677,3686,2916,1610,712,316,1897,2250
7772,20659,3766,2676,1496,633,510,2348,1980
7754,20641,3429,2396,1214,642,403,2923,2030
7736,20623,2957,2008,945,661,208,3548,1747
7717,20605,3003,1756,762,561,281,4059,1873
7699,20588,2750,1449,667,569,256,4065,2045
7681,20571,2378,1433,669,533,269,4063,2162
7664,20554,2141,1082,685,269,319,3900,2312
7646,20538,1847,871,612,139,334,3733,2364
7638,20534,1570,587,614,196,402,3585,2538
7638,20534,1388,473,507,256,436,3732,2374
7638,20534,1399,454,571,253,430,3764,2335
7637,20535,1399,605,603,231,451,3768,2362
7614,20552,1429,631,556,239,477,3713,2386
7589,20576,1412,639,598,333,501,3924,2406
7563,20602,1524,677,625,257,505,4063,2460
7538,20627,1538,634,729,278,447,3755,2514
7511,20651,1636,702,686,323,391,3297,2486
7486,20676,1637,701,625,257,389,2765,2404
7461,20700,1636,704,751,286,412,2455,2465
7437,20724,1550,721,661,329,403,2219,2433
7412,20746,1550,741,690,405,394,1969,2425
7389,20770,1464,793,723,226,423,1780,2396
7366,20794,1440,830,713,365,368,1700,2371
7341,20820,1580,868,806,273,385,1567,2502
7317,20844,1545,873,756,371,416,1445,2443
7294,20867,1545,909,777,304,357,1377,2516
7272,20892,1435,882,821,407,347,1284,2510
7249,20915,1491,925,805,332,380,1178,2579
7226,20938,1565,1026,832,307,338,1213,2650
7203,20961,1495,994,798,293,293,1100,2617
7180,20984,1590,1043,851,349,351,1083,2619
7156,21007,1590,1160,890,352,353,1081,2633
7132,21030,1557,1130,1063,317,313,1000,2759
7107,21053,1592,1218,1041,366,319,918,2723
7083,21077,1556,1212,1073,334,333,882,2662
7059,21102,1533,1356,1092,379,351,824,2693
7034,21128,1530,1403,1169,392,342,839,2721
7010,21154,1495,1556,1215,381,337,807,2700
6985,21180,1495,1659,1280,390,310,773,2787
6959,21205,1542,1740,1371,444,392,831,2759
6934,21229,1614,1937,1515,465,353,719,2885
6910,21252,1448,2068,1572,564,450,720,2782
6885,21277,1851,2331,1704,787,496,686,2823
6859,21301,2504,2551,1875,962,407,684,2850
6837,21325,2964,2977,2061,1044,450,689,2885
6825,21340,3326,3349,2272,1148,433,681,2911
6824,21345,3743,3828,2514,1240,311,718,2989
6825,21344,3850,3880,2577,1246,327,665,3023
6811,21333,3850,3859,2604,1261,322,630,3142
6790,21309,3828,3809,2473,1147,455,636,2869
6773,21293,3915,3443,2021,473,328,767,2953
6754,21276,3947,3187,1719,483,348,781,2777
6737,21259,3787,2890,1434,379,398,503,2792
6720,21243,3787,2557,1156,466,512,1478,2638
6703,21224,3587,2227,534,131,133,1104,2452
6684,21205,3320,1906,549,689,373,1045,2226
6667,21187,2891,1585,527,418,533,1410,2086
6649,21169,2563,1366,453,272,510,1775,1688
6633,21153,2287,1029,609,53,542,2093,2682
6628,21144,2287,485,277,74,576,2558,2441
6629,21144,1767,506,353,354,603,2899,2454
6629,21144,1735,431,691,310,564,2819,2492
6629,21144,1735,434,342,317,635,2821,2450
6616,21161,1787,425,583,304,637,2817,2433
6595,21186,1794,510,531,318,583,2770,2450
6570,21210,1873,400,398,233,591,2325,2496
6546,21232,1909,459,270,118,602,2189,2545
6522,21255,1965,432,276,203,584,1971,2638
6499,21278,1955,392,373,324,493,1808,2668
6474,21302,2017,513,355,234,526,1684,2757
6450,21326,2019,478,497,252,497,1596,2894
6427,21352,2093,521,409,273,528,1520,2912
6402,21378,2114,580,377,112,511,1431,2946
6376,21402,2208,579,180,186,563,1284,3004
6352,21426,2320,565,459,197,604,1248,3143
6328,21451,2257,574,354,290,522,1194,3266
6304,21474,2322,675,318,133,506,1104,3402
6280,21498,2426,591,273,280,506,1084,3397
6257,21521,2480,595,575,132,525,990,3561
6233,21545,1248,632,240,135,545,966,3604
6207,21570,1248,641,331,203,489,966,3729
6182,21593,615,655,556,354,463,970,3829
6158,21617,598,661,203,186,447,998,4025
6133,21641,650,708,379,80,526,886,4059
6108,21666,647,752,370,248,476,922,4067
6083,21689,660,727,317,227,470,827,4053
6069,21704,660,772,418,270,398,857,4053
6067,21706,694,804,302,149,448,844,4067
6069,21706,814,758,273,302,472,843,4067
6069,21706,738,759,283,269,517,818,4063
6069,21706,740,766,224,192,517,829,4064
6061,21700,740,820,277,123,478,866,4059
6040,21677,722,721,366,308,514,927,4056
6026,21665,722,780,452,432,552,894,4060
6024,21664,775,428,431,509,505,827,4050
6008,21684,809,456,470,380,502,799,4064
5986,21706,774,438,237,416,510,822,4061
5961,21729,813,538,604,373,500,779,4055
5936,21751,862,608,522,374,472,796,4063
5911,21774,914,466,435,364,522,755,4056
5887,21797,914,568,518,392,471,732,4068
5864,21822,909,540,286,387,473,701,918
5839,21846,949,330,644,399,495,634,18
5815,21872,973,520,367,497,509,633,464
5791,21899,1039,384,489,426,455,696,604
5768,21926,1032,394,659,395,525,609,445
5745,21951,1111,475,141,322,403,640,475
5721,21974,1175,712,310,490,456,635,263
5697,21998,1200,812,624,357,440,567,437
5674,22022,1264,365,330,429,456,555,411
5650,22046,1514,403,191,402,467,580,444
5624,22071,1514,293,443,245,417,586,258
5600,22096,1521,578,132,455,426,504,532
5577,22122,1696,397,339,322,430,578,40
5551,22147,1808,404,419,319,407,529,303
5528,22170,2011,288,286,404,438,540,235
5505,22195,2161,481,154,406,495,467,718
5478,22218,2619,556,183,282,487,443,571
5452,22242,2619,495,470,272,450,558,498
5427,22265,2420,381,320,248,481,474,812
5403,22289,2223,458,57,389,411,437,1181
5378,22313,2093,530,126,325,423,548,1090
5351,22337,1818,478,82,182,448,460,992
5327,22362,1818,451,146,386,475,454,1184
5303,22386,1669,478,223,263,425,493,1525
5278,22410,1612,387,79,317,451,467,1499
5253,22434,1603,280,171,303,450,468,1309
5229,22457,1509,282,199,426,434,493,1393
5205,22480,1412,587,142,167,480,382,1589
5181,22503,1368,511,123,365,447,404,1865
5157,22526,1267,479,112,200,467,461,2321
5134,22549,1237,445,313,210,474,462,3207
5112,22573,1237,510,139,160,435,443,4055
5088,22597,1237,479,211,309,477,372,4059
5063,22623,1155,369,181,208,439,353,4050
5039,22649,764,556,200,237,459,523,4058
5016,22676,565,293,108,323,393,383,4063
4992,22701,249,459,394,249,430,388,4060
4969,22724,249,533,100,248,417,362,4055
4947,22746,399,487,168,221,456,303,3879
4937,22758,344,416,129,283,416,421,3698
4946,22776,564,277,129,191,385,306,3728
4957,22785,435,646,56,141,336,390,3618
4960,22786,701,316,161,37,578,371,3858
4960,22786,760,292,163,86,632,505,3939
4960,22786,813,356,376,183,590,428,3867
4945,22803,775,418,282,181,613,428,3865
4923,22827,723,348,280,58,643,491,3800
4898,22853,723,296,227,92,754,409,3822
4872,22879,566,212,156,82,791,460,3645
4847,22905,568,270,241,55,763,465,3699
4823,22930,568,336,310,48,761,369,3600
4798,22954,584,293,185,73,621,466,3796
4772,22979,354,291,291,100,624,478,3481
4747,23003,433,358,211,80,603,475,3417
4723,23027,331,432,232,74,591,348,3371
4697,23052,386,292,312,76,498,438,3414
4671,23078,236,517,186,170,540,387,3230
4646,23101,244,328,265,96,515,364,3196
4622,23125,218,511,295,204,455,417,3357
4596,23150,144,384,318,106,427,309,3225
4571,23174,233,307,214,161,498,458,3181
4547,23197,124,280,276,113,461,429,3146
4523,23223,121,391,249,141,378,308,3073
4498,23247,121,375,364,160,449,364,3033
4473,23270,143,181,438,171,412,299,2982
4450,23293,272,56,275,177,481,311,2050
4426,23316,233,300,326,92,453,363,1219
4402,23341,92,190,312,223,468,262,1311
4379,23367,369,365,321,233,482,339,1212
4355,23393,206,253,332,188,473,330,1217
4331,23420,263,351,364,239,423,433,1241
4306,23446,262,270,253,213,429,532,1234
4282,23470,142,283,316,254,446,418,1180
4260,23493,124,110,365,217,468,352,1205
4247,23511,124,175,248,188,469,390,1192
4245,23516,67,346,315,255,512,500,1181
4262,23532,67,273,344,250,562,515,1200
4265,23532,248,210,276,282,543,725,1212
4265,23532,245,245,264,266,534,779,1194
4265,23532,295,224,348,194,502,732,1236
4254,23544,383,210,262,236,528,759,1269
4229,23566,281,143,304,197,470,562,1128
4201,23592,194,177,338,253,523,667,1213
4173,23618,184,307,317,201,505,738,1191
4148,23645,186,274,320,225,534,721,1230
4123,23670,230,491,347,228,543,712,1232
4098,23695,282,301,362,256,499,710,1256
4073,23720,282,217,286,271,508,690,1232
4049,23744,159,21,249,306,514,673,1208
4024,23768,257,270,278,283,481,650,1229
4001,23793,186,250,260,268,482,700,1180
3976,23818,310,214,341,292,502,663,1228
3950,23842,284,201,351,205,611,555,1163
3925,23866,230,249,424,257,506,624,1206
3901,23892,97,94,396,277,501,729,1218
3875,23918,283,219,427,275,513,739,1074
3850,23942,90,105,404,291,470,773,1001
3826,23964,88,79,439,330,455,665,1007
3802,23987,158,170,319,248,506,634,1031
3778,24010,165,203,233,267,505,701,1030
3753,24033,165,279,364,331,486,678,1078
3729,24057,205,174,374,261,521,778,784
3705,24082,195,169,390,294,454,710,436
3686,24106,139,93,388,281,414,680,803
3677,24127,139,163,371,306,478,601,1489
3701,24149,241,286,386,381,464,571,1362
3722,24170,433,430,446,313,440,253,924
3725,24178,306,244,338,354,311,282,760
3725,24178,306,168,345,319,266,353,1198
3709,24195,317,244,233,438,331,314,1227
3685,24221,335,214,224,361,237,376,974
3658,24248,419,195,401,379,375,282,741
3636,24274,355,103,352,411,371,345,892
3625,24292,373,243,350,331,542,354,978
3623,24296,373,200,239,391,541,262,1036
3645,24314,367,172,412,360,534,324,1100
3665,24335,308,165,271,319,472,336,756
3683,24354,410,816,341,331,365,345,1178
3700,24372,330,504,394,393,334,413,1104
3704,24380,396,452,278,378,360,378,1116
3704,24380,396,370,414,256,399,522,1011
3704,24380,477,145,339,256,399,457,1086
3686,24399,556,189,444,226,320,419,1079
3663,24424,582,416,276,238,394,423,1029
3645,24446,582,451,319,512,343,410,1048
3641,24459,556,301,390,287,307,410,1114
3641,24460,607,390,412,287,363,385,1083
3651,24469,607,413,188,245,357,502,1164
3657,24483,586,442,231,191,386,545,1050
3658,24483,681,423,498,276,411,533,992
3658,24483,741,423,498,276,411,533,992
3645,24493,741,408,431,370,352,471,1058
3629,24514,752,454,468,395,409,517,1001
3607,24541,730,428,804,270,391,575,1029
3584,24568,824,441,545,264,443,417,1008
3561,24593,806,469,514,368,366,495,1078
3538,24617,825,403,711,152,410,379,1147
3516,24642,791,429,564,354,404,468,1098
3493,24669,795,491,784,274,355,532,1275
3470,24693,795,491,725,189,334,588,1238
3448,24715,776,521,565,216,394,597,1236
3425,24739,862,476,780,304,365,636,1225
3402,24762,846,514,700,211,399,718,1234
3378,24785,782,559,623,128,435,618,1097
3354,24809,778,578,738,431,393,643,986
3331,24833,797,487,871,226,348,557,1589
3307,24857,773,552,656,222,334,647,1535
3282,24883,812,609,535,297,419,712,1495
3259,24909,792,601,610,217,286,610,1509
3233,24936,820,615,728,296,383,635,1528
3208,24962,789,616,734,307,366,629,1573
3183,24985,801,681,705,281,394,576,1606
3159,25009,836,744,723,177,343,731,1512
3134,25033,814,663,738,347,359,645,1513
3109,25058,818,667,772,259,367,553,1477
3084,25082,872,726,768,337,355,610,1488
3060,25108,853,731,837,242,319,639,1570
3037,25134,876,721,805,341,328,563,1523
3012,25158,892,769,845,321,363,613,1512
2988,25182,838,835,856,222,370,550,1552
2965,25206,852,846,882,195,354,496,1545
2940,25230,843,832,955,147,435,543,1604
2917,25253,865,855,955,386,374,566,1585
2894,25276,844,951,984,134,389,531,1602
2872,25300,832,962,1039,347,365,481,1645
2849,25325,878,1043,1026,347,334,469,1584
2825,25347,921,1056,1081,284,337,442,1635
2801,25371,922,1156,1117,245,357,467,1631
2779,25395,1011,1194,1205,312,364,498,1664
2757,25420,1053,1219,1220,330,386,397,1608
2734,25443,1053,1277,1305,236,334,396,1787
2712,25466,1049,1336,1403,173,381,368,1467
2689,25489,1113,1474,1504,250,359,461,1417
2666,25511,1224,1559,1661,298,325,488,1484
2642,25534,1258,1610,1752,318,336,352,1507
2618,25557,1303,1745,1932,325,388,407,1549
2594,25582,1413,1937,2092,345,295,376,1526
2571,25606,1542,2095,2358,336,371,390,1594
2546,25630,1704,2384,2359,1309,401,436,1514
2522,25656,1884,2580,2669,2107,365,328,1545
2500,25682,2300,3111,3124,2572,368,307,1554
2488,25699,2300,3550,4059,2934,329,410,1569
2484,25702,2581,4057,4057,3486,368,323,1489
2485,25702,2706,4058,4057,3592,332,324,1524
2485,25702,2668,4058,4056,3507,331,334,1508
2483,25701,2668,4058,4058,3532,342,277,1509
2460,25679,2662,4070,4074,3538,348,378,1598
2440,25661,3079,4057,4060,3172,380,307,1523
2422,25645,3389,4059,4059,266,327,274,1507
2404,25627,3904,4062,4059,302,326,397,1531
2386,25609,4045,4064,3646,139,286,483,1468
2367,25592,4055,4061,3187,152,274,298,1371
2349,25575,4053,4058,827,396,327,145,1392
2331,25559,4054,4059,322,517,325,364,1567
2313,25542,4067,3986,378,521,227,815,999
2295,25525,4059,3591,357,397,246,983,1554
2275,25505,4059,3342,292,299,399,1238,1741
2258,25490,4061,218,496,288,493,1389,1961
2236,25472,4018,312,584,391,261,1590,2177
2217,25451,3661,209,572,357,281,1684,2336
2199,25434,406,66,339,456,299,1561,2555
2177,25415,406,257,394,368,223,1643,2578
2160,25398,229,496,425,308,297,1737,2847
2143,25380,332,487,490,253,281,1765,2919
2126,25363,218,397,416,300,206,1829,2777
2103,25332,218,378,288,136,226,1803,2707
2103,25332,548,309,315,109,261,1817,2597
2103,25332,610,314,260,73,211,1819,2619
2103,25332,505,357,355,156,267,1820,2635
2103,25332,540,322,372,280,167,1827,2621
2089,25345,540,377,362,217,141,1837,2622
2069,25369,612,319,513,130,144,1726,2738
2049,25390,569,331,364,136,161,1702,2616
2040,25398,617,353,412,143,167,1579,2658
2042,25404,618,328,321,209,132,1543,2545
2067,25425,618,298,384,35,241,1505,2656
2083,25437,618,354,379,239,129,1568,2599
2084,25437,177,424,474,165,169,1528,2655
2084,25437,127,375,410,182,137,1569,2644
2077,25442,127,376,393,251,97,1604,2658
2053,25458,196,305,455,200,151,1544,2642
2030,25484,117,354,400,194,184,1537,2652
2009,25510,184,427,394,279,168,1386,2616
1987,25533,136,356,498,249,195,1317,2629
1965,25557,136,361,424,207,248,1236,2654
1943,25581,314,334,404,266,178,1241,2747
1921,25605,291,516,483,255,254,1143,2703
1897,25630,275,352,494,239,224,1133,2713
1874,25655,262,360,500,301,216,990,2249
1850,25682,249,362,406,323,240,1021,29
1826,25708,358,390,426,272,263,998,22
1803,25730,439,388,453,226,228,939,286
1780,25754,554,334,478,305,278,925,434
1757,25778,633,456,432,293,277,926,525
1733,25802,617,397,526,420,260,874,449
1709,25826,679,438,475,342,230,860,560
1683,25852,767,445,538,293,250,839,513
1659,25878,777,501,521,390,284,791,500
1634,25904,790,526,472,278,303,755,432
1609,25928,808,477,529,408,240,800,444
1585,25953,809,539,547,378,303,788,531
1561,25976,909,539,547,378,303,788,531
1537,25999,829,481,541,435,315,691,766
1514,26022,930,427,525,391,379,708,643
1489,26046,945,542,498,419,248,732,428
1465,26070,1033,728,502,402,333,732,560
1440,26094,1065,737,528,428,287,759,507
1417,26118,1117,513,483,428,337,635,787
1394,26143,1172,537,612,414,322,658,636
1371,26167,1210,389,508,432,282,658,562
1349,26191,1234,466,550,358,258,671,618
1325,26214,1229,357,547,437,364,634,378
1302,26236,1229,651,550,444,306,648,515
1279,26260,1293,605,543,454,361,581,623
1256,26282,1341,662,565,527,287,634,602
1233,26305,1331,654,545,462,277,586,457
1210,26329,1331,645,617,504,326,558,565
1188,26353,1384,805,600,523,286,594,635
1165,26379,1416,680,549,537,263,626,629
1140,26405,1428,799,589,508,289,602,680
1115,26432,1405,709,648,587,327,575,1053
1091,26457,1510,766,651,564,352,515,928
1067,26481,1510,812,634,581,302,606,555
1042,26503,1533,729,663,572,288,503,715
1019,26528,1550,764,662,558,295,458,784
995,26552,1550,845,724,559,252,592,694
971,26577,1619,849,709,638,252,524,745
945,26601,1669,746,693,648,322,483,680
920,26627,1669,762,724,651,320,459,817
895,26653,1620,809,787,622,386,539,703
870,26677,1745,817,736,657,261,550,1346
845,26702,1773,834,817,700,315,539,4060
819,26726,1773,757,788,660,307,442,2748
781,26764,1788,770,802,744,310,483,2619
776,26766,1793,766,866,767,270,412,2724
776,26766,1765,790,826,767,297,495,2712
777,26761,1735,737,837,739,280,422,2705
777,26759,1735,746,889,769,319,433,2773
777,26759,1745,737,868,742,258,466,2745
777,26759,1703,755,849,754,283,484,2702
777,26759,1719,716,828,731,274,437,2688
775,26758,1660,738,835,700,218,455,2700
765,26741,1552,729,848,753,272,438,2681
763,26738,1552,753,822,667,320,459,2662
763,26738,1511,759,831,722,264,476,2700
763,26738,1514,769,796,682,286,473,2658
763,26738,1500,773,783,718,287,430,2666
763,26738,1491,784,830,661,319,477,2685
753,26752,1491,754,803,662,268,537,2671
728,26772,1488,746,849,666,286,435,2707
703,26796,1511,760,818,686,318,483,2713
678,26821,1472,786,892,721,344,452,2753
652,26845,1484,834,903,726,280,398,2716
629,26869,1521,816,963,779,250,476,2743
605,26894,1598,964,915,791,272,399,2725
581,26918,1639,919,1015,780,331,460,2786
557,26942,1617,966,1033,825,309,488,2757
533,26965,1571,960,1104,904,312,387,2813
510,26989,1571,1035,1183,874,269,464,2907
488,27013,1558,1056,1157,864,235,443,2820
465,27034,1597,1130,1187,984,295,341,2811
442,27058,1761,1140,1275,1024,198,354,2847
419,27082,1761,1279,1358,1053,220,393,2863
396,27106,1877,1303,1412,1149,369,368,2895
370,27131,1835,1401,1514,1176,316,428,2898
346,27158,1731,1476,1638,1263,257,335,2899
324,27184,1649,1598,1694,1357,281,330,2897
313,27200,1712,1732,1911,1472,313,343,2940
311,27202,1771,1854,2012,1658,233,309,2968
312,27202,1771,1880,2043,1594,273,338,2973
297,27188,1789,1800,2089,1635,286,245,2986
277,27169,1620,1861,2013,1524,318,334,2979
267,27154,1506,1861,2013,1524,318,334,2979
267,27153,1684,1979,1880,1255,201,470,2767
267,27153,1717,1970,1848,1243,248,435,2789
260,27158,1717,1979,1871,1267,269,500,2807
244,27182,1684,1946,1838,1187,226,467,2794
219,27208,1768,2107,1985,1381,235,495,2757
198,27222,1927,2312,2152,1478,236,481,2664
186,27225,2172,2608,2412,1617,260,432,2675
184,27225,2337,2736,2457,1563,317,544,2632
173,27215,2337,2732,2397,1518,284,507,2588
151,27192,2359,2709,2373,1530,233,642,2537
128,27173,2527,2682,2105,1224,222,852,2523
113,27157,2703,2662,1914,1020,226,548,2319
91,27138,2761,2507,1719,854,203,359,2113
73,27121,2799,2345,1462,712,246,1241,1913
55,27102,2785,2206,1270,520,475,1587,1886
37,27086,2671,2018,1114,284,621,1958,1986
20,27069,2610,1882,900,394,289,2361,1783
1,27053,2379,1590,821,278,403,2705,1499
32750,27036,2321,1426,628,329,365,3153,1592
32727,27018,2066,1203,414,305,172,3485,1756
32710,27002,1923,1018,381,276,367,3964,1907
32693,26986,1668,796,446,201,283,4059,1900
32677,26968,1403,642,399,259,253,4055,1929
32660,26953,1256,394,349,430,394,4058,2007
32647,26934,1158,293,314,503,317,4070,1975
32647,26932,961,165,366,437,196,4057,1947
32647,26932,864,255,276,225,416,4058,1885
32647,26932,836,307,287,354,391,4057,1901
32647,26932,836,204,313,253,397,4058,1920
32628,26948,888,227,279,347,445,4065,1949
32606,26972,929,141,237,311,255,4057,1918
32582,26998,899,182,320,419,192,3933,1882
32555,27021,899,278,369,517,359,3380,1921
32531,27044,876,192,380,438,235,2832,1846
32508,27067,885,212,363,543,315,2546,1855
32484,27091,875,268,252,485,468,2311,1858
32460,27116,837,319,481,253,409,2079,1898
32443,27139,837,319,481,253,409,2079,1898
32436,27153,924,319,481,253,409,2079,1898
32438,27164,924,245,373,279,468,1738,1804
32442,27172,1002,267,424,297,449,1677,1837
32437,27175,1002,367,383,290,435,1714,1829
32418,27201,984,260,369,335,413,1668,1825
32396,27224,984,354,375,576,417,1595,1849
32370,27249,1020,347,391,202,445,1480,1816
32346,27273,1020,381,363,123,343,1457,1831
32322,27299,1014,493,352,230,394,1347,1850
32298,27324,1069,476,297,142,386,1293,1833
32274,27350,1069,418,329,193,444,1186,1840
32251,27375,1041,336,419,216,359,1178,1821
32226,27401,1042,395,383,235,344,1110,1852
32201,27426,1061,443,436,89,378,1062,1845
32177,27450,1031,351,424,254,374,1030,1840
32153,27474,1071,451,402,255,371,969,1848
32128,27498,1075,398,353,353,410,1017,1871
32103,27521,1098,473,421,242,314,958,1881
32080,27546,1113,472,400,246,344,894,1925
32056,27570,1081,403,320,282,376,842,1892
32032,27595,1095,501,401,242,275,864,1888
32007,27618,1117,449,468,212,347,815,1954
31983,27643,1145,373,400,152,343,834,1929
31960,27667,1145,456,386,345,446,766,1896
31936,27691,1090,364,437,282,350,749,1967
31913,27714,1162,465,381,439,320,733,1937
31891,27738,1162,407,497,355,353,703,1985
31869,27761,1161,433,477,318,375,701,1974
31845,27783,1151,535,475,345,438,714,1939
31822,27805,1158,498,371,316,438,723,1982
31798,27828,1137,413,477,312,442,663,1964
31776,27853,1147,524,529,296,399,642,1999
31753,27877,1147,490,410,394,419,638,1983
31730,27903,1141,510,431,448,363,620,1987
31706,27930,1215,566,457,403,326,615,1995
31682,27956,1241,533,475,353,246,584,1997
31666,27976,1221,555,370,447,366,578,2021
31655,27984,1297,590,499,390,393,555,2067
31654,27984,1240,592,462,352,346,602,2041
31655,27978,1240,582,433,383,322,635,2029
31656,27976,1226,485,436,351,395,583,2027
31656,27976,1185,479,452,368,354,632,2047
31656,27976,1209,462,430,390,345,591,2045
31656,27976,1243,477,459,403,335,552,2070
31654,27974,1243,527,505,448,364,640,2045
31633,27952,1210,567,373,410,340,497,1945
31624,27939,1032,481,431,311,358,700,1994
31625,27939,895,429,417,319,260,750,2017
31625,27939,884,429,522,255,309,679,2056
31625,27939,884,394,452,304,361,678,2005
31611,27955,863,387,395,280,264,665,2045
31591,27977,893,392,434,307,309,638,2047
31567,28001,944,414,443,271,359,623,2012
31541,28024,955,399,437,306,381,714,1966
31516,28049,909,460,413,361,392,740,1974
31491,28074,866,381,529,299,438,639,1970
31466,28100,870,464,465,402,396,744,1946
31439,28126,853,452,470,352,338,690,1956
31414,28152,856,428,444,355,282,620,1886
31388,28177,928,503,469,382,347,638,1890
31361,28201,864,464,530,325,441,637,1887
31335,28226,869,451,518,363,374,543,1842
31311,28250,814,514,569,374,254,667,1894
31288,28272,797,506,564,377,232,617,1876
31262,28295,910,473,601,384,211,645,1896
31238,28321,844,591,478,369,213,599,1799
31213,28346,776,503,544,387,221,560,1802
31189,28369,869,510,514,418,354,523,1790
31163,28394,810,464,532,349,324,529,1794
31140,28419,814,424,506,404,215,565,1776
31118,28442,861,514,521,406,233,533,1745
31094,28465,779,521,520,377,257,529,1770
31070,28489,776,513,623,395,253,666,1762
31048,28512,881,526,565,445,180,618,1755
31025,28534,795,540,566,466,251,506,1676
31002,28557,795,537,547,430,193,418,1637
30979,28581,836,582,557,532,125,477,1709
30955,28606,860,614,611,468,139,531,1698
30933,28630,855,582,579,450,127,563,1650
30909,28656,794,563,613,528,114,540,1700
30884,28682,825,595,603,443,195,443,1670
30859,28709,825,615,611,510,243,550,1649
30835,28733,812,605,674,544,369,556,1711
30811,28756,853,610,628,539,476,433,1618
30787,28779,883,620,670,532,503,460,1621
30764,28803,793,675,690,539,587,450,1647
30739,28827,821,611,715,520,476,481,1611
30714,28852,834,662,740,592,507,483,1644
30688,28878,824,665,677,599,496,480,1624
30664,28904,826,712,805,601,395,451,1644
30638,28928,760,763,784,612,363,450,1618
30613,28952,760,742,882,646,227,459,1603
30588,28976,793,757,761,599,366,498,1579
30564,29000,797,788,792,638,359,381,1522
30540,29023,791,894,792,603,275,482,1487
30515,29047,812,817,855,703,298,467,1587
30491,29072,732,787,891,667,435,449,1550
30466,29096,806,908,876,695,264,530,1519
30442,29119,867,902,1019,691,417,418,1608
30418,29144,862,927,957,724,383,400,1538
30395,29169,872,993,946,775,316,420,1510
30372,29193,998,1054,1051,793,298,470,1511
30348,29216,998,1030,1077,803,375,511,1521
30325,29239,971,1090,1114,831,393,389,1497
30302,29262,1108,1145,1213,882,238,349,1576
30279,29285,1028,1095,1143,880,348,407,1462
30256,29306,1096,1289,1361,961,429,419,1547
30234,29330,1145,1350,1358,982,509,465,1469
30210,29355,1249,1410,1419,1075,529,392,1477
30187,29380,1293,1512,1507,1154,437,460,1454
30164,29406,1317,1619,1685,1208,454,388,1544
30138,29433,1592,1738,1781,1264,282,257,1467
30121,29456,1592,1977,1917,1509,274,301,1465
30114,29465,1742,2092,2085,1537,437,313,1450
30113,29465,1769,2250,2218,1585,401,396,1451
30106,29458,1769,2217,2194,1583,329,335,1435
30083,29433,1734,2164,2194,1560,454,346,1446
30064,29416,1930,2226,2039,1374,316,400,1405
30040,29398,2064,2258,1920,1214,306,523,1366
30023,29381,2146,2247,1806,1011,245,368,1339
30004,29364,2302,2238,1584,864,174,507,1227
29982,29345,2303,2091,1393,722,129,678,1209
29959,29327,2312,1973,1272,479,459,808,1411
29942,29311,2359,1765,1063,327,338,934,980
29923,29293,2273,1602,930,406,450,1075,1249
29904,29277,2160,1448,734,319,177,1219,1323
29885,29258,2024,1306,674,352,297,1388,1445
29867,29242,1853,1162,637,532,98,1489,1511
29848,29225,1771,980,411,487,505,1572,1670
29843,29220,1545,801,461,241,490,1650,1679
29843,29220,1409,728,391,502,642,1708,1680
29827,29233,1388,745,713,282,591,1700,1657
29806,29256,1456,769,777,414,440,1701,1716
29778,29282,1459,819,439,328,511,1589,1782
29757,29303,1504,819,439,328,511,1589,1782
29744,29310,1519,800,535,380,485,1351,1826
29737,29309,1519,769,551,258,568,1348,1832
29718,29282,1331,742,485,557,531,1336,1863
29708,29258,1331,610,589,344,330,1376,1860
29707,29257,1078,160,604,346,266,1419,1902
29707,29257,1048,310,355,251,202,1457,1863
29686,29275,1066,339,477,326,304,1397,1832
29665,29297,1013,304,713,210,299,1366,1853
29640,29324,1030,389,521,235,279,1332,1897
29616,29349,1048,336,502,255,249,1223,1901
29592,29374,1051,325,610,143,319,1213,1868
29567,29400,1083,331,571,175,261,1100,1892
29543,29426,1100,87,532,393,285,1024,1975
29519,29453,1100,407,505,206,385,1001,1940
29496,29476,1107,513,301,336,269,999,1930
29472,29500,1103,250,399,277,291,930,1914
29450,29524,1129,373,344,101,339,889,1926
29427,29549,1187,142,448,213,514,866,1940
29403,29573,1187,264,391,246,326,843,2035
29379,29598,1156,426,518,198,512,773,1941
29354,29623,1156,427,605,114,481,816,1957
29331,29649,1199,302,768,425,557,771,1941
29307,29673,1212,136,540,309,585,764,1974
29283,29697,1177,33,311,121,768,727,2016
29260,29722,1192,212,549,95,633,678,1942
29236,29745,1235,315,473,123,596,692,2051
29212,29768,1244,195,448,166,429,664,2037
29188,29792,1205,291,707,125,506,716,2067
29164,29816,1216,226,562,50,524,636,2063
29139,29842,1209,283,883,94,544,696,2141
29114,29864,1251,226,585,74,609,644,2100
29089,29889,1252,381,723,145,522,633,2099
29066,29914,1300,252,455,145,528,645,2100
29042,29940,1300,195,415,106,473,651,2121
29018,29963,1344,267,428,250,692,593,2136
28994,29986,1297,172,360,97,566,581,2184
28970,30009,1363,239,611,73,571,615,2181
28947,30033,1344,218,389,133,362,555,2222
28923,30056,1395,117,652,109,469,554,2212
28901,30079,1395,210,375,132,510,558,2245
28878,30104,1394,243,567,100,472,535,2247
28855,30128,1488,205,478,241,424,626,2235
28831,30154,1469,161,672,203,422,571,2360
28807,30180,1509,191,359,279,504,540,2369
28784,30207,1509,321,535,328,420,520,2352
28761,30231,1550,544,180,361,413,534,2368
28739,30254,1552,360,298,395,444,559,2407
28716,30278,1602,266,476,394,355,515,2399
28691,30303,1656,114,127,339,436,527,2463
28668,30328,1656,312,357,338,162,449,2490
28650,30348,548,189,286,399,91,562,2561
28638,30355,548,181,375,414,49,468,2600
28634,30356,354,295,217,516,186,502,2597
28634,30356,337,222,351,456,234,407,2620
28618,30342,337,317,247,409,238,599,2685
28598,30322,336,68,623,411,358,475,2614
28581,30302,97,216,333,270,547,564,2544
28563,30287,257,201,395,304,94,560,2495
28542,30267,117,122,444,312,254,982,2329
28522,30250,128,271,397,297,368,918,2285
28503,30233,162,492,332,404,439,858,2146
28479,30212,162,274,320,418,414,1044,1952
28457,30193,189,337,423,179,394,1267,1787
28440,30176,420,426,368,216,387,1764,1523
28423,30159,349,193,463,194,421,1956,118
28406,30143,362,260,300,582,397,2371,304
28388,30124,377,259,391,363,419,2682,490
28369,30106,488,280,214,115,404,3131,748
28350,30090,314,250,149,298,428,3457,133
28334,30073,283,289,516,227,436,3768,437
28316,30058,346,360,564,199,425,4002,348
28299,30041,358,203,587,99,408,4058,481
28289,30027,358,203,587,99,408,4058,481
28287,30025,418,59,479,334,545,4059,632
28287,30025,259,95,318,311,528,4059,632
28278,30034,259,67,407,176,551,4065,376
28258,30056,269,328,302,288,509,4058,216
28230,30081,308,44,258,310,528,3824,229
28203,30106,395,160,324,273,526,3246,527
28178,30131,204,213,248,275,538,2799,304
28152,30157,263,161,375,264,504,2511,628
28128,30184,224,111,278,299,475,2168,223
28102,30210,79,189,289,267,502,1959,493
28078,30234,229,130,100,308,456,1771,448
28054,30258,107,157,382,216,449,1704,509
28031,30282,258,331,326,338,539,1555,306
28008,30307,194,179,378,264,480,1461,338
27985,30331,142,212,313,262,477,1394,421
27961,30356,241,235,378,225,473,1274,241
27938,30382,177,174,486,277,459,1261,655
27914,30407,267,214,213,217,446,1156,651
27890,30431,364,234,468,130,470,1191,408
27865,30456,128,286,363,226,459,1103,655
27841,30480,173,118,377,299,464,1041,616
27817,30503,300,197,291,235,455,1014,658
27792,30526,111,231,355,220,430,978,553
27769,30549,225,203,394,292,522,863,563
27746,30574,63,295,365,217,459,933,524
27720,30598,178,224,397,147,460,882,508
27695,30621,169,321,294,236,429,853,533
27671,30646,132,330,394,162,445,832,585
27647,30671,173,320,299,192,455,867,664
27621,30695,261,242,338,137,414,778,608
27595,30719,261,213,336,207,486,754,628
27571,30742,172,143,392,98,458,718,673
27547,30765,171,244,245,188,463,746,626
27523,30789,212,216,449,122,453,697,722
27497,30813,136,379,302,223,423,722,729
27473,30836,221,363,262,151,426,690,677
27449,30860,100,324,352,121,443,774,689
27424,30886,161,213,281,182,424,677,758
27400,30912,278,52,195,253,448,645,828
27377,30939,103,208,247,274,388,634,791
27353,30964,169,110,328,294,427,670,962
27329,30987,187,236,207,249,434,618,1027
27306,31010,171,283,392,278,440,621,1047
27282,31034,39,310,263,230,460,594,1046
27258,31059,39,262,523,225,434,576,906
27235,31083,177,277,202,243,448,546,917
27212,31108,148,308,281,280,448,551,752
27189,31134,172,317,427,260,447,572,663
27165,31159,252,297,258,262,425,576,533
27141,31183,394,300,213,263,478,536,397
27115,31208,291,341,407,316,428,512,320
27091,31231,339,376,361,239,418,578,345
27067,31255,285,334,161,322,455,511,485
27043,31278,285,283,377,246,461,494,512
27020,31301,320,264,261,349,454,502,674
26996,31326,266,314,364,340,456,502,627
26971,31350,317,146,280,375,417,526,665
26946,31374,317,313,264,423,432,514,632
26921,31398,431,238,240,368,449,554,570
26906,31419,431,424,206,399,441,494,663
26897,31427,310,364,340,480,436,497,712
26880,31412,310,459,245,443,430,472,647
26858,31391,469,417,244,393,493,530,665
26839,31373,367,550,468,315,417,520,550
26818,31352,393,404,481,293,394,714,923
26801,31335,428,163,493,383,450,351,691
26782,31317,506,238,421,401,370,394,673
26763,31301,506,224,396,467,347,401,636
26745,31282,590,399,268,419,429,296,534
26728,31263,408,400,491,491,703,347,734
26710,31244,191,330,514,439,526,284,936
26692,31225,337,270,475,517,365,504,356
26674,31206,337,149,469,436,412,391,392
26656,31188,533,195,474,464,441,382,251
26640,31170,278,410,512,489,401,291,264
26623,31150,253,365,609,355,479,426,534
26605,31133,313,375,529,454,474,477,290
26588,31116,487,443,451,376,456,1241,999
26585,31108,487,453,521,362,415,883,310
26585,31108,415,462,440,357,433,701,718
26585,31108,422,477,515,381,401,693,647
26585,31108,459,450,489,383,418,751,891
26585,31108,403,402,402,400,480,714,885
26585,31108,402,477,450,351,444,813,721
26578,31105,402,421,547,375,383,730,1045
26556,31083,443,421,547,375,383,730,1045
26547,31075,489,441,437,388,398,817,470
26548,31075,533,405,484,507,331,642,419
26548,31075,485,350,460,397,376,615,405
26548,31075,450,434,466,428,365,618,411
26548,31075,514,407,429,426,355,681,348
26548,31075,448,431,414,431,413,746,284
26548,31075,442,413,444,442,403,723,288
26548,31075,470,424,445,439,368,663,326
26548,31075,435,380,494,456,367,625,357
26548,31075,467,400,406,455,359,677,330
26548,31075,455,403,440,370,360,663,292
26548,31075,409,408,393,361,341,730,360
26548,31075,439,426,443,422,334,610,361
26548,31075,442,413,428,400,407,641,253
26548,31075,428,398,455,412,323,600,384
26548,31075,453,467,513,379,377,677,311
26548,31075,464,396,473,487,348,591,320
26548,31075,461,412,453,379,342,603,357
26548,31075,439,443,475,433,365,657,264
26548,31075,448,412,476,393,345,598,369
26548,31075,487,428,428,414,342,681,375
26548,31075,457,383,429,409,380,686,327
26548,31075,457,343,447,354,308,634,128
26548,31075,421,390,439,355,353,717,133
26548,31075,423,363,475,388,319,707,220
26548,31075,441,383,427,460,336,678,350
26548,31075,435,397,452,440,344,707,287
26548,31075,500,386,399,374,410,678,349
26548,31075,460,393,450,388,357,681,577
26548,31075,460,439,422,389,380,737,221
26548,31075,416,424,437,402,401,743,378
26548,31075,440,383,481,360,351,641,382
26548,31075,453,383,480,389,325,728,530
26548,31075,421,395,518,396,327,701,450
26548,31075,449,402,394,411,334,654,452
26548,31075,449,387,426,407,329,601,347
26548,31075,402,381,488,355,352,598,279
26548,31075,513,390,484,482,356,649,371
26548,31075,452,426,507,414,377,690,431
26548,31075,429,413,458,407,361,636,299
26548,31075,429,397,428,425,354,666,324
26548,31075,463,398,459,403,377,625,426
26548,31075,417,381,451,370,369,597,456
26548,31075,396,402,428,358,327,715,342
26548,31075,444,380,513,407,397,639,497
26548,31075,439,385,452,410,355,666,207
26548,31075,391,396,476,432,409,549,297
26548,31075,483,452,457,437,349,761,273
26548,31075,483,434,456,364,321,774,367
26548,31075,452,378,519,399,399,684,345
26548,31075,452,432,412,372,336,711,332
26548,31075,452,403,463,368,336,644,330
26548,31075,447,403,478,433,351,635,347
26548,31075,463,419,468,382,368,676,319
26548,31075,484,399,399,451,370,689,307
26548,31075,484,420,458,380,328,687,293
26548,31075,456,400,504,422,340,674,469
26548,31075,424,442,445,352,318,653,248
26548,31075,471,442,465,376,348,613,406
26548,31075,471,394,439,423,363,615,442
26548,31075,483,336,490,379,345,628,355
26548,31075,417,345,465,383,392,597,87
