19285,28366,1183,521,466,1509,532,4063,2161
19285,28366,1201,489,452,1493,557,4057,2157
19285,28366,1143,422,456,1480,529,4062,2164
19285,28366,1101,382,461,1535,516,4054,2215
19285,28366,1160,386,453,1529,544,4052,2132
19285,28366,1145,383,447,1486,512,4054,2117
19285,28366,1141,365,402,1509,530,4056,2139
19285,28366,1147,416,478,1495,523,4054,2146
19285,28366,1190,431,525,1515,522,4054,2220
19285,28366,1175,421,469,1501,533,4061,2131
19285,28366,1125,458,407,1491,548,4057,2120
19285,28366,1126,369,483,1488,533,4062,2148
19279,28371,1139,482,447,1501,566,4057,2152
19272,28379,1109,410,441,1498,510,4055,2030
19264,28388,1091,424,458,1500,539,3782,2084
19257,28397,1097,426,477,1540,476,3624,2117
19250,28407,1156,475,410,1445,534,3390,2005
19243,28417,1102,460,473,1407,449,3296,2027
19234,28425,1171,463,486,1420,538,3136,2126
19226,28433,1165,462,482,1398,454,2942,2024
19220,28441,1146,498,442,1397,545,2859,1997
19212,28451,1210,477,457,1447,493,2682,1966
19203,28461,1232,398,510,1462,419,2629,2022
19195,28472,1241,303,485,1413,469,2422,2123
19188,28483,1230,474,521,1402,545,2368,2248
19180,28494,1276,454,455,1341,436,2291,2202
19172,28503,1292,413,578,1370,500,2154,2308
19165,28511,1270,545,502,1334,493,2085,2377
19159,28518,1346,612,556,1317,431,2046,2347
19152,28524,1333,558,517,1359,458,2021,2447
19146,28529,1290,569,480,1316,459,1935,2339
19139,28533,1331,581,504,1289,443,1943,2243
19133,28539,1359,551,488,1353,488,1871,2293
19125,28546,1308,507,613,1307,386,1822,2436
19118,28554,1384,544,522,1340,479,1791,2307
19110,28563,1314,523,517,1296,441,1731,2204
19103,28572,1329,579,568,1267,504,1737,2187
19094,28581,1353,559,565,1255,479,1665,2265
19085,28591,1390,576,511,1262,453,1611,2381
19078,28600,1361,560,529,1316,489,1561,2255
19069,28609,1442,596,534,1242,478,1545,2343
19063,28617,1419,702,624,1232,464,1540,2476
19055,28625,1387,669,558,1197,495,1441,2508
19048,28634,1406,611,550,1217,534,1415,2518
19039,28642,1415,675,508,1188,652,1390,2550
19031,28651,1442,670,604,1212,735,1410,2570
19022,28660,1464,668,556,1272,852,1350,2412
19012,28669,1513,681,571,1209,1039,1351,2487
19002,28679,1513,661,619,1201,1077,1306,2574
18993,28688,1419,682,641,1191,912,1240,2517
18983,28699,1440,751,592,1173,759,1170,2429
18975,28708,1473,634,546,1128,805,1186,2446
18967,28716,1494,639,572,1152,953,1176,2523
18957,28724,1508,469,559,1187,1862,1118,2548
18949,28732,1508,647,581,1169,2314,1216,2443
18940,28742,1436,538,622,1144,2533,1129,2479
18932,28750,1449,688,608,1137,2579,1129,2518
18923,28759,1480,742,623,1108,2623,1086,2616
18914,28767,1468,637,592,1062,2606,1084,2530
18906,28776,1468,642,599,999,2616,1042,2512
18896,28782,1493,633,583,869,2667,1065,2506
18888,28790,1481,553,660,896,2579,1072,2539
18880,28796,1488,613,683,856,2635,1015,2457
18870,28803,1488,586,605,737,2575,1017,2259
18862,28810,1433,548,626,746,2597,979,2454
18854,28816,1439,586,638,696,2598,974,2514
18846,28824,1430,540,671,615,2567,1016,2571
18838,28831,1441,681,631,584,2522,1031,2704
18829,28839,1413,586,652,625,2525,964,2739
18820,28847,1413,551,604,568,2554,928,2456
18812,28856,1425,597,601,521,2547,933,2391
18803,28864,1409,638,669,545,2540,952,2170
18796,28872,1412,595,657,594,2581,896,2372
18788,28881,1471,608,678,529,2488,906,2284
18782,28890,1471,626,660,531,2462,980,2231
18774,28898,1494,588,721,495,2510,822,2444
18768,28905,1490,632,645,518,2534,858,2280
18761,28913,1551,600,660,564,2552,931,2184
18754,28919,1548,612,712,586,2538,847,2309
18747,28926,1507,634,717,586,2551,847,2401
18740,28933,1440,599,704,573,2445,835,2349
18732,28941,1513,650,666,540,2536,890,2345
18724,28949,1487,580,704,569,2510,806,2157
18715,28958,1487,632,647,548,2487,798,2201
18707,28967,1496,667,719,603,2567,839,2308
18700,28976,1520,634,706,671,2481,827,2493
18692,28984,1608,638,695,516,2431,773,2577
18685,28992,1538,677,660,600,2524,786,2867
18678,29000,1532,654,788,593,2540,747,2795
18672,29007,1585,658,721,605,2603,733,2385
18665,29013,1599,702,740,619,2594,741,2446
18660,29020,1583,651,711,635,2554,753,2556
18654,29025,1582,674,742,607,2612,755,2518
18647,29031,1582,693,714,639,2553,787,2659
18641,29037,1583,637,721,679,2648,699,2788
18634,29044,1587,725,728,594,2582,784,2744
18628,29051,1564,703,763,637,2585,736,2722
18620,29057,1587,706,754,649,2661,710,2691
18614,29063,1626,711,760,678,2560,732,2689
18607,29070,1583,723,727,647,2364,698,2694
18600,29075,1548,731,737,613,2446,613,2658
18593,29081,1582,729,786,629,2544,783,2681
18588,29085,1622,750,769,649,2628,782,2715
18581,29090,1605,726,744,743,2616,780,2723
18574,29096,1621,703,817,644,2590,695,2784
18567,29101,1529,777,807,635,2571,696,2751
18560,29107,1556,763,807,618,2372,744,2756
18551,29113,1579,779,802,690,2457,692,2793
18545,29119,1519,755,801,626,2301,723,2756
18536,29126,1539,774,844,690,2442,702,2754
18525,29134,1505,759,807,695,2372,709,2774
18515,29143,1506,755,852,670,2165,685,2827
18505,29152,1467,800,875,692,2160,715,2817
18496,29162,1486,798,840,680,2147,686,2781
18487,29172,1486,790,979,690,2277,622,2857
18478,29180,1501,864,861,726,2138,694,2768
18470,29189,1469,839,897,754,2251,642,2810
18461,29199,1580,833,901,746,2165,652,2807
18452,29209,1509,878,878,745,2194,699,2804
18442,29220,1509,900,900,700,2248,653,2792
18433,29231,1591,843,912,747,2243,630,2781
18424,29242,1558,925,944,744,2374,671,2777
18416,29253,1558,870,984,830,2405,626,2804
18408,29263,1669,882,1002,758,2504,590,2846
18400,29270,1675,917,987,819,2606,557,2818
18393,29278,1671,913,1022,773,2504,572,2736
18385,29285,1661,975,967,807,2331,598,2779
18377,29292,1681,944,1065,828,2324,634,2911
18367,29300,1693,950,1052,858,2290,539,2832
18358,29308,1693,950,1063,922,2260,567,2837
18349,29315,1569,930,1095,860,2249,616,2830
18338,29324,1548,1041,1044,804,2296,634,2797
18329,29334,1548,1004,1093,862,2314,614,2838
18320,29343,1630,1075,1118,917,2326,617,2863
18312,29351,1512,1060,1136,881,2358,593,2842
18303,29360,1538,1067,1151,878,2324,575,2852
18294,29368,1524,1061,1145,870,2348,581,2864
18284,29376,1556,1087,1179,924,2519,551,2878
18276,29384,1556,1145,1188,945,2775,604,2890
18266,29394,1527,1122,1227,920,2488,534,2858
18256,29403,1591,1174,1284,983,1811,618,2953
18245,29413,1598,1227,1239,968,1366,603,2860
18235,29424,1654,1268,1286,1010,1022,569,2903
18225,29435,1690,1251,1333,1022,875,517,2906
18217,29446,1690,1270,1293,1067,753,507,2879
18209,29455,1710,1350,1375,1055,852,571,2929
18200,29464,1665,1308,1388,1119,801,564,2872
18192,29473,1654,1349,1416,1136,780,531,2884
18184,29482,1720,1397,1517,1214,803,550,2953
18176,29491,1696,1450,1491,1141,759,621,2916
18166,29499,1667,1432,1547,1219,697,494,2886
18157,29508,1651,1483,1575,1247,713,512,2891
18148,29516,1580,1488,1650,1224,625,526,2936
18139,29524,1575,1530,1615,1331,671,502,2915
18131,29532,1575,1612,1708,1266,597,584,2922
18123,29541,1650,1668,1765,1343,588,497,2931
18114,29547,1601,1675,1769,1362,589,539,2915
18107,29553,1543,1681,1853,1397,601,551,2953
18100,29560,1521,1727,1867,1396,503,482,2972
18091,29567,1502,1804,1915,1453,517,495,2976
18083,29575,1454,1839,1960,1460,542,507,2969
18074,29583,1487,1867,1998,1490,449,518,3028
18065,29591,1545,1985,2121,1604,538,510,3027
18056,29600,1549,2023,2158,1645,495,546,2968
18048,29608,1623,2094,2218,1637,489,488,2988
18040,29618,1673,2151,2331,1710,539,455,2963
18032,29627,1708,2312,2393,1755,486,476,2938
18026,29636,1821,2376,2498,1828,461,493,2964
18022,29641,1821,2387,2646,1939,476,465,2924
18022,29641,1866,2481,2705,1959,512,511,2953
18022,29641,1887,2481,2705,1973,471,455,2953
18022,29641,1888,2481,2688,1975,480,440,3002
18022,29641,1858,2472,2739,2019,445,476,2963
18020,29640,1858,2507,2706,1982,436,490,2926
18016,29635,1877,2476,2670,1988,460,545,3007
18013,29631,1912,2499,2702,1934,454,456,3003
18008,29627,1941,2553,2635,1886,471,494,2937
18005,29624,1973,2516,2603,1822,496,524,2904
18004,29623,2038,2603,2591,1787,472,515,2897
18000,29621,2033,2595,2589,1799,490,582,2892
17996,29621,2062,2643,2623,1739,490,524,2862
17992,29620,2152,2675,2553,1750,496,529,2848
17990,29619,2144,2659,2611,1695,503,540,2851
17988,29618,2165,2681,2528,1690,485,539,2873
17984,29618,2229,2758,2581,1730,504,532,2857
17980,29618,2281,2760,2556,1686,461,545,2836
17977,29618,2294,2798,2537,1635,558,497,2807
17975,29617,2319,2845,2566,1650,460,517,2794
17972,29616,2328,2839,2632,1635,443,409,2855
17968,29615,2375,2845,2526,1599,444,356,2649
17964,29613,2433,2906,2560,1605,465,454,2761
17963,29612,2510,2924,2531,1546,438,381,2781
17960,29612,2512,2971,2488,1531,460,430,2744
17956,29612,2524,2970,2519,1599,471,539,2727
17952,29612,2587,2966,2522,1515,459,649,2738
17949,29612,2587,3032,2572,1543,415,787,2756
17948,29612,2663,3069,2487,1548,451,955,2693
17945,29611,2634,3039,2516,1501,420,1048,2688
17941,29610,2760,3069,2492,1487,529,1133,2685
17938,29610,2739,3081,2503,1480,526,1259,2685
17935,29609,2761,3118,2497,1472,452,1366,2638
17935,29609,2819,3184,2460,1441,458,1415,2573
17935,29609,2838,3132,2496,1424,466,1500,2704
17931,29608,2826,3159,2474,1491,474,1503,2648
17929,29608,2858,3144,2456,1418,514,1670,2675
17926,29607,2912,3187,2592,1407,495,1804,2740
17922,29607,2967,3220,2519,1390,524,1880,2711
17921,29607,2980,3245,2451,1392,675,1920,2628
17918,29607,3008,3254,2359,1291,730,1931,2582
17916,29607,3042,3279,2466,1335,807,1779,2616
17913,29607,3094,3300,2447,1340,867,1730,2590
17910,29607,3169,3333,2393,1274,950,1506,2571
17907,29607,3246,3331,2487,1363,951,1217,2555
17904,29607,3246,3315,2463,1340,917,1071,2587
17904,29607,3220,3315,2463,1340,917,1071,2587
17901,29607,3222,3371,2447,1371,983,924,2487
17897,29607,3343,3417,2386,1289,1040,893,2381
17894,29607,3410,3438,2442,1211,1030,917,2435
17893,29607,3410,3418,2377,1233,1000,732,2378
17892,29607,3303,3426,2467,1254,1038,739,2422
17889,29606,3426,3450,2414,1245,1120,715,2390
17885,29606,3498,3499,2377,1252,1042,736,2330
17883,29606,3537,3508,2366,1198,1101,692,2323
17879,29606,3553,3550,2361,1223,1098,702,2305
17879,29606,3608,3537,2334,1171,1114,811,2320
17878,29605,3632,3559,2351,1161,1095,768,2277
17875,29605,3630,3582,2352,1156,1126,736,2309
17871,29604,3723,3574,2345,1159,1150,744,2264
17868,29604,3723,3573,2304,1130,1189,679,2275
17865,29604,3785,3614,2317,1158,1146,760,2190
17863,29604,3855,3840,2314,1104,1195,814,2133
17860,29604,3818,3676,2272,1095,1144,863,2107
17857,29604,3911,3626,2267,1056,1229,907,2129
17854,29604,3935,3617,2232,1059,1160,867,2139
17852,29604,3966,3643,2226,1075,1212,893,2022
17851,29604,4054,3654,2168,1075,1147,1053,2128
17851,29603,4046,3643,2197,1095,1161,993,2005
17851,29602,4034,3664,2204,1104,1160,1071,2091
17850,29601,4034,3696,2130,1032,1230,1070,2089
17848,29601,4042,3578,2105,945,1126,1097,2134
17848,29601,4028,3679,2200,982,1267,1150,2108
17844,29601,4047,3629,2191,1059,1203,1119,2185
17841,29601,4055,3695,2177,974,1182,1067,2145
17838,29601,4055,3705,2147,939,1252,1107,2118
17837,29601,4045,3748,2142,900,1178,1115,2107
17836,29601,4052,3660,2140,931,1217,1133,2130
17834,29601,4057,3708,2115,985,1265,1104,2130
17833,29601,4051,3711,2142,962,1222,1080,2099
17830,29601,4057,3677,2143,928,1236,1050,2115
17826,29601,4053,3718,2088,904,1207,1150,2024
17824,29601,4050,3740,2087,860,1261,1119,2006
17823,29601,4054,3724,2095,867,1252,1143,1964
17823,29601,4054,3717,2042,937,1286,1149,1935
17821,29601,4054,3713,2043,941,1262,1136,1917
17819,29600,4053,3719,2010,882,1252,1138,1898
17816,29600,4052,3831,2104,854,1247,1214,1924
17812,29600,4053,3802,2008,853,1246,1246,1941
17809,29600,4053,3730,2033,865,1246,1213,1981
17808,29599,4052,3759,1931,807,1289,1233,1896
17804,29599,4056,3734,1975,802,1283,1253,1946
17801,29599,4050,3738,1963,772,1331,1273,1908
17796,29599,4053,3755,1962,692,1354,1319,1910
17794,29599,4055,3782,1922,751,1336,1346,1928
17790,29599,4042,3620,1911,671,1263,1321,1958
17784,29598,4053,3730,1884,713,1363,1295,1972
17780,29598,4060,3721,1835,728,1369,1352,2186
17777,29598,4051,3753,1789,675,1387,1443,2328
17772,29598,4054,3725,1767,737,1422,1387,2180
17767,29598,4059,3711,1746,672,1379,1466,1860
17764,29598,4048,3693,1724,658,1428,1483,1693
17760,29598,4052,3677,1742,681,1386,1516,1651
17754,29597,4055,3679,1696,684,1444,1553,1603
17752,29597,4048,3656,1625,682,1436,1552,1608
17748,29597,4053,3646,1612,618,1437,1570,1647
17744,29596,4059,3654,1626,543,1425,1668,1751
17740,29596,4055,3630,1536,573,1442,1644,1773
17739,29596,4053,3558,1589,561,1475,1647,1847
17737,29596,4052,3569,1529,526,1481,1696,1842
17733,29596,4052,3539,1541,532,1450,1634,1880
17729,29596,4051,3538,1506,473,1533,1762,1908
17725,29596,4054,3433,1521,510,1376,1716,1932
17724,29596,4053,3465,1452,523,1402,1754,2035
17720,29596,4052,3445,1487,520,1381,1715,2051
17716,29596,4055,3454,1390,469,1324,1763,2105
17712,29596,4055,3432,1358,490,1342,1792,2097
17708,29596,4053,3405,1412,516,1296,1796,2181
17704,29595,4052,3352,1335,410,1361,1777,2181
17699,29595,4055,3340,1333,490,1305,1833,2259
17695,29595,4050,3327,1277,494,1249,1923,2348
17691,29595,4053,3346,1231,467,1212,1830,2256
17686,29594,4053,3233,1163,572,1255,1910,2304
17683,29593,4045,3162,1135,485,1217,1937,2388
17680,29593,4050,3146,1163,478,1194,1970,2415
17676,29593,4050,3108,1148,508,1234,1959,2487
17671,29593,4049,3079,1033,522,1199,2004,2460
17669,29593,4054,2985,1104,489,1164,2013,2645
17667,29592,4052,2976,991,503,1151,2018,2560
17664,29592,4051,2930,1074,482,1138,2000,2641
17661,29592,4058,2897,1025,525,1149,1999,2645
17656,29590,4053,2840,967,480,1096,2023,2680
17654,29590,4048,2811,961,458,1081,2071,2770
17651,29589,4052,2744,949,476,1032,2032,2806
17647,29588,4053,2767,971,469,1010,2037,2878
17643,29586,4054,2615,882,513,986,2049,2837
17640,29584,4054,2547,900,476,951,2122,2907
17635,29584,4051,2468,854,470,945,2133,2932
17630,29582,4052,2395,783,535,945,2173,3004
17626,29580,4054,2334,713,499,937,2236,3001
17623,29579,4055,2247,783,473,812,2200,3122
17619,29577,4055,2204,810,499,822,2247,3166
17613,29575,4052,2145,690,487,800,2301,3210
17609,29572,4052,2000,701,543,802,2294,3296
17604,29568,4053,1972,585,541,770,2364,3301
17598,29565,4054,1782,570,482,655,2376,3404
17594,29563,4054,1766,543,478,716,2337,3309
17588,29559,3920,1699,560,474,708,2467,3474
17583,29554,3512,1600,600,435,661,2499,3514
17580,29551,3400,1445,569,427,563,2490,3595
17574,29546,3400,1443,592,483,487,2618,3660
17570,29541,3233,1299,474,465,341,2546,3650
17568,29538,3080,1208,578,510,448,2608,3706
17563,29536,2964,1203,581,556,452,2689,3708
17559,29532,2842,1057,556,642,453,2632,3704
17556,29528,2706,1057,563,781,533,2674,3715
17552,29525,2558,977,495,840,546,2747,3733
17548,29522,2467,958,460,836,518,2731,3715
17543,29518,2407,889,533,969,500,2764,3766
17540,29514,2235,767,466,938,433,2747,3770
17535,29511,2131,751,528,995,450,2725,3754
17530,29507,2053,758,537,1032,454,2820,3751
17527,29503,1954,711,603,1072,431,2748,3758
17523,29498,1872,655,528,1144,465,2817,3748
17521,29497,1780,615,517,1128,452,2787,3747
17521,29497,1687,617,556,1198,477,2805,3762
17521,29497,1676,544,542,1178,439,2788,3742
17521,29497,1723,523,550,1163,449,2788,3775
17521,29497,1680,596,524,1221,475,2774,3759
17521,29497,1706,596,524,1221,475,2774,3759
17521,29498,1706,587,478,1236,537,2754,3737
17516,29502,1693,539,448,1238,463,2760,3665
17508,29505,1675,487,601,1173,509,2748,3809
17499,29509,1643,491,507,1221,484,2662,3760
17492,29515,1576,552,530,1264,468,2658,3671
17483,29520,1584,557,509,1235,516,2559,3703
17475,29525,1514,437,472,1283,533,2409,3655
17468,29530,1517,504,501,1282,518,2388,3616
17460,29535,1448,438,525,1325,541,2301,3670
17453,29540,1440,505,533,1358,507,2234,3627
17445,29544,1423,532,586,1423,482,2176,3630
17438,29550,1362,559,543,1367,473,2156,3604
17429,29556,1378,526,495,1397,506,2065,3590
17420,29562,1346,529,559,1406,497,2056,3551
17410,29568,1294,493,506,1420,526,1980,3514
17399,29575,1225,508,534,1438,524,1879,3468
17389,29583,1225,538,516,1449,589,1875,3473
17380,29590,1147,507,563,1473,564,1841,3407
17370,29598,1199,514,535,1540,537,1751,3383
17360,29606,1122,525,543,1555,537,1753,3335
17350,29616,1086,511,507,1519,570,1692,3317
17340,29625,1152,525,557,1555,503,1624,3287
17330,29634,1122,562,542,1568,521,1595,3262
17321,29642,1146,514,577,1543,522,1572,3256
17313,29650,1082,565,549,1589,493,1520,3185
17304,29656,1105,578,543,1622,520,1556,3170
17296,29664,1051,561,582,1602,518,1482,3163
17288,29671,1115,554,564,1659,551,1427,3111
17281,29678,1053,554,556,1611,541,1411,3100
17273,29686,1026,508,625,1655,490,1418,3144
17266,29694,1035,553,586,1684,588,1368,3066
17264,29700,1031,537,569,1721,603,1353,3020
17264,29700,1031,530,522,1670,602,1307,3004
17270,29706,1096,582,504,1629,647,1354,3008
17275,29711,1064,532,548,1588,527,1335,3086
17280,29715,1178,542,563,1472,394,1304,3057
17284,29720,1211,531,571,1461,299,1323,3055
17285,29724,1320,518,550,1421,198,1297,3048
17285,29724,1389,554,665,1361,262,1350,3183
17285,29724,1382,565,565,1344,320,1312,3102
17280,29727,1382,604,590,1394,289,1340,3116
17276,29733,1388,540,603,1340,320,1301,3141
17272,29739,1336,537,603,1291,297,1286,3138
17267,29745,1458,688,545,1352,340,1321,3108
17262,29752,1448,509,592,1318,360,1255,3148
17258,29759,1456,548,569,1256,380,1257,3188
17251,29764,1456,544,624,1264,354,1218,3121
17245,29771,1422,569,630,1273,315,1211,3151
17239,29778,1525,597,562,1224,243,1146,3133
17232,29784,1468,594,635,1296,67,1198,3120
17225,29789,1468,558,656,1275,64,1185,3119
17218,29794,1434,516,597,1292,82,1119,3103
17210,29800,1411,587,597,1296,240,1112,3035
17202,29808,1457,590,605,1356,706,1146,3119
17194,29814,1445,600,591,1325,1433,1117,3064
17188,29821,1444,562,574,1348,2098,1060,3050
17180,29828,1444,563,527,1299,2231,1075,3050
17173,29835,1396,601,664,1342,2237,1069,3084
17165,29840,1359,609,615,1316,2292,1053,3108
17159,29844,1371,605,631,1377,2347,1013,3067
17152,29850,1371,581,659,1371,2283,1041,3090
17145,29856,1335,604,656,1437,2316,1039,3066
17137,29863,1327,594,624,1371,2264,986,2983
17130,29869,1351,589,632,1385,2341,1013,3034
17122,29877,1319,608,569,1387,2346,1032,3006
17114,29885,1337,629,700,1478,2369,1021,3038
17106,29893,1322,576,641,1434,2406,986,2986
17098,29901,1342,647,660,1453,2410,971,2984
17091,29910,1325,617,660,1389,2367,965,2998
17083,29920,1337,637,658,1420,2361,991,2998
17075,29930,1355,679,652,1317,2426,996,2959
17067,29938,1355,593,722,1224,2398,900,2984
17059,29947,1368,659,678,1096,2409,938,2952
17050,29957,1327,608,698,685,2427,968,2975
17040,29968,1371,715,641,598,2430,946,2923
17030,29979,1350,618,709,590,2398,921,2987
17020,29990,1363,642,670,529,2408,883,2907
17009,30002,1364,652,755,591,2442,866,2974
16999,30013,1381,684,666,552,2432,907,2923
16990,30021,1413,686,743,564,2506,864,2990
16982,30030,1406,667,652,565,2448,886,2889
16975,30035,1365,717,674,551,2436,856,2914
16967,30042,1383,709,737,552,2396,854,2885
16959,30048,1352,711,711,572,2244,840,2919
16951,30056,1311,656,759,581,2304,752,2917
16943,30062,1354,714,715,581,2254,846,2886
16934,30070,1412,736,704,564,2347,825,2855
16926,30077,1266,724,689,529,2289,817,2888
16918,30085,1278,791,683,579,2349,879,2836
16909,30094,1239,694,690,586,2334,793,2829
16902,30101,1294,718,744,601,2381,786,2875
16894,30109,1265,722,739,679,2389,776,2805
16885,30116,1249,669,739,547,2371,775,2832
16876,30124,1310,764,740,594,2280,779,2778
16867,30132,1243,763,792,627,2348,865,2835
16857,30140,1236,781,753,615,2346,832,2823
16846,30148,1245,768,772,701,2407,774,2791
16836,30159,1238,752,772,619,2362,732,2786
16825,30169,1223,747,767,599,2455,800,2804
16815,30180,1209,775,820,649,2401,755,2802
16807,30190,1232,786,750,620,2465,757,2717
16797,30201,1254,787,773,650,2484,737,2716
16788,30211,1224,789,798,696,2554,731,2715
16777,30221,1203,860,801,691,2556,746,2727
16768,30230,1303,814,862,636,2568,775,2730
16757,30239,1210,796,856,681,2623,707,2731
16747,30248,1195,825,816,654,2566,732,2711
16736,30258,1242,815,890,728,2541,664,2721
16727,30267,1172,878,909,698,2599,762,2731
16718,30276,1220,861,899,774,2577,668,2672
16710,30284,1294,838,913,729,2591,716,2723
16701,30292,1168,890,942,727,2603,739,2715
16694,30300,1193,847,978,690,2598,713,2757
16685,30306,1224,867,896,775,2603,710,2661
16677,30314,1140,923,935,721,2610,672,2667
16668,30321,1166,917,902,742,2619,661,2644
16658,30328,1146,944,942,705,2595,712,2650
16649,30336,1208,886,967,754,2652,691,2632
16639,30346,1128,968,961,707,2632,687,2613
16619,30364,1088,967,1023,708,2607,630,2604
16610,30373,1115,984,994,751,2676,657,2560
16600,30382,1105,1002,984,769,2650,693,2534
16592,30391,1080,1031,1030,726,2638,657,2519
16583,30400,1118,984,1070,772,2690,603,2564
16574,30407,1068,1079,1007,843,2712,688,2486
16565,30415,1065,1065,1104,782,2722,658,2539
16557,30423,1043,1113,1082,767,2652,613,2538
16548,30430,1066,1170,1084,806,2735,650,2507
16541,30439,1063,1113,1152,836,2679,603,2538
16533,30448,1063,1090,1187,861,2751,628,2525
16527,30457,1045,1181,1075,854,2783,650,2461
16519,30466,1033,1159,1170,832,2858,633,2446
16512,30475,1061,1202,1226,904,2946,637,2477
16505,30484,1046,1215,1190,964,3122,682,2427
16498,30492,1102,1220,1252,904,2611,595,2437
16489,30500,1092,1250,1232,936,1957,640,2452
16482,30507,1119,1350,1295,904,1314,630,2393
16474,30514,1143,1314,1360,996,1049,630,2484
16466,30520,1143,1327,1296,966,803,650,2449
16459,30527,1184,1415,1327,1044,709,645,2380
16451,30533,1221,1368,1401,1019,652,601,2451
16443,30541,1224,1406,1469,1028,601,661,2466
16435,30548,1224,1445,1476,1043,587,609,2437
16428,30555,1286,1446,1488,1056,592,579,2460
16420,30563,1286,1509,1466,1061,549,662,2410
16412,30569,1346,1547,1503,1062,502,590,2433
16405,30577,1318,1536,1584,1124,531,604,2430
16398,30583,1388,1605,1565,1152,528,629,2395
16390,30591,1388,1670,1572,1146,569,597,2336
16382,30596,1433,1662,1608,1142,580,593,2334
16375,30603,1477,1682,1675,1130,516,604,2295
16366,30610,1504,1744,1683,1185,532,572,2348
16359,30617,1563,1784,1744,1214,498,586,2355
16350,30624,1600,1808,1757,1201,570,581,2285
16343,30632,1600,1904,1852,1240,587,605,2336
16336,30640,1669,1922,1833,1301,585,522,2314
16328,30649,1699,1974,1930,1304,537,577,2329
16319,30658,1699,2044,1987,1347,554,592,2281
16311,30667,1789,2114,2061,1370,582,607,2287
16303,30676,1838,2159,2109,1410,524,538,2291
16293,30686,1884,2268,2174,1509,471,564,2266
16284,30695,1934,2360,2293,1560,443,553,2274
16274,30706,2035,2477,2405,1606,443,562,2239
16263,30718,2115,2597,2509,1694,355,551,2268
16253,30729,2270,2806,2653,1783,380,615,2274
16244,30741,2323,2969,2856,1833,308,590,2247
16234,30752,2442,3179,2983,1958,376,572,2203
16224,30763,2610,3355,3242,2095,284,582,2246
16216,30771,2745,3607,3452,2204,293,546,2262
16207,30780,2840,3846,3658,2243,322,490,2212
16198,30788,3050,4040,3859,2380,303,646,2229
16189,30796,3219,4058,4063,2511,299,616,2229
16180,30804,3448,4061,4056,2610,233,589,2221
16172,30811,3718,4059,4057,2876,293,632,2158
16172,30814,3961,4057,4057,2916,259,525,2151
16172,30814,4053,3971,4058,3096,287,590,2189
16172,30814,4053,3971,4058,3096,287,590,2189
16166,30811,4053,4017,4059,3108,293,550,2172
16162,30808,4053,4016,4056,2936,305,553,2193
16157,30805,4060,3959,4058,2862,360,441,2249
16156,30802,4047,3896,4056,2789,394,470,2202
16153,30797,4053,3975,4057,2658,442,494,2119
16149,30794,4053,3945,4058,2619,488,427,2141
16144,30790,4053,3917,4060,2475,509,426,2143
16141,30787,4051,3880,4057,2398,473,544,2057
16136,30783,4057,3929,4059,2289,449,689,2186
16131,30780,4052,3867,4057,2183,472,801,2039
16128,30775,4053,3876,4059,2134,471,825,2047
16124,30771,4053,3912,4055,2011,520,789,2006
16118,30767,4054,3900,4000,1913,471,765,2002
16114,30763,4052,3963,3897,1834,526,800,1964
16111,30759,4052,3938,3840,1715,615,650,1946
16104,30756,4053,3968,3659,1634,678,678,1917
16100,30752,4036,3979,3554,1602,878,686,1905
16096,30749,3907,3929,3373,1472,946,741,1889
16090,30745,3943,4047,3304,1441,998,766,1818
16087,30743,3807,4038,3203,1316,980,789,1811
16082,30741,3729,4057,3185,1363,972,817,1779
16076,30738,3709,4057,2942,1325,999,813,1747
16073,30736,3668,4058,2953,1153,1005,927,1777
16071,30732,3651,4054,3002,1123,998,859,1677
16068,30729,3666,4057,2785,1078,1063,942,1724
16064,30726,3573,4061,2646,1103,1068,1070,1787
16061,30724,3628,4058,2578,1029,1118,1062,1786
16057,30722,3672,4059,2549,1022,1148,1045,1867
16054,30719,3578,4061,2439,940,1109,1085,1864
16051,30716,3569,4059,2363,920,1169,1228,1868
16046,30713,3601,4057,2256,871,1195,1179,1716
16044,30711,3573,4058,2214,859,1188,1219,1524
16040,30708,3534,4059,2161,805,1230,1257,1448
16036,30704,3620,4059,2033,729,1256,1332,1416
16032,30701,3649,4059,1984,686,1256,1312,1515
16030,30699,3651,4060,1927,684,1271,1399,1731
16027,30695,3691,4031,1861,655,1343,1424,1739
16021,30691,3742,4058,1786,589,1311,1470,1854
16017,30689,3786,4054,1694,488,1391,1569,1924
16014,30686,3801,4006,1799,504,1351,1544,1995
16011,30683,3877,3908,1594,510,1409,1612,2042
16005,30679,3877,3788,1601,530,1407,1674,2099
16002,30676,3915,3653,1409,480,1399,1762,2116
15997,30672,4018,3527,1396,544,1428,1745,2189
15992,30669,4052,3437,1332,509,1544,1828,2290
15988,30665,4052,3301,1229,432,1454,1898,2304
15984,30662,4053,3220,1168,511,1361,2002,2356
15979,30658,4054,3019,1109,454,1269,2019,2398
15976,30656,4053,2895,1046,461,1249,1995,2353
15974,30654,4054,2854,1019,463,1237,2111,2513
15971,30653,4054,2762,1000,500,1190,2126,2555
15968,30651,4053,2726,897,433,1247,2141,2544
15964,30648,4062,2649,931,438,1182,2235,2601
15961,30648,4043,2571,901,378,1120,2286,2668
15961,30646,4053,2502,879,485,1087,2283,2644
15956,30645,4054,2492,851,503,1123,2249,2717
15952,30642,4054,2415,815,444,1117,2267,2723
15949,30640,4049,2323,778,470,1033,2320,2772
15946,30637,4054,2226,702,473,1000,2367,2844
15944,30635,4052,2161,764,452,976,2420,2849
15941,30633,4052,2106,720,513,908,2469,2874
15937,30631,4050,2053,664,562,960,2446,2886
15933,30630,4053,2003,710,456,831,2502,2954
15932,30628,4055,1961,640,452,853,2566,2967
15929,30625,4055,1746,620,479,795,2553,2964
15926,30623,3984,1841,617,480,768,2571,3117
15921,30620,3895,1761,548,425,744,2598,3074
15918,30618,3803,1761,548,425,744,2598,3074
15915,30617,3855,1645,541,446,779,2682,3163
15910,30614,3491,1631,532,426,730,2774,3174
15906,30612,3491,1541,583,413,719,2772,3269
15903,30609,3386,1463,550,453,693,2749,3299
15898,30606,3290,1393,597,401,665,2787,3320
15893,30604,3198,1296,445,543,653,2754,3301
15890,30601,3098,1265,515,434,713,2801,3390
15887,30600,3004,1228,451,421,612,2826,3386
15882,30596,2879,1139,558,465,550,2824,3423
15878,30593,2816,1121,486,511,497,2874,3413
15876,30590,2583,1041,515,550,474,2835,3505
15872,30586,2602,1022,518,706,403,2935,3428
15869,30584,2489,943,502,821,427,2894,3479
15865,30580,2387,893,522,802,437,2928,3455
15862,30577,2363,887,458,903,395,2987,3484
15859,30575,2186,813,532,937,429,2970,3506
15855,30572,2094,796,525,910,428,2971,3508
15851,30570,2045,777,537,980,415,3036,3509
15848,30569,1992,665,514,980,426,2988,3552
15845,30567,1982,597,477,1005,377,2967,3490
15840,30565,1927,609,431,1026,393,3026,3503
15836,30564,1799,639,539,1038,369,3045,3533
15835,30561,1746,696,501,1056,406,3035,3483
15836,30560,1701,560,509,1082,411,2982,3481
15836,30560,1709,563,484,1171,443,3010,3474
15836,30560,1740,570,497,1124,397,3044,3464
15836,30560,1740,547,478,1098,445,3015,3469
15834,30563,1668,532,508,1207,411,2995,3464
15830,30567,1664,546,547,1103,395,3019,3489
15823,30570,1680,504,468,1104,373,2904,3474
15817,30574,1645,524,543,1113,400,2835,3489
15810,30578,1606,519,487,1252,446,2767,3458
15804,30582,1638,475,546,1186,360,2712,3471
15797,30586,1551,436,467,1139,414,2637,3459
15790,30590,1571,480,469,1176,459,2616,3480
15784,30595,1484,405,554,1223,454,2470,3534
15777,30598,1454,478,483,1247,438,2476,3443
15772,30601,1454,481,510,1253,471,2397,3467
15765,30605,1469,430,495,1187,398,2332,3391
15760,30610,1442,506,505,1276,367,2344,3418
15752,30615,1370,478,492,1327,397,2264,3489
15745,30621,1390,520,466,1251,397,2184,3415
15736,30627,1390,492,513,1297,441,2179,3534
15728,30633,1367,497,562,1309,402,2140,3356
15720,30640,1308,375,525,1295,437,2031,3326
15710,30649,1359,459,508,1322,428,1986,3365
15701,30656,1271,457,574,1312,402,1936,3346
15692,30665,1273,526,483,1328,457,1891,3323
15684,30674,1253,483,481,1340,475,1861,3287
15675,30684,1279,510,532,1332,412,1796,3273
15666,30692,1298,487,522,1361,423,1745,3237
15659,30703,1298,496,483,1344,373,1707,3244
15650,30714,1273,506,522,1281,410,1714,3189
15642,30725,1264,516,559,1392,355,1640,3204
15634,30736,1295,493,542,1331,363,1546,3228
15624,30747,1347,510,541,1341,421,1523,3134
15616,30758,1399,568,559,1384,424,1567,3154
15607,30768,1399,536,611,1317,368,1493,3179
15598,30776,1396,508,542,1317,362,1413,3119
15591,30784,1374,572,606,1310,367,1423,3173
15583,30792,1366,523,561,1348,363,1392,3193
15577,30798,1423,540,558,1324,337,1323,3121
15569,30804,1420,518,493,1333,340,1312,3080
15561,30812,1353,552,575,1321,360,1294,3082
15553,30819,1388,561,659,1305,286,1325,3142
15544,30827,1329,640,586,1339,244,1353,3122
15535,30836,1348,583,651,1318,106,1253,3118
15525,30845,1326,581,598,1318,77,1250,3062
15514,30853,1297,531,663,1333,206,1194,3108
15504,30862,1319,584,603,1329,992,1275,3056
15493,30872,1329,535,543,1396,1776,1191,3036
15482,30882,1209,547,612,1404,2024,1204,3017
15473,30890,1257,597,657,1399,2171,1160,3059
15464,30899,1236,554,734,1418,2207,1120,3062
15455,30906,1259,584,607,1421,2216,1133,2981
15446,30915,1174,563,674,1423,2238,1089,2992
15437,30924,1174,600,625,1438,2223,1126,2943
15426,30935,1215,635,640,1408,2251,1133,2944
15416,30944,1164,574,695,1490,2301,1063,2952
15408,30954,1224,586,613,1439,2262,1011,2881
15398,30964,1169,585,580,1435,2308,1016,2845
15390,30972,1171,627,695,1465,2289,1029,2855
15382,30980,1171,603,646,1480,2291,1005,2883
15372,30989,1195,644,649,1427,2285,1007,2853
15363,30997,1164,642,629,1453,2333,1010,2826
15353,31006,1163,570,632,1519,2340,998,2803
15343,31016,1151,601,677,1584,2328,936,2794
15332,31025,1160,604,668,1598,2336,950,2789
15322,31035,1123,646,631,1455,2355,967,2736
15313,31044,1127,674,650,1240,2339,921,2758
15304,31050,1091,642,714,1136,2353,903,2764
15296,31056,1106,582,624,1079,2258,878,2713
15288,31063,1097,644,687,951,2392,881,2691
15278,31070,1041,589,635,769,2405,892,2688
15269,31078,1057,603,697,748,2411,847,2723
15258,31085,1030,622,727,527,2451,843,2740
15248,31094,970,632,660,497,2407,859,2639
15242,31100,1015,626,757,564,2401,831,2712
15241,31100,1015,626,757,564,2401,831,2712
15245,31103,1022,663,711,359,2423,840,2595
15250,31107,1027,643,726,633,2469,843,2658
15251,31111,1100,624,727,529,2448,875,2647
15250,31113,1100,669,740,503,2433,866,2689
15250,31113,1101,688,671,547,2490,887,2647
15244,31116,1082,671,809,575,2447,836,2689
15237,31123,1071,646,709,496,2491,840,2661
15228,31132,1137,732,670,468,2467,893,2614
15221,31140,1086,656,717,548,2479,799,2635
15214,31148,1158,668,715,580,2498,800,2664
15207,31155,1113,610,638,509,2443,817,2601
15200,31162,1132,666,718,571,2474,753,2602
15192,31170,1107,687,752,623,2477,797,2648
15186,31178,1150,700,725,609,2497,789,2600
15177,31186,1114,699,746,616,2510,796,2612
15168,31194,1088,736,713,590,2516,776,2587
15160,31203,1088,736,771,547,2512,732,2665
15150,31213,1140,692,766,619,2521,745,2554
15141,31223,1108,725,750,582,2500,803,2531
15132,31232,1093,728,766,624,2597,768,2533
15123,31240,1145,734,846,648,2567,762,2569
15116,31248,1089,829,800,647,2581,762,2517
15107,31256,1113,780,775,661,2570,730,2527
15099,31264,1090,780,853,663,2601,721,2540
15090,31272,1128,768,792,684,2612,680,2488
15082,31280,1197,795,850,625,2652,697,2523
15074,31287,1090,786,809,704,2624,726,2492
15066,31295,1090,799,802,673,2676,727,2486
15057,31302,1086,803,904,665,2624,731,2534
15048,31310,1090,841,825,649,2663,732,2483
15040,31318,1106,827,857,769,2687,711,2450
15032,31325,1076,850,867,726,2680,754,2464
15026,31331,1058,884,840,708,2661,712,2450
15020,31337,1080,823,902,706,2746,630,2435
15014,31342,1073,867,881,760,2766,674,2431
15007,31348,1034,828,881,698,2714,645,2434
15000,31354,1059,919,921,667,2691,711,2391
14993,31361,1059,920,927,717,2749,703,2401
14984,31368,1047,915,953,713,2799,721,2397
14976,31376,998,903,922,697,2750,717,2375
14967,31383,998,914,969,755,2741,670,2423
14959,31390,1033,928,936,675,2721,607,2338
14950,31399,1061,989,987,774,2805,668,2395
14942,31408,1033,985,956,781,2800,647,2373
14933,31417,1040,977,1005,738,2782,626,2344
14924,31426,1040,984,1003,763,2855,630,2334
14917,31436,1086,951,1022,1017,2817,665,2300
14909,31446,1086,1000,1093,799,2874,649,2407
14901,31456,999,1056,1085,801,2847,695,2317
14893,31468,1043,1058,1052,780,2861,629,2306
14885,31480,1119,1073,1101,940,2923,597,2313
14877,31492,1119,1083,1125,865,2919,639,2293
14868,31503,1113,1155,1152,830,2941,735,2345
14860,31514,1085,1117,1222,889,2978,592,2342
14851,31522,1140,1158,1276,899,2665,643,2375
14843,31531,1149,1159,1156,898,1110,644,2273
14836,31539,1131,1222,1242,966,517,592,2292
14828,31546,1190,1252,1267,976,348,655,2296
14822,31552,1133,1235,1319,966,212,585,2303
14813,31560,1065,1308,1283,983,287,668,2297
14805,31568,1121,1234,1330,995,214,589,2282
14796,31576,1148,1306,1382,1065,202,596,2310
14787,31585,1138,1377,1379,1060,224,552,2250
14778,31595,1180,1408,1427,1059,226,554,2243
14767,31604,1205,1414,1456,1091,297,567,2258
14756,31614,1235,1431,1542,1101,191,591,2291
14746,31624,1213,1496,1584,1141,228,550,2323
14736,31633,1263,1596,1605,1169,144,659,2273
14727,31642,1293,1606,1592,1186,225,596,2237
14717,31651,1373,1634,1654,1196,152,580,2217
14708,31661,1357,1719,1712,1229,166,595,2250
14698,31670,1413,1737,1762,1238,96,585,2239
14688,31680,1448,1814,1853,1226,104,640,2260
14678,31691,1575,1855,1880,1333,142,565,2219
14669,31700,1585,1903,1955,1425,156,562,2290
14659,31711,1629,2010,1990,1442,95,632,2217
14649,31720,1676,2041,2143,1462,105,595,2286
14640,31729,1724,2106,2239,1525,108,576,2299
14631,31736,1749,2242,2284,1562,128,580,2284
14622,31745,1849,2307,2312,1621,93,551,2196
14612,31755,1916,2414,2411,1673,117,535,2197
14601,31764,2037,2523,2581,1801,154,550,2219
14591,31772,2046,2688,2662,1786,103,524,2207
14580,31781,2162,2848,2856,1841,64,598,2215
14563,31797,2396,3219,3110,2006,35,549,2165
14563,31797,2519,3373,3259,2077,88,532,2167
14562,31797,2573,3426,3321,2058,59,584,2162
14562,31797,2537,3397,3283,2077,77,551,2187
14561,31797,2537,3412,3281,2053,78,560,2156
14556,31792,2567,3439,3260,2058,92,637,2141
14551,31787,2573,3413,3263,2003,172,523,2182
14547,31782,2731,3392,3165,1957,322,498,2141
14544,31778,2742,3485,3051,1882,527,530,2147
14538,31774,2816,3458,3016,1796,473,438,2096
14532,31769,2901,3497,3014,1756,462,512,2155
14529,31766,2978,3506,2851,1681,545,616,2028
14524,31762,3012,3556,2850,1590,532,832,2050
14519,31758,3133,3498,2856,1587,509,1086,2016
14515,31754,3193,3505,2712,1489,518,1101,1990
14509,31750,3275,3552,2653,1449,643,1048,1967
14504,31746,3291,3539,2593,1338,860,984,1993
14499,31742,3395,3556,2523,1326,1028,918,2016
14492,31737,3424,3538,2450,1246,967,770,1901
14487,31732,3553,3514,2383,1228,972,822,1874
14481,31726,3553,3459,2330,1210,952,787,1848
14476,31722,3553,3403,2193,1061,1090,785,1800
14472,31718,3662,3395,2127,942,1239,856,1782
14467,31712,3640,3334,2040,948,1194,925,1734
14463,31708,3655,3285,1986,856,1223,914,1719
14460,31704,3615,3204,1924,753,1261,962,1719
14455,31700,3729,3148,1815,716,1288,1089,1666
14450,31697,3695,3111,1780,737,1360,1065,1664
14448,31694,3724,3025,1726,566,1449,1115,1616
14444,31691,3694,3031,1661,722,1456,1135,1587
14440,31688,3660,2965,1674,504,1471,1166,1615
14436,31684,3660,2911,1590,586,1526,1241,1619
14434,31682,3727,2844,1522,585,1553,1291,1681
14431,31680,3695,2928,1480,497,1524,1300,1685
14427,31677,3635,2766,1472,584,1640,1354,1706
14422,31673,3631,2756,1404,578,1649,1448,1603
14419,31670,3601,2668,1451,523,1702,1473,1553
14414,31668,3627,2555,1341,540,1710,1477,1371
14409,31665,3547,2538,1349,443,1728,1527,1253
14405,31662,3534,2477,1220,532,1670,1618,1077
14401,31659,3534,2441,1182,483,1602,1621,1233
14396,31655,3556,2429,1145,487,1570,1736,1461
14392,31652,3482,2307,1087,426,1437,1740,1588
14388,31648,3420,2279,1099,534,1464,1803,1707
14382,31644,3446,2207,969,497,1378,1900,1715
14379,31641,3258,2077,958,529,1354,1866,1782
14376,31639,3331,2060,768,508,1310,1976,1777
14369,31636,3331,2009,743,471,1290,2008,1791
14365,31633,3158,1951,713,453,1211,2086,1849
14362,31630,3158,1872,739,489,1220,2116,1897
14357,31627,3071,1814,726,427,1118,2163,1888
14352,31623,3036,1764,685,496,1082,2224,1908
14349,31621,3003,1725,700,462,1076,2295,1993
14347,31620,2909,1729,702,420,1029,2339,2047
14342,31617,2847,1638,669,471,1032,2330,2021
14337,31615,2847,1629,584,528,987,2431,2078
14335,31613,2775,1512,654,470,953,2384,2116
14331,31611,2751,1522,613,456,902,2435,2148
14327,31609,2662,1453,583,451,936,2504,2125
14323,31608,2639,1450,578,473,885,2462,2090
14321,31606,2639,1365,548,450,880,2472,2167
14317,31604,2564,1369,476,383,811,2518,2203
14312,31602,2521,1399,544,509,797,2649,2202
14309,31600,2498,1282,577,520,749,2607,2277
14305,31599,2424,1117,456,555,756,2603,2288
14299,31596,2388,1258,625,598,767,2643,2349
14296,31594,2271,1232,503,528,759,2690,2334
14294,31593,2295,1164,605,538,949,2644,2326
14291,31591,2296,1131,547,466,805,2700,2353
14288,31589,2229,1080,566,444,852,2707,2453
14284,31588,2066,1028,487,404,699,2686,2433
14281,31587,2123,1034,496,484,772,2741,2398
14281,31587,2085,978,484,757,593,2707,2391
14280,31587,2057,969,528,606,607,2721,2384
14277,31587,2015,1031,499,667,595,2679,2296
14276,31586,1961,933,573,647,545,2682,2442
14273,31586,1999,941,549,663,428,2599,2442
14269,31586,1950,908,465,785,499,2714,2458
14268,31585,1934,889,506,796,474,2730,2441
14266,31584,1952,853,584,874,514,2681,2454
14265,31584,1957,769,482,884,456,2719,2504
14265,31584,1893,717,506,848,524,2715,2490
14265,31584,1893,690,526,869,469,2691,2526
14261,31585,1889,670,461,952,497,2725,2497
14257,31590,1930,686,557,911,493,2651,2502
14252,31595,1916,725,567,863,477,2616,2490
14248,31601,1900,736,540,879,469,2553,2500
14242,31605,1935,777,521,910,536,2521,2555
14242,31605,1970,699,532,901,533,2431,2569
14242,31605,1921,528,507,900,504,2400,2565
14240,31604,1921,655,510,894,578,2420,2556
14236,31601,1910,615,405,848,529,2420,2605
14233,31596,1912,609,503,862,491,2434,2559
14229,31594,1813,535,501,963,547,2456,2557
14225,31592,1768,692,509,1011,429,2448,2579
14223,31591,1683,607,540,1050,494,2489,2645
14219,31589,1709,600,493,1133,494,2452,2609
14214,31589,1571,768,568,1154,566,2502,2739
14211,31588,1571,591,544,1143,480,2503,2714
14206,31586,1557,598,580,1203,461,2523,2727
14202,31585,1515,500,604,1212,497,2429,2725
14198,31584,1520,561,525,1260,499,2456,2608
14198,31584,1451,589,471,1321,442,2465,2547
14198,31584,1451,471,513,1275,454,2402,2549
14198,31584,1451,478,527,1329,455,2416,2555
14194,31587,1403,492,545,1222,477,2488,2543
14189,31592,1433,556,563,1320,492,2402,2590
14183,31598,1425,530,499,1262,478,2390,2478
14177,31604,1383,476,575,1331,462,2258,2511
14169,31608,1383,638,516,1283,442,2216,2377
14164,31613,1393,554,548,1278,461,2137,2405
14157,31618,1363,543,527,1363,420,2068,2490
14151,31622,1363,512,514,1329,469,2045,2431
14145,31629,1317,596,569,1303,464,2027,2501
14137,31635,1317,622,612,1403,471,1958,2505
14130,31640,1326,442,562,1340,483,1899,2526
14123,31647,1312,441,554,1328,459,1844,2464
14115,31655,1339,394,557,1391,459,1836,2483
14106,31662,1299,514,559,1349,451,1802,2505
14098,31669,1299,420,491,1385,434,1748,2397
14091,31677,1310,531,553,1419,455,1717,2411
14084,31686,1387,462,543,1402,490,1705,2464
14076,31694,1311,515,537,1372,449,1655,2468
14068,31703,1311,526,536,1383,471,1626,2465
14061,31712,1303,521,543,1366,483,1547,2438
14052,31721,1327,550,541,1349,461,1546,2469
14044,31729,1330,530,491,1334,471,1482,2429
14035,31737,1403,528,551,1378,478,1410,2428
14025,31746,1327,532,571,1348,469,1420,2448
14015,31755,1327,544,545,1347,395,1360,2344
14005,31764,1274,595,637,1365,404,1388,2589
13996,31772,1294,561,643,1353,401,1364,2441
13987,31780,1233,540,589,1360,441,1314,2515
13978,31788,1233,511,610,1442,451,1280,2482
13969,31796,1300,592,620,1402,465,1261,2410
13960,31803,1325,524,564,1427,452,1238,2512
13952,31809,1289,540,634,1412,458,1252,2542
13942,31816,1256,604,585,1433,314,1281,2495
13933,31822,1246,578,629,1433,229,1226,2646
13924,31829,1279,617,601,1507,166,1236,2507
13916,31836,1245,555,546,1502,93,1185,2482
13906,31844,1116,517,548,1470,381,1170,2489
13898,31851,1104,604,580,1518,1404,1234,2504
13888,31859,1104,594,551,1526,2016,1150,2529
13880,31867,1087,605,539,1518,2476,1098,2544
13870,31877,1034,623,559,1535,2566,1111,2485
13859,31887,1112,659,559,1533,2652,1110,2463
13848,31897,1112,604,555,1530,2689,1044,2479
13836,31906,1088,624,559,1552,2725,1071,2477
13825,31914,1109,620,551,1567,2708,1053,2499
13815,31921,1067,667,576,1587,2705,1050,2456
13805,31928,1062,694,599,1660,2707,1062,2479
13796,31937,1091,667,503,1743,2683,992,2415
13786,31945,1089,683,549,1679,2773,1037,2408
13775,31954,1112,680,558,1657,2737,1027,2443
13765,31964,1054,603,610,1699,2706,946,2443
13754,31973,1104,622,619,1773,2762,956,2441
13742,31981,1071,622,589,1820,2788,1009,2388
13731,31991,663,669,560,1833,2752,925,2342
13720,31999,897,667,608,1869,2794,919,2357
13711,32008,826,711,576,1892,2802,902,2345
13702,32015,888,754,560,1890,2785,933,2290
13692,32022,921,715,594,1926,2839,911,2323
13691,32027,921,795,593,1966,2818,905,2312
13691,32027,906,742,615,1932,2853,939,2299
13691,32027,908,789,577,1950,2861,975,2256
13691,32027,857,722,522,1942,2864,868,2259
13691,32027,920,641,544,1935,2841,904,2302
13691,32027,916,674,643,1970,2856,931,2377
13691,32027,904,737,598,1952,2890,932,2318
13691,32027,973,718,558,1936,2851,933,2326
13695,32030,973,715,582,1938,2846,923,2308
13699,32036,867,717,587,1909,2850,906,2326
13703,32039,1020,725,661,1778,2876,929,2345
13708,32044,941,648,642,1679,2914,920,2333
13710,32047,804,748,636,822,2922,846,2333
13710,32047,1296,748,636,822,2922,846,2333
13707,32048,1296,766,677,644,2921,936,2341
13703,32052,1301,742,714,642,2967,862,2367
13696,32058,1112,724,685,606,2933,841,2351
13688,32066,1112,710,773,556,2910,799,2361
13681,32072,1057,712,700,543,2969,838,2323
13675,32079,1057,725,664,539,2972,894,2300
13666,32085,987,722,680,552,3029,873,2321
13659,32091,891,723,713,618,2966,826,2306
13650,32097,879,833,737,533,2923,912,2301
13641,32104,914,715,682,569,2819,803,2292
13631,32110,1029,675,740,563,2783,797,2365
13622,32116,1032,682,693,608,2835,785,2273
13614,32124,1032,758,711,573,2836,767,2322
13605,32131,1038,767,710,532,2898,786,2323
13595,32139,984,784,692,498,2886,814,2283
13584,32149,1045,896,716,671,2912,839,2261
13574,32158,996,779,713,599,2919,788,2255
13565,32167,1014,808,701,531,2892,762,2224
13556,32176,1032,835,743,600,2946,740,2239
13546,32184,986,789,732,585,2940,741,2251
13537,32194,1024,811,764,565,2917,774,2227
13528,32204,1045,848,786,577,2970,814,2251
13520,32216,1024,802,771,707,3048,740,2248
13511,32227,1024,855,749,605,3114,709,2201
13504,32239,1024,906,743,594,3158,744,2183
13494,32250,1062,956,848,670,3140,698,2234
13485,32261,1115,980,823,652,3142,722,2196
13476,32270,1068,1030,790,634,3129,756,2101
13467,32279,1117,995,866,708,3118,700,2005
13458,32287,1117,1007,921,707,3131,698,2110
13450,32295,1094,989,804,696,3152,676,2098
13441,32303,1080,990,804,671,3194,666,2094
13433,32310,1080,906,871,722,3223,625,2143
13425,32318,1026,914,879,644,3194,677,2167
13416,32326,1165,931,868,687,3188,715,2127
13408,32335,1076,900,858,705,3204,668,2153
13400,32343,1053,911,881,698,3205,648,2163
13393,32351,1046,877,914,816,3239,646,2151
13385,32359,1046,891,929,711,3239,671,2190
13376,32367,1148,892,933,673,3209,676,2195
13368,32375,1100,912,942,806,3224,660,2157
13359,32384,1065,946,968,739,3234,693,2154
13350,32392,1117,910,993,755,3258,624,2151
13342,32400,1086,919,1025,797,3245,632,2119
13335,32409,1086,905,990,701,3304,685,2139
13326,32417,1050,938,1028,791,3328,626,2117
13318,32427,1114,978,1050,830,3334,636,2153
13310,32436,1106,956,979,896,3340,591,2133
13301,32446,1085,999,1096,810,3280,617,2135
13292,32456,1078,1019,1170,856,3280,658,2193
13282,32466,1093,1016,1114,934,3392,578,2101
13272,32475,1105,1088,1153,974,3333,626,2124
13262,32484,1058,1106,1161,980,3343,581,2078
13252,32494,1096,1154,1170,939,3355,536,2155
13242,32502,1108,1139,1201,928,3410,611,2264
13234,32510,1075,1169,1232,997,3592,628,2219
13226,32519,1058,1196,1300,1052,3506,648,2200
13216,32527,1054,1193,1289,943,2713,589,2165
13208,32536,1046,1244,1305,973,1747,600,2146
13198,32543,1081,1266,1280,1001,1171,604,2120
13189,32551,1110,1267,1301,1002,879,581,2115
13180,32557,1153,1205,1307,960,739,546,2077
13171,32564,1064,1260,1325,1008,697,615,2059
13162,32571,993,1244,1326,1001,691,558,2016
13154,32578,998,1251,1397,983,623,610,1923
13145,32585,1169,1317,1404,1047,603,649,1888
13136,32592,1218,1277,1430,1049,536,600,1741
13128,32600,1345,1371,1422,1045,543,591,1664
13118,32609,1471,1446,1431,1070,580,592,1807
13107,32617,1519,1405,1500,1072,558,551,1799
13096,32626,1534,1477,1515,1103,558,547,1809
13085,32638,1301,1542,1631,1091,540,528,1819
13073,32648,1318,1639,1664,1115,467,612,1813
13062,32656,1352,1702,1648,1167,506,587,1792
13054,32666,1433,1779,1716,1178,512,598,1881
13044,32675,1471,1819,1778,1258,479,538,1860
13034,32684,1585,1955,1805,1237,486,572,2003
13024,32692,1713,1983,1859,1300,533,578,2195
13014,32701,1836,2061,1923,1273,454,493,2114
13004,32709,1915,2143,1986,1323,486,558,2051
12992,32719,1876,2143,1986,1323,486,558,2051
12981,32729,1889,2192,2182,1410,499,535,1945
12970,32739,1979,2241,2245,1498,471,538,1918
12960,32747,2063,2329,2326,1508,478,620,1926
12951,32756,2146,2486,2419,1562,501,542,1908
12942,32763,2276,2484,2542,1604,464,550,1912
12934,2,2320,2546,2628,1742,454,561,1922
12931,7,2377,2795,2701,1671,471,571,1886
12931,7,2415,2944,2877,1763,447,518,1907
12931,7,2368,2979,2847,1790,490,533,1903
12938,12,2344,3017,2812,1750,446,591,1902
12941,16,2464,2962,2908,1817,457,501,1878
12945,19,2435,2995,2966,1903,460,520,1950
12949,22,2394,3038,3027,1963,520,512,1917
12952,24,2394,2980,2971,1977,516,560,1924
12952,24,2296,2959,2979,1988,483,551,1930
12952,24,2296,2946,2983,2002,477,540,1940
12946,20,2285,2969,3040,1999,446,567,1917
12942,17,2335,2944,2955,1990,507,517,1915
12937,14,2376,2936,2945,1956,492,542,1911
12936,10,2474,2974,2922,1883,454,573,1906
12932,7,2471,2987,2893,1807,501,585,1920
12927,4,2332,2925,2809,1732,534,586,1887
12924,1,2332,2986,2761,1714,487,566,1883
12918,32765,2006,2722,2706,1682,456,534,1851
12914,32762,1977,2774,2712,1628,469,530,1920
12909,32758,2785,2810,2702,1620,443,496,1871
12906,32755,2789,2662,2621,1550,450,581,1847
12900,32751,2789,2921,2557,1438,431,728,1854
12895,32747,2926,2833,2532,1319,422,1224,1841
12891,32744,3028,2833,2532,1319,422,1224,1841
12886,32740,3000,2957,2381,1261,464,1559,1764
12881,32736,3077,2920,2354,1231,567,1358,1755
12878,32732,3077,2991,2269,1152,895,1192,1703
12873,32729,3135,3109,2224,1140,902,1026,1661
12868,32726,3107,3129,2222,1194,1003,917,1675
12866,32723,3151,3081,2148,1126,1031,753,1607
12861,32720,3151,3071,2147,1093,1108,724,1654
12857,32716,3113,3089,2056,1079,1129,815,1605
12853,32714,3187,3049,2022,1052,1186,844,1686
12852,32712,3203,3027,1952,995,1265,724,1567
12847,32708,3178,3018,1917,1057,1200,705,1565
12844,32706,3178,3003,1821,936,1263,779,1517
12839,32703,2983,3006,1883,861,1306,847,1543
12837,32700,3130,2989,1842,878,1324,844,1511
12832,32697,2890,2960,1808,827,1358,907,1516
12827,32693,3129,2921,1730,799,1486,880,1542
12825,32691,2949,2848,1695,719,1491,921,1516
12821,32687,2974,2830,1558,701,1560,991,1503
12817,32685,3155,2612,1547,711,1597,975,1567
12809,32677,3157,2571,1357,597,1572,1075,1689
12805,32673,3089,2613,1345,611,1576,1083,1726
12800,32670,3227,2555,1315,543,1616,1208,1531
12796,32664,3227,2427,1350,489,1664,1197,1378
12793,32661,3268,2361,1229,384,1656,1241,1436
12788,32658,3214,2362,1216,469,1752,1313,1266
12784,32654,3239,2301,1187,524,1828,1367,1241
12781,32649,3201,2215,1182,489,1810,1495,1166
12776,32646,3149,2237,1136,431,1833,1526,1306
12772,32643,3154,2158,1076,376,1746,1512,1739
12769,32637,3123,2140,1058,461,1728,1511,1805
12768,32636,3051,2014,1030,480,1660,1586,1668
12765,32634,3030,2037,916,449,1639,1552,1584
12763,32633,3025,1990,956,399,1596,1538,1630
12759,32632,3123,1986,980,473,1606,1654,1615
12757,32630,2962,1925,890,470,1573,1551,1510
12754,32628,3033,1968,944,423,1511,1680,1444
12753,32628,2983,1871,874,441,1500,1696,1466
12750,32625,2973,1843,934,439,1463,1715,1733
12747,32624,2934,1846,923,474,1466,1809,1814
12743,32622,2841,1783,864,453,1537,1865,2106
12741,32621,2773,1736,798,418,1440,1759,2085
12740,32619,2802,1805,778,412,1384,1691,1864
12735,32617,2732,1707,759,456,1345,1842,1905
12731,32616,2721,1721,688,451,1266,1775,1800
12728,32614,2594,1646,638,442,1270,1725,1837
12726,32612,2546,1641,737,477,1169,1708,1834
12723,32610,2627,1573,747,444,1159,1744,1750
12718,32608,2521,1467,770,483,1165,1790,1620
12714,32605,2553,1385,598,425,1070,1891,1824
12711,32604,2514,1364,615,424,1018,1993,2154
12707,32603,2439,1361,562,406,973,2004,2267
12702,32601,2440,1322,444,369,911,2102,2429
12700,32600,2463,1304,536,431,905,2059,2195
12696,32597,2426,1270,525,428,820,2048,2123
12692,32595,2364,1235,504,409,745,2050,1999
12688,32592,2328,1187,535,424,826,2213,2046
12684,32589,2237,1195,543,478,774,1972,2105
12681,32586,2255,1156,500,396,805,2098,2077
12677,32583,2188,1163,485,413,825,2181,2117
12673,32580,2058,1103,471,415,758,2187,2112
12671,32576,2006,1021,474,450,806,2210,2159
12668,32574,2006,1074,484,435,877,2276,2141
12664,32571,2036,967,494,474,870,2231,2183
12659,32567,1890,975,478,486,796,2306,2174
12657,32563,1878,852,506,709,606,2304,2238
12655,32561,1807,779,442,942,559,2327,2233
12652,32558,1811,783,533,893,612,2317,2268
12648,32553,1633,778,521,968,501,2360,2283
12644,32550,1633,791,567,1066,449,2402,2394
12641,32547,1561,691,500,1136,477,2457,2265
12637,32543,1498,676,475,1047,459,2385,2334
12634,32540,1391,615,512,1164,487,2426,2432
12629,32537,1346,563,546,1177,434,2411,2477
12628,32535,1368,563,546,1177,434,2411,2477
12625,32532,1368,572,502,1259,454,2556,2642
12624,32532,1247,615,535,1329,499,2472,2518
12624,32532,1297,574,496,1365,448,2446,2461
12624,32532,1247,509,492,1332,452,2444,2451
12624,32532,1247,580,472,1372,459,2446,2433
12620,32536,1232,514,416,1324,407,2462,2413
12614,32541,1275,603,508,1344,453,2458,2483
12609,32545,1254,564,508,1333,428,2400,2452
12604,32548,1237,484,485,1315,480,2303,2443
12599,32552,1254,571,544,1385,455,2357,2263
12596,32554,1218,437,440,1357,428,2275,2366
12590,32555,1267,479,484,1402,465,2203,2207
12585,32556,1253,526,501,1393,468,2248,2073
12580,32558,1253,479,477,1432,440,2154,1971
12573,32561,1188,432,491,1433,450,2148,2090
12566,32564,1169,457,507,1490,460,2066,1978
12559,32567,1128,492,532,1496,396,2044,2155
12553,32570,1169,488,477,1563,493,2026,2128
12545,32573,1109,393,548,1579,513,1998,2082
12546,32573,1065,437,541,1619,471,1919,2123
12546,32573,1065,471,484,1652,448,1935,2184
12549,32575,1107,465,466,1592,475,1948,2174
12553,32579,1110,456,487,1527,447,1925,2077
12557,32581,1172,447,542,1562,462,1930,2025
12561,32584,1265,459,449,1474,459,1911,2044
12562,32585,1200,516,527,1434,444,2000,1898
12562,32585,1283,462,542,1497,444,1941,1970
12562,32585,1260,462,497,1442,462,1914,1984
12556,32589,1223,523,508,1414,430,1946,1927
12550,32596,1299,444,477,1397,486,1880,1917
12542,32600,1292,526,503,1390,470,1861,1979
12534,32607,1255,444,475,1444,459,1829,2032
12526,32615,1280,482,492,1487,456,1794,2115
12516,32622,1280,438,677,1437,445,1749,2150
12506,32631,1230,430,460,1456,426,1704,1997
12497,32640,1200,497,531,1422,467,1655,2092
12488,32648,1211,501,572,1420,496,1664,2046
12479,32655,1140,495,557,1480,427,1585,2195
12471,32663,1229,462,535,1499,417,1568,2052
12463,32670,1229,514,555,1469,417,1539,2088
12454,32676,1227,512,519,1416,419,1478,2099
12446,32683,1172,549,630,1490,450,1500,2238
12438,32690,1152,519,490,1455,444,1455,2140
12429,32698,1214,495,577,1483,455,1405,2111
12420,32706,1152,460,559,1504,422,1421,2102
12411,32715,1091,546,532,1469,409,1421,2126
12402,32724,1115,514,557,1484,392,1297,2110
12394,32731,1115,516,549,1464,415,1309,2175
12387,32739,1137,521,528,1494,364,1286,2100
12379,32746,1175,569,548,1514,306,1284,2163
12371,32752,1153,556,553,1470,329,1219,2152
12361,32759,1091,553,592,1446,295,1195,2134
12352,32766,1120,518,529,1552,263,1208,2071
12343,4,1095,476,639,1587,238,1196,2156
12332,11,1075,536,558,1583,223,1192,2104
12322,18,1187,564,602,1609,113,1164,2244
12313,24,1026,524,540,1670,43,1164,2195
12304,32,1025,542,741,1715,353,1141,2284
12295,40,1018,569,608,1736,1161,1113,2184
12286,47,1060,547,570,1799,2297,1130,2178
12276,54,964,577,597,1799,2666,1071,2089
12267,63,985,543,610,1846,2796,1077,2112
12256,69,992,631,578,1921,2866,1024,1963
12246,76,950,564,598,1923,2884,1033,2033
12240,79,950,624,590,1974,2922,1056,2270
12240,79,904,619,665,2029,2922,1054,2137
12240,80,904,619,665,2029,2922,1054,2137
12243,83,863,609,579,2017,3006,1048,2076
12246,86,958,560,593,1985,2903,1039,2091
12249,90,985,515,618,1872,2962,1030,2201
12254,93,958,587,645,1777,2972,1007,2193
12256,96,1075,633,617,1704,3026,1043,2075
12260,99,1101,649,597,1625,3018,1065,2066
12261,99,1067,649,597,1625,3018,1065,2066
12261,99,1164,570,630,1545,2995,1014,1847
12256,100,1137,589,608,1547,2997,997,1844
12248,104,1081,589,668,1581,2991,999,1848
12241,109,1081,601,645,1671,2988,1003,2099
12232,116,1172,621,656,1625,3005,1032,1907
12224,124,1118,625,623,1634,3048,1007,2266
12216,132,1078,593,656,1620,2996,986,2101
12206,142,1046,588,618,1620,2994,968,2008
12198,152,1101,619,662,1624,3042,957,2013
12191,162,1101,592,593,1700,3000,936,1956
12182,170,1080,605,650,1606,3047,895,1886
12174,180,1164,599,651,1619,3042,918,2019
12165,191,1167,634,693,1621,2932,887,2103
12155,202,1132,634,693,1621,2932,887,2103
12145,214,1132,632,695,957,2981,883,1786
12135,225,1105,629,706,671,2961,852,1944
12124,236,1112,639,675,593,2966,845,1909
12116,247,1206,622,709,599,3053,877,1876
12107,256,1206,684,706,582,3101,850,1823
12098,264,1168,662,733,577,3082,819,1818
12089,272,1121,674,707,547,2984,874,2068
12081,280,1147,727,721,548,3149,836,2089
12072,288,1147,648,684,627,3191,757,2294
12062,297,1136,651,696,621,2971,768,2343
12054,305,1170,674,726,615,2955,795,2210
12045,313,1112,700,731,596,2899,768,2188
12036,321,1112,697,752,566,2937,808,2236
12028,329,1108,680,786,689,2850,748,2250
12020,339,1113,657,748,637,2844,707,2162
12012,348,1093,744,747,615,2989,751,2155
12005,354,1183,700,781,637,3083,741,2172
11997,363,1164,750,794,658,3005,742,2243
11989,371,1113,705,753,594,2938,718,2142
11980,379,1147,794,771,597,2956,751,2153
11971,387,1177,711,747,650,3088,681,2142
11962,396,1222,775,794,652,2830,719,2180
11952,405,1294,743,789,702,2951,717,2179
11943,414,1320,750,818,698,2937,692,2160
11933,424,1387,858,815,657,2809,770,2134
11924,435,1381,804,863,728,3004,688,2196
11916,444,1475,786,850,668,2821,654,2164
11908,453,1427,793,903,661,2960,662,2228
11899,462,1446,810,858,732,2751,674,2129
11892,472,1446,774,802,673,2970,655,2155
11884,481,1444,837,867,677,2839,683,2147
11876,489,1416,836,917,710,3083,705,2149
11868,497,1496,849,947,725,2914,652,2231
11859,505,1490,860,925,743,2907,657,2163
11851,513,1405,848,906,715,2810,624,2143
11842,521,1394,849,947,732,2875,581,2151
11836,528,1402,880,936,703,3050,640,2167
11828,535,1277,908,949,706,2870,698,2176
11821,541,1419,868,938,758,3015,600,2152
11813,548,1329,929,969,769,2755,658,2162
11806,554,1360,901,990,744,2936,623,2178
11798,561,1366,962,982,778,2976,681,2165
11788,569,1372,892,986,791,2868,614,2127
11780,577,1348,939,1003,782,3008,596,2121
11770,584,1252,1011,976,786,3169,649,2124
11759,592,1162,933,1018,770,3075,611,2163
11749,601,1189,995,1029,815,3109,604,2122
11739,609,1139,1045,1050,823,3067,650,2134
11730,618,1031,1038,1050,850,3036,565,2132
11721,627,1070,1054,1081,821,3065,609,2112
11712,636,1054,1072,1105,843,3086,616,2167
11703,643,1086,1112,1130,883,3084,573,2155
11694,651,980,1094,1120,842,3142,582,2120
11685,658,982,1114,1124,912,3083,674,2124
11676,668,947,1179,1113,861,3131,671,2063
11667,676,984,1209,1229,888,3167,673,2120
11658,684,1004,1117,1241,908,3224,646,2141
11650,691,1053,1260,1194,881,3439,617,2121
11643,699,1028,1280,1263,992,3505,712,2117
11635,707,1051,1300,1227,919,2585,643,2075
11627,717,1109,1290,1286,921,1811,589,2123
11618,726,1137,1251,1298,1024,979,550,2131
11609,734,1157,1312,1436,970,668,570,2218
11600,742,1138,1444,1389,1008,641,668,2114
11591,749,1145,1375,1421,1007,548,570,2146
11581,756,1216,1391,1429,1033,559,569,2138
11572,764,1246,1480,1409,1097,527,498,2048
11562,772,1246,1528,1467,1096,493,601,2055
11553,779,1283,1523,1546,1087,522,605,2099
11545,787,1283,1570,1537,1142,498,569,2086
11537,793,1340,1577,1474,1153,508,608,2081
11528,800,1445,1683,1578,1146,474,658,2063
11518,808,1438,1657,1688,1189,485,581,2090
11508,815,1438,1736,1648,1254,575,565,2008
11499,822,1464,1760,1745,1170,488,542,2044
11488,828,1557,1820,1769,1240,478,549,1998
11478,835,1592,1909,1803,1254,428,458,1975
11468,842,1688,1962,1851,1250,470,572,2005
11459,850,1728,1995,1879,1268,485,540,1945
11450,856,1771,2089,1939,1317,506,522,1934
11442,864,1926,2104,2015,1322,481,592,1936
11441,866,1926,2273,2020,1361,471,583,1906
11442,866,1929,2316,2085,1376,479,658,1928
11442,866,1949,2316,2085,1376,479,658,1928
11438,864,1949,2258,2029,1375,489,569,1905
11434,860,1929,2248,2053,1408,471,506,1913
11429,857,2056,2261,2020,1272,570,527,1873
11425,854,2056,2242,1997,1284,551,626,1908
11422,851,1994,2277,1996,1228,525,518,1860
11417,848,2022,2304,2012,1220,499,509,1864
11412,845,2070,2258,1929,1238,467,415,1808
11409,842,2126,2326,1914,1214,879,724,1784
11405,840,2102,2273,1902,1186,983,857,1825
11399,838,2192,2309,1873,1038,1037,1108,1780
11396,834,2248,2364,1901,1111,1154,1387,1876
11391,831,2179,2287,1865,1034,1223,1370,1803
11385,828,2251,2319,1786,1033,1302,1636,1792
11381,824,2282,2274,1783,1013,1376,1632,1837
11376,820,2315,2303,1685,906,1454,1199,1720
11368,817,2322,2244,1700,927,1468,769,1717
11366,814,2388,2262,1652,871,1542,684,1659
11362,812,2394,2239,1634,859,1563,691,1662
11357,807,2394,2273,1575,837,1593,769,1596
11355,805,2434,2207,1518,847,1675,743,1638
11348,802,2404,2177,1505,771,1723,720,1621
11344,800,2447,2150,1459,717,1800,786,1573
11340,797,2417,2245,1604,693,1919,749,1519
11337,794,2478,2097,1397,716,1916,816,1517
11333,792,2508,2084,1416,747,1969,903,1514
11328,789,2429,2054,1238,634,2065,928,1574
11325,786,2455,2088,1319,639,2089,1035,1595
11320,783,2470,2044,1268,597,2149,1177,1586
11316,780,2470,2006,1232,657,2239,1186,1584
11312,776,2443,1982,1219,642,2215,1097,1672
11309,773,2421,1949,1149,558,2118,1149,1769
11304,770,2453,1930,1124,626,2080,1123,1809
11300,766,2430,1896,1092,533,2034,1233,2004
11297,763,2320,1847,1052,503,1971,1318,2140
11292,760,2381,1830,1027,537,1867,1372,2055
11288,756,2353,1764,1053,531,1845,1366,1669
11284,752,2313,1720,985,515,1799,1380,1284
11280,749,2359,1704,941,554,1692,1388,1162
11277,745,2312,1652,962,512,1693,1465,1243
11272,740,2309,1648,908,510,1615,1518,1226
11269,736,2321,1631,877,581,1544,1600,1308
11266,732,2224,1537,847,585,1485,1643,1385
11262,728,2217,1491,762,442,1400,1686,1341
11257,723,2162,1497,810,556,1330,1725,1445
11256,720,2147,1368,855,512,1278,1750,1436
11252,716,2126,1397,700,472,1237,1792,1418
11248,712,2065,1369,651,424,1226,1862,1485
11244,708,2025,1381,757,517,1170,1879,1533
11241,705,2040,1278,679,522,1172,1948,1516
11238,702,2008,1246,605,566,1142,1958,1512
11234,698,1963,1288,670,500,1079,2106,1540
11229,694,1936,1196,573,480,976,2043,1525
11227,691,1863,1123,565,441,911,2142,1601
11222,687,1861,1190,554,476,909,2122,1596
11217,683,1818,1057,534,460,918,2200,1604
11214,679,1781,1037,577,514,860,2258,1664
11210,675,1735,1008,557,479,761,2223,1609
11205,672,1752,1003,560,423,784,2351,1664
11200,664,1670,923,597,588,746,2369,1740
11196,660,1587,902,475,811,562,2446,1692
11190,656,1608,819,571,957,479,2479,1711
11186,651,1535,807,550,1023,329,2507,1724
11182,646,1481,758,568,1135,331,2556,1789
11176,641,1435,689,511,1190,455,2580,1768
11173,636,1351,708,552,1340,459,2664,1759
11171,633,1289,691,584,1411,541,2658,1776
11171,632,1268,703,519,1495,543,2748,1771
11171,632,1268,680,515,1553,516,2719,1761
11171,632,1259,629,527,1497,535,2716,1777
11170,634,1259,571,521,1501,512,2699,1786
11165,638,1247,579,531,1506,567,2696,1783
11158,642,1256,608,521,1499,600,2674,1798
11153,645,1256,691,592,1559,619,2599,1772
11146,649,1248,657,517,1536,536,2524,1750
11140,654,1248,628,529,1593,634,2500,1810
11134,658,1216,615,554,1593,580,2408,1803
11128,663,1191,646,563,1620,562,2395,1774
11120,669,1192,599,505,1619,534,2358,1799
11113,674,1186,591,583,1577,551,2298,1855
11105,680,1202,596,525,1650,633,2236,1810
11097,685,1195,572,510,1661,577,2135,1817
11089,691,1238,590,524,1669,571,2093,1794
11082,698,1198,591,550,1764,576,2047,1872
11074,704,1198,646,505,1737,562,2031,1837
11066,713,1158,593,515,1725,531,1900,1827
11057,721,1180,624,534,1756,598,1881,1828
11049,728,1198,584,524,1706,540,1802,1809
11041,735,1198,623,536,1704,555,1790,1812
11032,741,1195,587,533,1755,605,1750,1847
11023,747,1122,610,514,1724,581,1802,1861
11013,753,1211,582,559,1732,555,1711,1908
11003,760,1131,623,558,1818,562,1667,1870
10993,767,1131,572,565,1896,565,1571,1862
10983,773,1188,546,547,1868,553,1639,1911
10974,780,1093,533,558,1907,577,1552,1875
10966,786,1099,505,617,1958,577,1535,1944
10957,793,1012,498,645,2012,470,1509,1957
10947,799,1095,475,564,2018,512,1480,1903
10938,806,1095,552,601,2044,476,1488,1948
10928,812,1028,525,647,2065,489,1392,1931
10919,819,1028,542,556,2093,514,1355,1878
10910,825,1067,554,643,2149,504,1333,1935
10901,830,1067,550,644,2146,431,1311,1964
10893,836,991,534,596,2244,450,1355,1910
10885,842,989,553,575,2280,376,1305,1906
10877,848,1039,557,543,2322,456,1300,1881
10867,855,951,566,542,2356,399,1250,1833
10857,861,951,648,593,2450,378,1318,1879
10848,869,886,571,639,2471,317,1248,1869
10837,878,918,576,598,2501,303,1213,1845
10825,887,932,567,567,2612,361,1179,1867
10814,897,905,534,521,2634,73,1170,1864
10803,908,932,622,604,2667,896,1146,1861
10793,917,932,608,627,2702,2865,1153,1843
10784,928,880,602,571,2758,4059,1107,1831
10774,938,898,571,617,2682,4062,1074,1844
10764,948,900,564,609,2676,4058,1088,1846
10753,958,966,611,611,2723,4055,1055,1823
10742,969,909,614,608,2838,4055,1070,1834
10730,981,916,637,658,2769,4058,1073,1848
10719,993,917,575,663,2787,4061,976,1828
10708,1004,868,584,615,2792,4053,977,1827
10700,1012,975,524,643,2838,4065,963,1812
10691,1020,872,577,662,2797,4053,985,1816
10685,1026,872,653,629,2783,4056,998,1800
10689,1028,876,627,654,2857,4065,968,1795
10695,1032,884,604,646,2787,4053,954,1812
10701,1039,951,624,615,2577,4057,922,1798
10706,1044,993,577,687,2326,4057,911,1823
10714,1047,1026,705,646,2130,4063,961,1799
10716,1048,1056,655,643,1991,4060,947,1792
10714,1048,1105,626,652,1901,4058,929,1819
10714,1048,1105,603,679,1889,4057,893,1847
10709,1051,1187,645,663,1933,4058,941,1817
10704,1057,1105,644,709,1929,4057,876,1830
10697,1064,1152,579,596,1947,4057,911,1868
10692,1072,1063,628,659,1888,4056,905,1852
10684,1080,1101,688,681,1841,4061,921,1831
10677,1089,1165,654,664,1833,4055,847,1864
10669,1097,1120,610,693,1679,4055,895,1859
10662,1105,1120,673,659,1591,4058,849,1832
10654,1113,1131,643,675,956,4053,786,1833
10645,1122,1180,675,691,758,4062,854,1837
10636,1132,1156,633,690,737,4058,815,1881
10626,1141,1206,637,706,635,4054,805,1844
10616,1152,1166,665,688,628,4055,820,1870
10607,1163,1151,688,812,594,4054,806,1903
10599,1173,1221,664,729,609,4062,799,1862
10590,1184,1165,638,736,614,4055,783,1869
10579,1194,1218,678,740,586,4052,806,1934
10569,1204,1200,695,719,616,4062,771,1872
10560,1213,1269,668,728,618,4048,773,1901
10552,1222,1243,662,735,649,4054,756,1901
10543,1231,1204,715,725,642,4058,754,1905
10535,1240,1214,719,750,633,4060,768,1906
10526,1249,1221,730,757,658,4062,749,1855
10518,1257,1265,705,796,662,4056,719,1939
10511,1266,1242,738,796,688,4061,692,1906
10504,1273,1228,692,775,636,4052,685,1929
10496,1280,1279,680,789,630,4055,714,1943
10489,1287,1246,716,739,702,4064,723,1919
10481,1294,1246,698,779,682,4054,763,1972
10473,1301,1281,814,793,671,4057,754,1970
10465,1308,1224,780,832,704,4054,724,1952
10456,1316,1244,742,794,740,4063,665,1925
10447,1323,1257,750,808,662,4070,659,1919
10438,1331,1261,732,833,674,4052,669,2004
10429,1339,1240,812,849,679,4056,709,1971
10420,1348,1300,763,882,714,4066,658,1979
10412,1356,1287,792,842,678,4056,687,1996
10404,1364,1289,794,887,721,4053,645,2026
10396,1373,1222,741,1041,781,4053,644,2091
10387,1381,1290,788,913,736,4056,612,2085
10379,1389,1322,849,881,724,4022,718,2017
10372,1396,1281,822,863,759,3990,580,1979
10364,1402,1281,826,961,746,4003,615,2075
10356,1410,1239,827,908,725,3943,657,2016
10348,1417,1239,833,882,729,3949,640,2031
10341,1425,1290,859,928,737,3958,595,2028
10333,1432,1281,825,940,761,3896,575,2028
10326,1440,1306,804,914,787,3882,581,2053
10318,1449,1303,910,950,801,3870,632,2032
10311,1457,1237,879,1025,795,3839,629,2116
10302,1466,1300,920,950,857,3810,676,2035
10294,1474,1306,936,996,792,3807,622,2064
10292,1478,1306,884,979,838,3760,594,2076
10292,1478,1358,930,1052,857,3723,635,2142
10292,1478,1358,905,1049,830,3752,608,2129
10287,1475,1342,915,996,814,3740,653,2069
10281,1469,1269,973,1018,824,3793,671,2095
10277,1464,1212,949,1037,811,3755,618,2122
10273,1462,1233,937,995,863,3765,609,2051
10266,1457,1094,989,1051,820,3723,645,2050
10265,1456,1094,992,981,790,3742,669,2081
10265,1456,1060,992,998,796,3750,674,2090
10265,1456,1060,992,998,796,3750,674,2090
10261,1460,1052,964,1056,781,3770,648,2066
10253,1467,1057,972,999,773,3769,680,2078
10244,1473,1059,951,1023,793,3770,673,2089
10234,1479,1003,1030,987,750,3753,668,2055
10226,1485,1022,1040,1000,774,3754,630,2044
10217,1492,1009,990,1050,764,3780,660,2095
10208,1497,995,1009,1064,798,3706,697,2109
10200,1503,988,1008,1094,787,3788,673,2052
10191,1509,1053,1088,1097,800,3753,729,2077
10181,1516,991,1065,1141,785,3743,670,2077
10172,1522,976,1099,1084,806,3740,711,2021
10162,1525,1037,1114,1140,805,3771,682,2050
10154,1530,983,1105,1124,776,3734,650,2036
10146,1537,1050,1139,1068,817,3787,645,2005
10137,1543,954,1096,1160,810,3782,626,2055
10129,1549,1032,1154,1130,806,3864,628,1968
10120,1555,1061,1184,1129,849,3878,663,1964
10112,1562,1063,1230,1202,884,3853,689,2021
10101,1569,1099,1219,1169,827,3917,618,1935
10091,1576,1133,1231,1176,901,3984,612,1945
10080,1584,1117,1266,1231,878,4009,615,1919
10069,1591,1197,1299,1241,875,3801,653,1914
10058,1599,1136,1304,1283,916,3120,614,1921
10048,1606,1245,1414,1243,906,2597,621,1917
10039,1612,1304,1366,1353,900,2359,583,1881
10031,1620,1248,1419,1306,896,2098,570,1833
10021,1627,1303,1417,1336,870,1977,501,1834
10011,1635,1414,1496,1329,918,1825,489,1815
10000,1644,1365,1510,1362,911,1762,442,1818
9988,1654,1449,1567,1456,952,1675,444,1857
9977,1663,1467,1620,1425,950,1520,440,1806
9965,1672,1532,1661,1500,994,1403,464,1796
9956,1680,1580,1708,1508,987,1342,415,1773
9947,1690,1613,1722,1526,1004,1339,448,1744
9937,1698,1749,1794,1572,1072,1299,464,1735
9928,1708,1749,1858,1691,1067,1193,442,1785
9918,1719,1768,1957,1703,1154,1060,451,1746
9908,1730,1920,2003,1745,1097,871,496,1717
9898,1742,1920,2059,1853,1161,745,422,1741
9887,1753,1956,2144,1851,1211,605,435,1689
9877,1763,2046,2303,1971,1230,532,461,1676
9867,1772,2110,2401,2019,1255,594,422,1650
9859,1779,2304,2506,2053,1359,579,422,1620
9851,1787,2304,2593,2141,1325,558,451,1595
9842,1793,2394,2713,2274,1320,552,418,1669
9834,1801,2452,2766,2345,1351,545,327,1642
9826,1808,2683,2947,2409,1415,560,490,1553
9817,1816,2683,3004,2507,1451,511,419,1667
9808,1824,2859,3259,2561,1469,520,434,1622
9799,1833,2985,3344,2701,1586,526,432,1609
9790,1842,3111,3529,2900,1633,495,389,1634
9781,1851,3287,3802,2996,1684,481,405,1576
9772,1859,3761,4029,3151,1714,470,462,1551
9765,1868,3986,4057,3364,1824,511,473,1564
9756,1876,3986,4058,3527,1888,477,390,1532
9748,1886,4054,4061,3774,2012,458,447,1568
9740,1894,4054,4060,4021,2021,456,430,1576
9732,1904,4055,4013,4060,2189,449,401,1549
9726,1914,4052,3753,4057,2433,437,297,1536
9726,1917,4052,3062,4058,2542,436,469,1489
9726,1916,3993,2441,4057,2603,450,427,1545
9726,1916,3993,2607,4057,2574,421,378,1504
9718,1911,3955,2646,4056,2602,481,439,1509
9714,1907,3955,2650,4058,2445,474,472,1515
9710,1904,3790,2795,4064,2319,394,519,1493
9705,1899,3810,2847,4059,2227,472,624,1472
9702,1896,3741,2891,4060,2124,481,756,1454
9698,1893,3516,2927,4058,2018,473,770,1514
9693,1891,3516,2916,4057,1982,453,722,1427
9689,1888,3349,2806,4054,1901,504,729,1421
9687,1885,3135,2842,4059,1834,483,743,1433
9683,1882,3163,3090,4060,1771,554,713,1468
9679,1880,3044,3134,3981,1708,653,670,1459
9676,1876,2696,3156,3877,1641,738,592,1502
9672,1873,2696,3317,3813,1536,899,583,1535
9668,1871,2653,3371,3722,1508,1007,608,1579
9664,1868,2394,3448,3569,1387,1014,622,1546
9662,1866,2109,3549,3412,1292,994,640,1539
9660,1865,2038,3561,3300,1265,994,654,1519
9658,1863,2038,3641,3328,1254,967,731,1532
9655,1862,2006,3665,3224,1275,1006,741,1392
9651,1860,1985,3695,3174,1264,1088,679,1189
9649,1858,1805,3707,3123,1216,1056,794,1145
9646,1856,1773,3753,3043,1164,1032,769,1195
9644,1856,1753,3711,2997,1094,1017,650,1132
9641,1855,1731,3771,2983,1122,1090,758,1283
9638,1853,1648,3768,2916,1056,1117,797,1498
9634,1852,1696,3793,2804,1061,1062,797,1464
9633,1850,1727,3793,2804,1061,1062,797,1464
9632,1848,1519,3829,2707,956,1112,827,1616
9630,1848,1680,3859,2708,945,1087,795,1622
9627,1845,1694,3887,2607,902,1124,859,1625
9624,1844,1671,3916,2530,889,1109,856,1751
9620,1842,1769,3965,2579,852,1148,867,1799
9619,1842,1730,4024,2440,842,1175,917,1837
9618,1842,1566,4029,2368,812,1153,935,1795
9616,1842,1790,4050,2401,794,1163,942,1860
9612,1842,1827,4049,2392,864,1149,953,1864
9609,1841,1875,4046,2345,772,1185,963,1902
9606,1841,1962,4047,2321,764,1168,974,1917
9605,1840,2018,4050,2374,744,1176,957,1969
9603,1839,2010,4064,2180,784,1235,1017,1960
9599,1837,2002,4060,2226,758,1198,960,1995
9595,1836,2044,4044,1967,712,1243,1018,2049
9593,1834,2077,4055,2058,652,1245,1015,2106
9590,1834,2044,4058,2085,571,1252,1084,2140
9588,1833,2119,4058,1985,726,1345,1112,2131
9585,1832,2142,4058,1988,620,1281,1054,2240
9583,1831,2096,4061,1929,581,1276,1091,2225
9579,1828,2045,4056,1875,547,1186,950,2298
9577,1828,2003,4060,1802,464,1298,1113,2363
9577,1828,2065,4060,1737,550,1338,1135,2339
9574,1828,2024,4058,1787,460,1310,1183,2436
9571,1827,2012,4057,1771,567,1327,1132,2416
9568,1826,1977,4057,1687,576,1316,1139,2421
9565,1826,2000,4058,1641,579,1360,1132,2484
9563,1826,1981,4059,1622,548,1375,1202,2528
9563,1825,2103,4056,1583,504,1369,1199,2551
9562,1825,2055,4050,1501,601,1409,1208,2575
9561,1825,1991,4057,1540,557,1435,1196,2577
9560,1824,2046,4058,1578,496,1386,1155,2584
9559,1823,1954,4056,1544,520,1337,1262,2647
9558,1822,1954,4058,1560,603,1391,1215,2616
9558,1822,1863,4060,1493,509,1371,1207,2589
9556,1820,1876,4054,1539,538,1434,1244,2646
9555,1819,1748,4060,1570,499,1392,1208,2643
9552,1817,1785,4059,1413,487,1409,1220,2671
9551,1815,1669,4066,1445,570,1414,1246,2740
9549,1814,1679,4052,1330,466,1449,1258,2868
9548,1813,1749,4056,1391,542,1471,1271,2857
9547,1812,1694,4057,1374,510,1392,1251,2866
9546,1812,1796,4016,1327,508,1551,1329,2832
9546,1811,1964,3990,1271,513,1471,1271,2824
9545,1810,1964,3948,1282,521,1426,1335,2896
9543,1809,1953,3922,1205,419,1405,1212,2831
9541,1808,2171,3857,1220,477,1483,1369,2885
9540,1806,2434,3813,1194,427,1493,1431,2953
9538,1804,2434,3689,1202,486,1444,1342,2975
9536,1801,2655,3673,1150,506,1517,1391,2990
9532,1798,2822,3506,1089,513,1501,1359,3016
9529,1796,3207,3402,1037,471,1529,1413,3077
9524,1793,3337,3289,1036,481,1572,1415,3146
9520,1791,3644,3163,954,554,1547,1453,3176
9518,1788,3644,3026,891,528,1605,1494,3253
9512,1785,3786,2930,894,523,1574,1496,3354
9507,1781,3786,2754,833,453,1642,1546,3382
9503,1778,4054,2613,769,502,1598,1556,3493
9497,1775,4054,2402,754,450,1611,1579,3521
9493,1770,4052,2382,678,480,1536,1623,3602
9489,1767,4051,2119,572,487,1338,1641,3703
9484,1764,4052,2070,539,565,1220,1637,3703
9479,1758,4051,1968,578,485,1189,1681,3775
9477,1755,4055,1876,589,466,1077,1763,3825
9472,1750,4053,1701,403,540,1049,1766,3899
9468,1747,4052,1671,642,459,955,1758,3905
9464,1744,3997,1563,547,492,875,1745,3923
9460,1739,3668,1492,520,491,883,1753,3974
9457,1737,3525,1418,491,494,861,1802,4039
9452,1733,3525,1306,588,471,993,1745,4069
9449,1731,3369,1220,500,471,1195,1759,4051
9445,1729,3214,1260,468,401,1149,1841,4050
9441,1725,2974,1144,530,418,898,1800,4052
9437,1723,2974,1059,530,523,866,1771,4061
9436,1721,2889,998,578,555,678,1799,4056
9432,1718,2740,967,549,584,561,1797,4059
9427,1715,2684,961,497,723,455,1809,4064
9424,1713,2555,884,569,914,460,1804,4065
9421,1712,2529,806,540,859,496,1818,4049
9418,1709,2368,840,537,928,446,1806,4044
9415,1707,2302,778,532,942,408,1833,4054
9410,1705,2160,705,579,944,416,1784,4063
9410,1704,2095,694,549,979,411,1856,4052
9410,1704,2049,573,550,993,434,1816,4066
9410,1704,2092,609,542,1010,419,1785,4065
9410,1704,2115,654,475,999,401,1812,4056
9410,1704,2082,642,515,1002,378,1811,4056
9410,1704,2095,642,515,1002,378,1811,4056
9408,1703,2095,659,547,1024,418,1825,4056
9405,1701,2002,686,554,1088,349,1805,4052
9403,1700,1957,618,539,1010,410,1814,4055
9404,1700,1916,602,534,1046,442,1838,4061
9404,1700,1953,524,530,1117,378,1823,4065
9404,1700,1913,569,555,1062,408,1829,4056
9404,1700,1913,595,499,1046,439,1851,4062
9400,1704,1918,624,474,1070,402,1893,4072
9395,1710,1931,551,576,1081,448,1829,4058
9392,1718,1941,626,548,1080,389,1760,4063
9386,1724,1985,650,546,1063,432,1729,4046
9380,1732,1994,667,553,1028,425,1749,4054
9379,1739,1985,659,576,1077,402,1682,4067
9379,1740,2071,746,615,1000,491,1642,4064
9377,1739,2071,746,615,1000,491,1642,4064
9372,1736,2098,734,509,1047,463,1646,4054
9368,1733,2019,581,514,1018,410,1666,4062
9366,1731,1945,552,495,1025,433,1670,4047
9362,1728,1872,463,482,1131,379,1666,4057
9357,1726,1740,529,561,1075,446,1721,4054
9353,1725,1737,508,533,1146,400,1690,4063
9354,1725,1556,526,472,1133,402,1732,4061
9353,1726,1556,526,472,1133,402,1732,4061
9350,1732,1612,533,566,1177,359,1740,4061
9343,1741,1647,527,632,1178,450,1699,4062
9334,1749,1695,533,500,1113,385,1611,4063
9325,1755,1656,519,550,1187,366,1580,4062
9316,1760,1644,537,594,1177,388,1588,4048
9308,1765,1529,487,535,1135,344,1580,4028
9299,1771,1533,556,514,1291,413,1582,4025
9292,1776,1484,517,610,1240,361,1541,4033
9283,1781,1435,588,601,1233,330,1531,3982
9275,1787,1388,548,536,1270,367,1495,3910
9265,1792,1407,548,536,1270,367,1495,3910
9256,1797,1317,508,504,1302,373,1424,3851
9246,1804,1258,578,587,1328,362,1408,3876
9236,1810,1270,502,499,1335,429,1392,3824
9225,1817,1213,497,499,1400,484,1391,3720
9213,1825,1144,494,546,1406,494,1352,3665
9203,1833,1137,470,512,1473,457,1290,3636
9194,1841,1120,514,571,1442,428,1246,3680
9184,1848,1135,649,573,1538,454,1342,3584
9175,1856,1059,514,546,1491,488,1169,3539
9164,1864,1059,572,548,1515,446,1275,3481
9154,1872,995,532,557,1559,421,1166,3418
9144,1880,1055,570,552,1560,391,1187,3328
9134,1889,950,543,605,1628,316,1141,3345
9123,1898,946,493,535,1591,116,1149,3240
9112,1908,962,534,574,1652,137,1123,3228
9103,1917,949,562,585,1657,81,1099,3179
9094,1928,940,551,576,1717,548,1061,3123
9083,1939,961,513,544,1635,1614,1060,3052
9073,1949,955,548,604,1718,1861,1055,3063
9064,1959,875,608,567,1702,1962,1056,3000
9056,1967,875,564,626,1712,2079,1025,2979
9047,1976,868,587,567,1748,2047,1040,2946
9038,1986,896,550,606,1744,2071,951,2892
9029,1994,954,592,654,1760,2084,978,2900
9021,2003,954,626,639,1800,2111,982,2887
9014,2011,951,581,618,1772,2130,931,2800
9007,2019,843,571,551,1837,2163,934,2812
9000,2027,904,504,568,1802,2147,955,2837
8992,2036,959,625,672,1857,2206,963,2729
8992,2036,959,625,672,1857,2206,963,2729
8998,2041,873,625,631,1815,2202,962,2733
9005,2045,988,608,707,1719,2244,982,2737
9009,2047,988,575,665,1694,2265,880,2748
9018,2053,1015,643,631,1597,2279,949,2804
9023,2056,1159,618,643,1489,2274,973,2859
9029,2058,1184,656,548,1298,2406,999,2865
9029,2058,1268,626,654,756,2302,953,2828
9029,2058,1268,626,654,756,2302,953,2828
9022,2060,1281,624,692,527,2302,895,2900
9017,2065,1282,635,640,775,2325,964,2867
9014,2071,1182,631,620,606,2297,926,2850
9011,2076,1303,623,675,621,2293,921,2872
9006,2082,1303,624,686,632,2272,904,2884
9001,2088,1285,663,672,552,2383,950,2858
8997,2095,1312,673,721,534,2344,937,2888
8991,2103,1385,606,742,603,2368,822,2927
8985,2111,1385,618,626,572,2340,867,2786
8978,2120,1370,651,699,498,2357,838,2836
8971,2129,1394,643,678,559,2363,864,2855
8963,2138,1416,646,731,521,2388,801,2821
8956,2145,1405,640,670,657,2370,807,2844
8948,2152,1485,638,658,598,2387,829,2869
8940,2160,1390,736,685,584,2378,830,2825
8932,2168,1417,680,794,608,2372,779,2887
8924,2177,1389,664,730,595,2382,731,2870
8916,2186,1403,674,778,621,2348,762,2840
8909,2196,1472,691,711,664,2300,753,2804
8901,2204,1432,668,766,593,2221,759,2776
8894,2212,1427,695,722,616,2161,794,2864
8887,2221,1414,672,732,644,2245,850,2872
8880,2228,1480,769,789,599,2284,778,2861
8873,2236,1475,703,795,658,2365,717,2799
8866,2242,1449,674,768,587,2356,707,2842
8859,2249,1483,722,743,672,2316,718,2825
8852,2254,1462,706,805,641,2349,679,2869
8845,2260,1510,747,746,635,2435,702,2845
8838,2266,1458,732,828,633,2399,700,2862
8832,2273,1437,739,828,652,2385,731,2910
8825,2279,1423,793,770,606,2361,883,2885
8818,2285,1474,785,886,635,2389,757,2884
8812,2291,1435,755,757,650,2366,731,2805
8805,2297,1425,812,762,632,2362,746,2775
8797,2303,1410,817,875,669,2447,758,2889
8789,2310,1403,785,872,672,2348,686,2905
8781,2317,1487,843,816,631,2352,719,2829
8772,2324,1445,809,848,709,2428,692,2862
8763,2331,1397,747,780,652,2397,651,2843
8753,2337,1416,846,819,709,2328,715,2849
8743,2343,1399,845,865,650,2370,712,2861
8733,2349,1297,804,860,707,2355,635,2829
8716,2365,1276,891,854,684,2365,704,2793
8706,2373,1244,892,945,699,2322,697,2834
8697,2380,1248,866,890,749,2411,658,2762
8689,2388,1256,930,862,708,2466,717,2747
8678,2396,1233,822,908,680,2380,675,2775
8669,2405,1200,933,913,721,2408,727,2777
8660,2414,1200,863,929,741,2407,652,2742
8651,2424,1218,923,933,728,2414,682,2713
8642,2433,1169,921,990,784,2403,650,2714
8633,2443,1168,959,979,771,2419,637,2704
8624,2453,1222,952,1034,798,2472,652,2663
8615,2463,1184,992,994,752,2481,658,2664
8605,2475,1241,975,1036,821,2396,689,2727
8595,2486,1245,1007,1113,802,2452,625,2773
8585,2497,1186,1001,1068,828,2454,644,2665
8574,2507,1204,1070,1066,834,2476,628,2646
8563,2516,1216,1048,1110,909,2506,564,2666
8553,2524,1192,1111,1165,867,2520,593,2634
8545,2532,1238,1109,1124,894,2538,557,2641
8536,2540,1226,1151,1164,909,2562,641,2657
8528,2547,1136,1130,1178,892,2628,579,2658
8520,2555,1143,1143,1236,906,2645,615,2645
8510,2562,1162,1217,1193,936,2746,603,2597
8501,2571,1119,1241,1232,948,2043,590,2625
8491,2580,1104,1275,1258,977,1525,607,2601
8480,2589,1118,1267,1327,939,885,579,2643
8469,2599,1118,1235,1349,942,525,596,2629
8458,2608,1143,1419,1340,1006,416,667,2556
8449,2617,1209,1382,1414,1032,409,598,2579
8439,2625,1234,1395,1402,1073,409,547,2515
8431,2633,1231,1454,1496,1070,439,604,2565
8422,2641,1309,1561,1501,1073,423,664,2495
8412,2649,1309,1498,1517,1056,442,567,2566
8403,2658,1327,1529,1574,1138,468,588,2588
8393,2668,1425,1596,1597,1208,430,594,2524
8383,2678,1415,1678,1602,1135,460,564,2440
8372,2688,1482,1705,1707,1222,565,581,2467
8362,2698,1460,1771,1750,1152,444,623,2440
8352,2707,1533,1852,1783,1261,454,556,2460
8343,2716,1543,1838,1873,1224,472,539,2442
8334,2724,1610,1917,1874,1299,479,541,2393
8325,2732,1703,1987,1929,1352,502,540,2402
8315,2741,1710,2080,1993,1375,500,564,2395
8305,2750,1800,2151,2048,1384,527,546,2391
8296,2758,1831,2281,2106,1450,440,567,2418
8287,2767,1975,2286,2185,1523,522,516,2380
8278,2774,1975,2424,2247,1513,505,510,2342
8270,2780,2028,2510,2366,1602,502,549,2336
8263,2788,2125,2579,2460,1603,517,524,2346
8256,2796,2263,2714,2523,1667,520,521,2295
8248,2802,2210,2839,2617,1700,446,587,2318
8242,2809,2280,2954,2770,1770,420,471,2307
8233,2815,2421,3046,2856,1751,470,562,2331
8226,2822,2517,3206,2939,1888,448,529,2272
8218,2828,2623,3302,3085,1901,421,543,2313
8208,2837,2825,3562,3232,1973,413,588,2262
8200,2844,2825,3713,3423,2085,385,493,2261
8190,2852,3108,3984,3556,2134,395,487,2263
8181,2861,3290,4057,3784,2240,430,522,2220
8172,2871,3787,4057,4047,2314,425,504,2257
8163,2874,3787,4057,4060,2468,414,511,2206
8156,2874,3989,4058,4058,2540,408,548,2204
8152,2874,4055,4058,4058,2540,408,548,2204
8151,2873,4055,4059,4057,2528,542,457,2197
8146,2870,4050,4054,4059,2494,511,532,2157
8141,2868,4049,4056,4057,2431,484,459,2150
8138,2865,4055,4042,4059,2322,421,852,2208
8135,2864,4049,4024,4058,2238,467,960,2055
8134,2862,4054,3988,4056,2223,491,1023,2072
8131,2860,4065,4004,4060,2157,513,1066,2089
8128,2859,4043,3994,4057,2079,456,1163,2068
8124,2858,4051,3954,4059,2090,421,1078,2106
8121,2856,4051,3926,4058,2017,509,1019,2060
8120,2854,4051,3879,4061,1934,552,1014,2001
8116,2852,4054,3967,4058,1847,509,995,1988
8113,2850,4056,3897,4051,1892,518,923,2066
8109,2849,4053,3906,3994,1818,557,903,2067
8105,2847,4051,3866,3902,1775,545,798,1982
8102,2846,4056,3871,3881,1754,662,752,1950
8099,2845,4011,3884,3856,1694,761,763,2011
8095,2845,4011,3880,3805,1634,810,781,1972
8093,2845,3869,4009,3801,1620,869,767,1916
8091,2844,3813,3850,3710,1590,922,750,1905
8088,2842,3800,3818,3758,1565,915,764,1925
8084,2842,3767,3767,3602,1523,951,802,1895
8080,2840,3725,3799,3658,1535,867,717,1885
8079,2837,3708,3798,3593,1495,907,782,1819
8075,2835,3608,3826,3475,1406,893,788,1781
8072,2834,3628,3826,3475,1406,893,788,1781
8067,2831,3414,3834,3332,1335,894,886,1744
8065,2830,3414,3821,3170,1191,806,956,1686
8063,2828,3341,3872,3193,1232,942,926,1707
8060,2827,3268,3841,3169,1257,895,855,1681
8056,2824,3289,3911,3079,1226,972,972,1717
8052,2820,3234,3932,2967,1157,1026,985,1724
8050,2818,3060,3981,2879,1087,1082,1010,1831
8047,2815,3090,4025,2792,1011,990,1016,1803
8043,2813,3126,4058,2658,1035,1086,1127,1871
8037,2809,3071,4059,2560,944,1188,1096,1753
8034,2806,2941,4059,2457,842,1107,1228,1578
8028,2802,3088,4059,2343,782,1216,1208,1522
8023,2798,3027,4059,2208,716,1192,1317,1224
8019,2794,3053,4059,2115,669,1276,1346,1347
8014,2791,3053,4059,2002,646,1219,1460,1682
8008,2787,3211,4059,1965,619,1262,1464,1887
8004,2784,3211,4058,1833,563,1332,1532,1941
7997,2780,3340,4061,1757,546,1342,1598,2025
7992,2774,3392,4059,1647,467,1354,1620,2090
7987,2769,3513,4057,1589,491,1375,1760,2242
7981,2764,3635,3957,1443,497,1352,1791,2258
7976,2761,3725,3708,1334,528,1394,1856,2378
7972,2756,3798,3576,1301,551,1336,1951,2503
7967,2751,3877,3399,1227,490,1265,1996,2570
7964,2747,4040,3221,1116,506,1230,2045,2616
7958,2742,4053,3073,1109,484,1165,2166,2686
7953,2737,4053,2913,923,539,1141,2174,2709
7950,2734,4057,2683,783,497,1057,2243,2796
7944,2729,4055,2617,849,454,1002,2296,2811
7940,2724,4053,2472,740,383,933,2411,2968
7936,2721,4045,2291,697,455,921,2511,3038
7930,2717,4045,2216,711,472,837,2538,3025
7925,2713,4051,2068,732,404,799,2570,3119
7922,2708,4052,1962,546,407,765,2633,3175
7916,2705,4053,1854,567,513,718,2678,3218
7912,2701,3928,1744,511,550,717,2734,3333
7908,2696,3928,1638,495,521,721,2776,3355
7904,2694,3734,1601,624,487,761,2845,3404
7899,2691,3445,1576,548,547,847,2882,3441
7897,2688,3445,1422,470,462,853,2909,3491
7894,2686,3332,1373,537,519,808,2899,3462
7890,2682,3261,1326,623,474,712,2934,3537
7885,2680,3093,1260,381,402,506,2974,3558
7883,2677,2943,1248,490,452,509,3020,3565
7880,2676,2982,1157,544,516,482,2994,3584
7876,2673,2861,1035,499,529,491,3050,3579
7872,2671,2768,1132,473,697,473,3079,3661
7869,2667,2643,1046,548,735,451,3053,3723
7864,2665,2548,967,514,802,403,3045,3813
7859,2662,2454,867,511,841,480,3096,3758
7855,2659,2266,676,510,832,435,3095,3888
7851,2656,2218,665,525,903,422,3087,3687
7847,2653,2140,641,529,959,473,3161,3718
7841,2650,1970,550,593,975,506,3140,3654
7842,2650,1970,640,490,1045,472,3117,3553
7842,2650,1920,611,512,1076,449,3088,3556
7842,2650,1949,601,522,1026,457,3095,3587
7842,2650,1930,749,497,1035,514,3099,3521
7840,2651,1930,715,481,1074,448,3084,3526
7836,2656,1929,758,484,1055,420,3050,3510
7828,2662,1973,443,505,1004,461,3012,3615
7819,2669,1921,526,533,974,485,2912,3592
7810,2675,1899,442,536,1027,432,2779,3716
7802,2682,1897,605,556,1041,462,2661,3663
7797,2688,1842,643,473,1061,459,2541,3621
7797,2689,1824,453,581,1087,454,2481,3693
7797,2689,1838,570,456,1057,442,2472,3661
7796,2688,1839,559,486,1088,464,2472,3655
7790,2684,1783,504,516,1101,515,2458,3684
7788,2683,1783,512,482,1119,500,2482,3724
7788,2683,1710,626,541,1148,557,2533,3709
7788,2683,1737,516,601,1154,502,2492,3767
7785,2689,1707,521,566,1114,459,2479,3770
7777,2698,1696,482,481,1170,519,2422,3677
7768,2706,1738,593,589,1117,464,2350,3725
7758,2713,1741,545,523,1182,444,2274,3636
7749,2720,1664,490,530,1149,462,2226,3666
7740,2726,1671,517,584,1195,468,2112,3720
7729,2733,1641,502,524,1138,526,2063,3605
7719,2740,1538,556,521,1161,441,2030,3689
7708,2748,1538,528,566,1234,503,1950,3672
7699,2757,1523,511,516,1194,474,1901,3695
7690,2764,1503,653,564,1256,469,1891,3623
7682,2772,1503,638,604,1260,486,1853,3616
7673,2779,1525,373,519,1239,445,1764,3649
7664,2786,1525,519,601,1245,470,1768,3680
7656,2793,1484,548,650,1274,494,1675,3664
7646,2800,1508,513,569,1282,451,1685,3591
7637,2807,1457,573,626,1310,480,1648,3554
7626,2814,1307,564,546,1303,484,1633,3554
7616,2822,1358,502,604,1299,442,1563,3531
7607,2830,1266,570,641,1335,482,1551,3521
7597,2839,1261,558,629,1310,458,1512,3530
7588,2846,1262,593,649,1354,432,1544,3466
7578,2855,1250,535,648,1425,512,1459,3445
7569,2864,1245,574,557,1340,474,1392,3372
7558,2873,1284,555,631,1397,470,1417,3378
7549,2882,1274,572,587,1390,454,1406,3330
7539,2892,1316,548,572,1358,466,1331,3358
7529,2899,1316,659,631,1395,452,1367,3312
7521,2908,1249,640,563,1438,484,1310,3219
7513,2916,1228,568,584,1504,470,1268,3160
7505,2924,1223,592,595,1437,401,1251,3083
7498,2932,1185,658,590,1466,491,1267,2977
7489,2940,1151,600,614,1435,387,1189,3018
7482,2950,1101,661,575,1445,315,1239,3099
7474,2960,1119,616,529,1539,192,1198,3080
7465,2969,1146,576,608,1451,222,1173,3142
7457,2977,1143,553,543,1464,1175,1184,3101
7447,2985,1170,588,524,1454,1764,1165,3057
7438,2993,1144,631,497,1457,2013,1118,3000
7429,3001,1150,666,587,1450,2138,1120,3077
7421,3008,1124,718,544,1478,2152,1116,2964
7413,3015,1106,651,535,1589,2196,1028,3000
7405,3022,1106,675,592,1526,2202,1050,2974
7398,3029,1162,727,552,1482,2216,1080,2936
7390,3037,1112,686,626,1511,2250,1051,2987
7383,3045,1112,614,556,1495,2280,1019,2962
7376,3052,1137,675,589,1546,2235,1040,2908
7368,3060,1137,683,562,1511,2247,1029,2899
7360,3066,1133,663,589,1529,2246,1005,2895
7353,3072,1147,637,589,1538,2263,1000,2881
7346,3078,1142,656,612,1537,2294,982,2900
7337,3084,1142,658,575,1496,2272,993,2895
7329,3092,1231,667,562,1582,2296,1002,2810
7322,3097,1124,621,584,1601,2305,934,2879
7314,3103,866,633,559,1600,2314,913,2757
7306,3109,761,660,603,1647,2322,987,2793
7298,3116,855,731,595,1640,2303,985,2761
7291,3123,813,697,653,1654,2291,940,2828
7282,3130,893,727,549,1676,2388,935,2699
7274,3138,900,714,530,1684,2363,923,2663
7264,3147,982,716,577,1760,2363,880,2669
7253,3156,937,740,566,1738,2387,902,2647
7243,3164,910,740,546,1760,2341,860,2576
7233,3175,948,679,626,1778,2448,866,2601
7221,3185,890,680,596,1753,2518,823,2650
7211,3196,971,654,565,1697,2404,813,2595
7202,3208,928,670,592,1108,2470,832,2511
7192,3220,914,650,635,673,2482,800,2541
7181,3231,896,672,659,587,2448,856,2485
7171,3243,937,691,666,586,2514,870,2458
7161,3254,922,594,692,577,2538,781,2464
7151,3263,991,641,710,531,2560,779,2452
7142,3271,966,628,720,633,2537,782,2424
7134,3280,976,663,764,488,2541,734,2465
7126,3287,964,686,733,549,2607,810,2366
7118,3294,973,701,756,532,2631,756,2391
7109,3301,900,773,736,503,2551,816,2345
7099,3310,948,741,756,592,2601,722,2341
7100,3312,948,789,763,578,2605,778,2267
7100,3312,948,798,738,584,2698,770,2096
7100,3312,942,869,753,516,2690,843,2133
7100,3312,927,826,791,587,2725,798,2146
7100,3312,1014,773,730,564,2677,776,2122
7100,3312,999,773,730,564,2677,776,2122
7102,3314,999,757,812,557,2709,741,2161
7106,3317,939,762,764,548,2735,686,2206
7109,3323,948,702,713,618,2730,770,2330
7114,3329,1136,677,772,606,2736,800,2362
7114,3331,1136,861,781,613,2756,729,2382
7114,3331,1114,905,790,589,2775,737,2369
7114,3331,1104,960,773,609,2807,776,2445
7110,3334,1119,905,763,596,2770,747,2356
7104,3340,1084,975,744,554,2865,744,2320
7096,3348,1129,964,778,564,2813,724,2365
7087,3356,1074,985,793,634,2871,765,2400
7078,3364,1099,978,759,605,2795,763,2301
7068,3373,1039,964,852,609,2800,739,2223
7058,3382,1126,906,768,622,2816,712,2153
7049,3392,1056,918,785,653,2786,751,2242
7040,3400,1173,844,802,603,2894,738,2276
7032,3409,1017,860,825,600,2824,754,2266
7024,3417,1017,874,869,719,2851,741,2343
7014,3428,1076,852,883,691,2872,670,2317
7004,3438,1059,874,886,671,2875,696,2314
6994,3448,1066,918,885,689,2926,707,2282
6972,3467,1055,850,903,736,2907,616,2270
6962,3476,1034,908,897,771,3015,650,2297
6952,3486,1035,931,895,725,2909,690,2310
6943,3494,1058,896,917,751,2891,672,2299
6935,3502,1053,966,908,821,3012,696,2244
6927,3511,1053,910,947,775,3044,622,2254
6918,3519,1034,1037,941,777,2982,717,2247
6909,3528,1059,1010,969,739,3032,745,2206
6900,3536,1008,1047,1014,709,3034,633,2261
6891,3543,1013,1027,1027,769,3069,624,2269
6881,3549,1013,1044,1020,765,3016,666,2225
6872,3556,1010,1041,1033,794,3012,648,2191
6863,3562,1058,1028,1038,836,3061,642,2171
6853,3570,959,978,1035,826,3001,592,2428
6844,3577,1042,1043,1009,776,3013,696,2298
6836,3585,995,1016,1152,819,3046,613,2325
6826,3594,988,1035,1145,837,3019,603,2263
6816,3602,986,1055,1113,813,3086,593,2218
6806,3611,929,1060,1147,822,3195,641,2189
6796,3621,1006,1085,1173,832,3163,654,2150
6787,3632,1085,1085,1173,832,3163,654,2150
6776,3641,1103,1179,1196,905,3360,654,2135
6768,3650,1208,1211,1219,885,2911,647,2067
6761,3656,1353,1193,1291,903,2361,612,2039
6754,3663,1302,1182,1239,909,2196,617,1894
6746,3671,1334,1185,1305,934,1873,584,1753
6740,3680,1383,1219,1345,988,1624,590,1620
6731,3687,1342,1243,1286,976,1129,619,1531
6723,3695,1264,1272,1406,1026,1014,565,1625
6715,3704,1264,1274,1358,1014,735,577,1679
6707,3712,1223,1360,1443,1059,585,565,1774
6698,3722,1201,1391,1465,1030,515,602,1781
6689,3731,1156,1400,1531,1029,465,591,1809
6680,3738,1188,1500,1533,1094,447,589,1719
6672,3745,1231,1533,1569,1063,458,572,1744
6662,3753,1279,1543,1616,1064,455,575,1775
6654,3761,1446,1655,1622,1106,416,561,1781
6647,3768,1480,1659,1660,1108,479,573,1865
6640,3776,1556,1771,1701,1148,443,582,1948
6632,3783,1733,1847,1816,1165,452,591,2015
6625,3790,1881,1901,1827,1234,490,624,2186
6618,3796,1905,1902,1843,1187,475,580,2255
6609,3803,1930,1953,1918,1241,450,568,2106
6602,3810,1864,1997,1975,1225,537,595,2044
6593,3818,1836,2014,1966,1299,518,554,1995
6586,3825,1842,2097,2022,1337,463,548,1941
6578,3831,1842,2127,2111,1408,442,607,1947
6571,3836,1922,2160,2159,1382,454,624,1911
6564,3841,1959,2236,2201,1441,485,559,1910
6556,3846,2069,2335,2235,1395,457,577,1903
6549,3851,2047,2251,2299,1423,424,538,1883
6544,3856,2106,2315,2366,1482,446,568,1865
6544,3856,2192,2512,2389,1496,522,594,1904
6544,3856,2183,2509,2394,1494,509,512,1860
6544,3856,2183,2480,2515,1492,453,561,1913
6541,3855,2183,2467,2470,1481,459,571,1883
6537,3852,2199,2490,2379,1479,479,471,1808
6533,3848,2083,2399,2357,1440,468,487,1823
6527,3845,2008,2531,2322,1362,436,493,1816
6523,3843,2250,2501,2303,1260,440,504,1797
6519,3839,2398,2272,2305,1167,453,727,1816
6512,3836,2427,2489,2264,1178,452,1027,1790
6508,3833,2523,2369,2248,1234,491,1471,1791
6503,3829,2552,2394,2194,1155,568,1545,1766
6497,3826,2673,2642,2060,1171,806,1394,1695
6492,3823,2750,2688,2063,1126,1029,1236,1700
6488,3820,2717,2720,1999,1080,1069,1030,1636
6482,3816,2695,2733,1987,1072,1128,822,1649
6477,3814,2713,2688,1959,1067,1145,789,1640
6471,3812,2679,2783,1887,950,1153,757,1645
6468,3810,2765,2749,1846,982,1240,782,1603
6463,3807,2765,2724,1790,894,1353,782,1569
6458,3803,2761,2683,1725,898,1302,710,1577
6455,3801,2745,2702,1735,895,1395,895,1495
6452,3799,2620,2604,1704,798,1426,793,1460
6448,3798,2620,2579,1675,849,1488,826,1499
6443,3796,2799,2598,1594,781,1574,891,1445
6440,3794,2589,2566,1581,793,1522,914,1414
6435,3790,2794,2529,1651,726,1603,923,1408
6429,3787,2648,2477,1449,730,1589,952,1442
6425,3784,2805,2503,1315,637,1569,981,1450
6422,3780,2805,2459,1259,557,1686,1006,1538
6416,3777,2633,2428,1247,583,1666,1106,1661
6413,3774,2845,2346,1318,636,1730,1089,1711
6410,3772,2936,2323,1273,542,1795,1123,1649
6406,3769,2936,2280,1206,501,1845,1173,1545
6401,3766,2924,2248,1236,453,1845,1190,1359
6399,3762,2944,2177,1236,454,1905,1260,1304
6395,3758,2921,2133,1153,479,1913,1290,1237
6391,3756,2886,2098,1137,462,1954,1332,1142
6388,3752,2894,2045,1153,482,1951,1357,1182
6385,3748,2894,1961,1063,433,1902,1438,1190
6381,3743,2868,1991,1043,457,1882,1496,1410
6378,3740,2800,1939,1015,510,1822,1545,1714
6373,3736,2746,1901,1044,387,1652,1560,1815
6370,3732,2632,1818,901,446,1664,1561,1566
6367,3728,2632,1782,936,452,1620,1595,1577
6362,3725,2600,1748,884,468,1539,1484,1338
6358,3721,2593,1708,764,448,1533,1588,1338
6355,3719,2485,1641,792,459,1495,1681,1815
6351,3715,2485,1625,730,418,1474,1721,1860
6346,3713,2497,1537,617,440,1363,1907,1935
6343,3709,2365,1459,731,449,1223,1811,1792
6339,3705,2392,1374,751,453,1205,1794,1738
6334,3702,2364,1304,796,469,1119,1759,1753
6329,3698,2331,1164,599,514,1105,1747,1507
6326,3694,2247,1239,507,436,933,1843,1766
6320,3689,2171,1234,492,470,904,1917,1999
6315,3686,2134,1170,481,468,832,2108,2269
6311,3683,2109,1156,530,397,862,2129,2012
6305,3678,1980,1093,558,448,826,2130,1869
6301,3673,1980,1093,559,499,781,2262,1905
6298,3670,1937,1008,505,412,791,2007,1995
6293,3665,1902,931,456,443,778,2097,1928
6288,3661,1774,939,482,428,789,2273,1975
6286,3657,1774,908,517,616,778,2260,2051
6282,3654,1737,813,357,767,689,2321,2030
6277,3649,1647,813,532,888,576,2355,2018
6273,3645,1577,789,562,960,482,2479,2121
6270,3642,1534,748,535,987,474,2429,2091
6268,3639,1496,806,514,1107,453,2456,2102
6268,3639,1420,729,504,1162,449,2506,2118
6268,3639,1418,678,545,1160,498,2450,2180
6267,3641,1418,708,467,1172,470,2475,2102
6260,3644,1439,723,418,1137,530,2447,2156
6253,3650,1410,681,549,1121,485,2369,2116
6245,3652,1316,710,457,1135,512,2429,2087
6237,3656,1267,654,565,1143,442,2338,2189
6228,3661,1310,356,511,1222,469,2228,2124
6218,3666,1262,485,461,1232,511,2243,2163
6209,3672,1289,578,504,1300,451,2152,2219
6200,3678,1267,473,473,1291,448,2068,2268
6191,3684,1310,656,480,1337,485,2033,2261
6183,3691,1353,573,532,1316,394,1927,2364
6175,3697,1315,597,593,1338,477,1970,2417
6173,3702,1321,615,586,1360,439,1828,2471
6173,3703,1327,618,566,1348,466,1825,2472
6173,3703,1339,561,528,1311,501,1830,2445
6175,3704,1343,639,534,1357,460,1803,2469
6180,3710,1330,635,533,1360,476,1871,2441
6181,3713,1339,540,532,1234,458,1782,2331
6181,3713,1400,561,528,1199,530,1778,2398
6181,3713,1404,591,527,1257,468,1788,2390
6181,3713,1442,524,539,1206,506,1788,2395
6181,3713,1442,591,530,1211,481,1785,2317
6181,3713,1394,565,535,1173,450,1809,2375
6181,3713,1374,595,513,1207,483,1811,2349
6181,3713,1398,547,514,1213,521,1776,2370
6181,3713,1411,558,518,1236,494,1771,2367
6181,3713,1397,596,556,1240,503,1799,2364
6181,3713,1408,667,505,1202,473,1805,2359
6181,3713,1422,637,576,1199,477,1799,2391
6181,3713,1399,556,551,1254,467,1774,2380
6181,3713,1401,500,527,1199,484,1757,2378
6181,3713,1386,361,502,1183,490,1790,2355
6181,3713,1407,481,510,1199,452,1779,2362
6181,3713,1407,549,510,1228,480,1774,2367
6181,3713,1428,585,466,1183,485,1772,2379
6181,3713,1407,572,515,1199,490,1794,2399
6181,3713,1432,557,532,1231,478,1756,2375
6181,3713,1409,494,560,1229,507,1772,2388
6181,3713,1409,545,536,1199,485,1785,2347
6181,3713,1402,580,536,1185,457,1800,2356
6181,3713,1407,570,535,1190,516,1840,2356
6181,3713,1399,624,486,1168,447,1813,2336
6181,3713,1430,517,500,1231,477,1787,2333
6181,3713,1430,545,499,1164,449,1786,2351
6181,3713,1406,528,533,1181,470,1798,2398
6181,3713,1410,481,487,1155,477,1806,2371
6181,3713,1399,608,529,1171,458,1808,2382
6181,3713,1395,567,498,1216,451,1774,2363
6181,3713,1395,597,524,1191,481,1771,2385
6181,3713,1395,623,569,1191,481,1798,2422
6181,3713,1475,541,510,1193,490,1788,2345
6181,3713,1406,595,540,1206,448,1746,2378
6181,3713,1406,710,519,1216,459,1789,2382
6181,3713,1409,656,567,1166,476,1778,2369
6181,3713,1409,566,504,1178,461,1795,2355
6181,3713,1393,473,488,1212,448,1757,2368
6181,3713,1372,293,553,1192,463,1773,2403
6181,3713,1425,394,528,1182,452,1766,2368
6181,3713,1425,605,493,1197,471,1812,2337
6181,3713,1425,601,509,1221,507,1776,2357
6181,3713,1390,566,516,1180,485,1772,2359
6181,3713,1417,528,557,1189,486,1790,2390
6181,3713,1403,558,541,1230,471,1773,2387
6181,3713,1437,615,528,1209,459,1746,2386
6181,3713,1393,483,499,1213,505,1756,2359
6181,3713,1393,545,463,1191,487,1783,2329
6181,3713,1422,484,512,1202,448,1812,2382
6181,3713,1422,649,509,1190,536,1800,2354
