146,32574,975,681,722,530,274,986,2543
146,32574,984,640,651,445,229,1040,2468
146,32574,984,611,656,482,281,992,2462
146,32574,1071,641,681,575,230,975,2479
146,32574,966,638,762,526,240,986,2514
146,32574,966,701,660,489,255,1044,2436
146,32574,954,630,646,508,228,1000,2456
146,32574,963,672,665,472,241,972,2466
146,32574,1011,637,644,494,241,993,2455
146,32574,1011,636,680,503,237,1015,2484
146,32574,981,643,704,523,265,990,2511
146,32574,981,653,655,554,209,994,2489
146,32574,953,643,672,471,204,895,2457
146,32574,991,655,676,507,234,984,2464
146,32574,978,629,643,475,259,950,2450
146,32574,976,677,678,496,248,1066,2473
146,32574,976,646,666,472,238,1013,2449
146,32574,989,707,661,480,200,1085,2455
146,32574,978,621,642,554,265,1013,2453
146,32574,1031,623,689,543,226,988,2481
146,32575,1031,632,664,488,264,983,2454
138,32583,943,636,679,469,272,1018,2484
128,32598,940,636,679,469,272,1018,2484
116,32612,982,666,674,582,276,798,2647
106,32627,1005,664,674,538,221,574,2454
94,32642,1005,628,683,527,269,419,2413
85,32656,1061,683,789,576,235,433,2455
75,32668,1062,730,706,523,317,433,2384
65,32679,1071,663,702,535,188,427,2316
54,32689,1121,707,740,573,261,429,2318
44,32702,1121,747,716,577,304,458,2345
33,32714,1107,710,755,654,213,400,2379
22,32726,1144,730,740,605,337,424,2355
11,32739,1195,724,813,632,290,397,2347
1,32752,1231,746,752,609,248,403,2337
32759,32765,1234,766,765,591,212,450,2297
32749,10,1295,728,782,645,274,408,2266
32740,24,1350,763,821,635,267,486,2308
32731,39,1366,791,767,623,358,457,2322
32720,54,1350,793,856,669,237,487,2327
32710,69,1399,797,836,684,237,454,2303
32700,83,1334,759,856,793,216,432,2303
32690,97,1554,799,849,701,300,380,2275
32680,110,1554,842,874,730,227,441,2333
32671,124,1565,823,891,792,290,430,2341
32661,137,1569,854,937,778,304,404,2343
32650,151,1576,885,932,799,281,451,2337
32640,164,1633,846,920,730,289,442,2384
32630,176,1651,871,1016,806,347,423,2412
32618,187,1617,857,1007,835,328,475,2431
32606,199,1645,906,1023,847,275,426,2397
32594,211,1630,994,1052,832,344,438,2429
32582,224,1592,950,1036,836,281,368,2429
32570,236,1736,1041,1101,890,310,406,2465
32558,250,1666,977,1100,895,263,372,2441
32546,264,1627,1049,1039,894,330,466,2444
32534,276,1598,1066,1164,923,300,469,2431
32523,288,1533,1029,1149,931,288,397,2481
32512,302,1662,1052,1212,1034,302,311,2526
32500,314,1707,1092,1234,1072,265,388,2529
32489,328,1690,1106,1227,1058,234,465,2527
32478,340,1612,1185,1277,1081,261,419,2608
32467,353,1716,1206,1370,1122,238,445,2630
32444,377,1705,1208,1385,1139,295,358,2591
32432,388,1767,1236,1443,1199,284,418,2629
32419,400,1729,1255,1524,1211,256,419,2669
32407,412,1836,1347,1564,1255,244,401,2732
32396,424,1886,1382,1594,1285,330,353,2708
32384,436,1997,1466,1627,1370,341,375,2690
32375,446,1997,1466,1627,1370,341,375,2690
32374,448,1976,1501,1729,1474,319,402,2779
32374,448,1945,1532,1793,1429,361,361,2789
32374,448,1928,1511,1769,1471,374,361,2807
32374,448,1928,1517,1791,1508,284,376,2780
32365,440,1968,1504,1740,1448,325,341,2749
32354,433,1870,1540,1769,1423,265,323,2775
32342,427,1396,1659,1755,1359,385,374,2765
32334,420,1377,1684,1751,1290,297,400,2766
32327,413,1377,1682,1758,1286,273,302,2762
32320,406,1373,1707,1607,1233,263,425,2707
32312,399,1475,1721,1670,1193,312,1003,2696
32306,393,1496,1809,1635,1156,278,561,2693
32300,386,1571,1755,1573,1082,351,507,2578
32294,379,1571,1722,1625,1026,299,590,2584
32287,372,1633,1759,1544,987,298,820,2500
32282,365,1583,1734,1421,924,116,875,2431
32274,358,1694,1795,1437,885,286,648,2388
32268,350,1721,1737,1490,879,232,775,2348
32262,343,1690,1730,1338,793,211,626,2236
32256,337,1740,1766,1325,778,216,714,2197
32250,331,1757,1605,1339,733,117,509,2211
32250,331,1757,1646,1224,658,92,570,2078
32250,331,1757,1610,1271,683,127,629,2128
32247,335,1780,1647,1235,718,212,373,2094
32240,345,1780,1679,1260,720,177,527,2097
32229,356,1780,1729,1278,731,159,673,2077
32218,364,1855,1753,1274,706,57,586,2107
32207,372,1917,1818,1344,751,69,483,2002
32198,381,1986,1818,1340,789,90,403,1979
32186,390,2016,1932,1408,803,101,560,1968
32176,398,2181,1953,1439,744,98,460,1943
32164,409,2181,2031,1456,715,195,380,1882
32152,419,2249,2094,1492,839,204,612,1805
32141,429,2539,2210,1555,818,125,590,1732
32129,440,2539,2268,1571,846,98,631,1730
32118,450,2733,2430,1648,812,157,389,1727
32113,457,2733,2568,1714,839,248,394,1687
32110,454,2733,2568,1714,839,248,394,1687
32104,446,2834,2679,1768,842,120,333,1629
32098,439,2842,2467,1600,763,96,172,1643
32092,434,2816,2456,1578,769,220,66,1574
32087,428,2839,2391,1473,763,379,928,1711
32080,422,2794,2344,1422,644,206,1017,1542
32076,417,2809,2270,1364,546,314,1049,1616
32068,410,2847,2230,1290,575,412,1177,1686
32062,402,2752,2102,1174,454,430,1290,1886
32056,396,2742,2039,1118,379,458,1407,2081
32049,389,2670,1969,1187,282,442,1480,1788
32043,382,2690,1926,979,347,367,1575,1247
32036,374,2598,1855,961,292,398,1625,1290
32030,367,2552,1748,838,307,319,1751,1426
32022,360,2467,1648,823,354,422,1830,1515
32017,352,2464,1608,747,201,263,1957,1510
32010,345,2317,1517,708,316,522,2036,1603
32005,338,2237,1460,657,331,368,2169,1618
32000,331,2179,1441,595,332,359,2344,1603
31994,324,2115,1331,579,298,260,2356,1702
31990,318,2048,1206,478,315,122,2462,1712
31984,311,2029,1211,463,299,290,2562,1800
31980,305,1947,941,462,269,208,2682,1788
31977,298,1803,999,398,278,397,2745,1825
31973,292,1803,982,309,195,441,2815,1806
31967,284,1739,920,386,224,359,2689,1756
31962,278,1680,859,393,287,354,2982,1800
31954,270,1609,840,302,330,323,3076,1818
31950,263,1525,742,372,153,283,3206,1927
31943,255,1427,732,361,237,302,3276,1866
31937,249,1346,680,329,190,364,3298,1876
31932,242,1267,560,222,138,365,3314,1834
31926,236,1266,592,353,261,390,3447,1880
31922,231,1034,434,352,246,395,3431,1909
31916,226,1077,419,376,233,367,3468,1867
31910,219,1063,346,236,275,383,3496,1898
31906,212,945,364,372,288,406,3523,1913
31904,210,945,193,299,541,393,3502,1855
31905,210,955,193,299,541,393,3502,1855
31905,210,904,193,299,541,393,3502,1855
31902,215,844,149,303,219,318,3547,1888
31894,224,844,233,378,222,310,3558,1886
31884,236,900,198,294,361,429,3332,1879
31873,249,996,267,356,371,361,3123,1855
31860,262,958,324,283,342,399,2938,1840
31846,275,957,118,277,302,386,2767,1894
31832,286,890,350,370,343,403,2568,1860
31820,298,945,204,264,322,430,2402,1858
31807,310,930,289,321,389,461,2349,1886
31795,323,896,323,482,316,530,2165,1861
31780,336,896,202,340,304,465,2056,1883
31768,350,873,283,408,142,506,1948,1899
31755,362,921,211,345,326,450,1864,1845
31743,374,897,189,394,345,402,1768,1817
31732,385,879,287,330,254,566,1735,1828
31721,396,885,284,311,174,468,1709,1848
31710,409,903,255,393,475,445,1602,1813
31696,421,890,358,369,399,497,1608,1826
31683,433,899,205,522,329,456,1534,1843
31670,445,865,157,350,309,477,1454,1823
31656,458,899,285,409,191,465,1418,1821
31643,470,903,263,279,343,433,1390,1826
31630,481,903,227,300,234,480,1326,1802
31618,493,951,312,335,377,404,1302,1791
31605,506,848,255,328,530,430,1288,1787
31592,520,886,325,299,340,380,1291,1794
31577,534,921,243,366,259,440,1250,1790
31563,549,921,326,358,292,379,1183,1783
31549,564,868,191,459,535,403,1154,1829
31537,580,829,336,387,335,332,1141,1815
31523,595,860,336,279,236,392,1055,1802
31510,612,898,284,383,278,310,1069,1820
31496,627,929,278,382,265,355,1024,1770
31482,642,904,295,312,306,338,1008,1786
31469,656,918,287,408,302,351,993,1817
31456,669,917,326,373,273,329,1033,1768
31444,681,917,209,497,284,317,973,1770
31432,694,972,333,370,259,356,980,1798
31419,707,936,328,371,267,316,875,1736
31406,722,946,328,371,267,316,875,1736
31393,736,888,274,376,240,194,900,1780
31381,750,915,317,431,209,338,849,1726
31368,763,950,361,389,341,330,962,1739
31357,777,950,464,387,288,344,866,1745
31346,791,919,363,399,207,305,900,1797
31334,806,949,405,435,277,336,850,1774
31322,821,982,421,349,198,307,780,1767
31310,836,990,421,418,321,316,882,1776
31297,850,1005,373,464,286,393,774,1772
31284,863,1038,493,390,258,289,733,1736
31272,877,1042,460,391,336,370,774,1770
31260,891,1042,490,453,302,308,789,1825
31249,904,1061,417,507,276,323,761,1813
31238,917,1058,424,411,290,391,749,1810
31228,928,986,487,423,309,424,700,1815
31218,939,1172,293,399,269,433,717,1764
31206,951,1049,302,421,247,495,716,1786
31195,964,1022,358,396,282,446,684,1787
31183,976,1058,358,426,420,415,667,1772
31172,991,1045,396,407,346,364,680,1785
31161,1006,1094,338,487,336,392,634,1793
31149,1019,1107,494,424,391,364,674,1788
31137,1032,1121,593,461,305,373,680,1824
31125,1046,1140,508,480,315,268,590,1784
31111,1060,1114,515,408,378,302,632,1817
31098,1074,1123,485,443,340,326,633,1808
31084,1088,1130,504,460,283,340,669,1795
31072,1102,1172,500,431,420,267,593,1810
31059,1115,1213,560,483,359,353,649,1837
31048,1128,1168,582,411,352,352,601,1832
31036,1140,1213,568,486,404,369,592,1846
31024,1153,1251,580,439,284,488,582,1837
31012,1165,1216,564,405,375,332,610,1864
31000,1178,1178,524,457,392,285,559,1889
30988,1190,1201,575,438,372,200,511,1889
30977,1203,1201,621,518,394,330,575,1891
30966,1213,1307,571,488,382,149,591,1932
30954,1225,1280,650,475,347,180,610,1957
30941,1238,1371,611,464,415,235,570,1949
30928,1250,1272,623,444,366,79,558,1926
30913,1263,1272,617,511,328,71,578,1988
30899,1278,1299,617,474,387,130,569,2019
30886,1294,1335,603,468,389,14,576,1969
30874,1308,1295,623,527,428,186,509,2023
30873,1315,1309,629,460,393,52,517,1992
30873,1315,1389,610,476,367,153,537,2001
30873,1315,1405,610,476,367,153,537,2001
30876,1319,1384,611,533,371,130,492,1991
30886,1331,1368,645,481,412,150,570,1948
30893,1340,1503,756,500,436,484,539,1968
30898,1348,1567,864,496,430,405,528,1947
30898,1349,1712,888,501,453,373,511,1901
30892,1346,1726,927,487,414,402,466,1925
30887,1338,1726,873,516,350,383,499,1953
30881,1331,1629,803,518,450,534,517,1962
30874,1324,1566,777,462,388,553,492,1929
30867,1317,1482,712,461,434,458,509,1968
30859,1309,1255,596,516,405,119,492,2008
30853,1302,1255,645,431,373,86,599,2016
30846,1295,1228,556,535,355,163,588,2083
30838,1289,1193,475,470,428,383,542,2039
30830,1283,1075,433,526,388,246,565,2021
30822,1276,1073,454,439,345,351,544,2086
30822,1276,945,411,493,345,246,639,2001
30820,1277,906,456,477,327,303,707,1986
30814,1285,866,310,444,377,409,668,1996
30803,1297,935,411,437,409,294,581,1995
30793,1310,935,441,453,264,283,736,2003
30782,1323,922,471,462,308,337,688,1994
30771,1338,915,417,540,364,340,616,2004
30758,1352,936,475,486,327,272,719,1966
30745,1367,953,504,501,358,253,611,1953
30732,1382,980,496,503,398,204,668,1940
30718,1397,980,489,438,431,240,618,1940
30705,1410,926,532,571,392,186,726,2026
30692,1423,1039,473,522,389,298,655,1946
30680,1436,916,435,532,387,254,638,1965
30667,1449,1026,501,548,401,277,598,1974
30654,1462,970,479,473,466,329,578,1940
30642,1476,970,493,566,322,239,622,2044
30628,1490,998,509,565,393,258,566,1921
30616,1504,1000,532,544,429,230,597,1963
30604,1518,987,464,537,406,116,539,1951
30592,1532,1032,451,526,387,159,528,1891
30581,1546,1032,452,589,448,142,546,1979
30568,1560,1020,479,534,427,126,571,1968
30555,1575,1043,475,533,443,117,535,1964
30543,1590,992,515,531,401,129,496,1906
30530,1603,1060,481,542,402,54,433,1892
30517,1618,1044,449,534,445,66,524,1945
30508,1631,1030,456,481,388,64,455,1915
30508,1634,1125,462,595,437,151,440,1951
30509,1634,1125,462,595,437,151,440,1951
30504,1631,1109,502,533,454,317,470,1932
30499,1622,1146,504,617,462,214,447,1964
30499,1621,1034,513,499,483,78,531,1913
30499,1621,1004,463,536,520,153,500,1922
30499,1621,1004,642,547,451,61,591,1933
30499,1621,1004,642,547,451,61,591,1933
30494,1629,976,519,556,419,121,477,1917
30484,1640,1049,551,521,453,131,588,1910
30474,1652,960,483,515,403,28,522,1921
30462,1663,1023,558,530,467,102,484,1954
30450,1675,1028,551,607,470,73,544,1967
30439,1686,1051,572,616,429,103,401,1967
30427,1697,1034,535,555,566,168,395,1920
30416,1709,1007,556,531,495,182,442,1938
30404,1721,1032,558,571,481,120,484,1908
30392,1734,1012,545,555,462,262,513,1897
30380,1748,1000,601,543,447,293,507,1892
30366,1762,1031,554,565,577,368,471,1956
30352,1776,1008,576,596,506,465,527,1936
30338,1788,1014,599,632,494,382,418,1983
30324,1802,1027,581,619,471,493,500,1927
30312,1815,1025,601,603,489,494,454,1952
30300,1828,1097,562,616,481,559,503,1967
30287,1842,983,559,649,494,532,413,1937
30274,1855,1048,621,631,454,462,468,1966
30261,1868,1095,577,613,497,465,442,1909
30249,1881,1034,583,678,519,475,445,1959
30237,1893,1062,609,618,554,541,435,1944
30224,1906,1097,627,602,509,367,429,1902
30211,1919,1067,601,691,538,434,369,1978
30199,1931,1051,598,639,537,356,402,1931
30186,1944,1051,629,632,535,438,445,1912
30172,1956,1102,629,628,569,339,420,1921
30158,1967,1051,635,709,551,321,458,1958
30146,1979,1026,661,666,552,302,385,1972
30134,1991,1042,663,660,565,387,412,1941
30120,2005,1081,640,682,495,285,478,1957
30106,2020,1044,638,734,576,332,385,1979
30093,2033,1064,638,706,546,378,342,1977
30078,2047,1053,610,686,508,279,442,1991
30064,2062,1053,755,691,591,309,419,1942
30050,2076,1012,663,734,578,250,359,1985
30038,2092,1038,726,698,579,263,350,1936
30025,2107,1030,699,737,583,283,383,1991
30011,2124,1053,724,727,561,318,417,1969
29998,2139,1127,688,765,696,370,352,1966
29984,2153,1084,710,751,715,443,376,1997
29970,2166,1122,712,766,628,397,252,1977
29958,2179,1107,744,782,628,607,383,1956
29945,2192,1126,749,771,683,484,328,1968
29932,2206,1137,779,806,630,525,322,1966
29920,2220,1113,767,817,687,548,439,1972
29907,2234,1181,840,813,666,323,396,1967
29894,2249,1184,739,851,680,425,308,1991
29881,2263,1197,834,853,692,302,290,1975
29868,2277,1198,812,880,744,325,423,2006
29856,2292,1206,875,874,713,384,372,1978
29845,2307,1223,826,923,745,377,293,2027
29833,2322,1202,850,944,740,411,331,2042
29821,2337,1307,875,933,775,215,234,2006
29809,2351,1350,880,958,792,452,275,2061
29796,2364,1328,895,990,793,398,250,2049
29784,2378,1328,931,1004,841,262,287,2022
29771,2392,1288,924,1047,870,255,369,2105
29760,2405,1304,926,1059,832,259,150,2116
29748,2418,1396,967,1084,856,359,239,2088
29738,2431,1430,944,1088,860,380,153,2129
29727,2443,1430,974,1153,937,238,146,2138
29716,2455,1397,997,1109,939,227,254,2075
29704,2467,1357,1037,1163,926,233,199,2105
29693,2480,1441,1088,1151,953,231,264,2094
29681,2493,1469,1056,1205,982,165,281,2126
29669,2507,1457,1082,1219,1025,217,183,2180
29657,2521,1498,1111,1277,1040,359,173,2147
29645,2534,1522,1097,1305,1035,228,189,2178
29634,2547,1593,1203,1336,1181,314,162,2183
29622,2559,1610,1184,1404,1132,251,235,2250
29609,2573,1610,1241,1450,1207,289,182,2231
29595,2586,1611,1251,1454,1259,180,106,2231
29582,2600,1634,1329,1500,1249,195,218,2240
29569,2614,1667,1389,1582,1343,259,170,2297
29556,2627,1707,1401,1683,1370,213,213,2377
29544,2639,1707,1437,1682,1402,186,157,2354
29531,2651,1698,1427,1756,1463,226,109,2420
29519,2662,1746,1545,1852,1442,282,361,2435
29506,2674,1714,1642,1935,1609,339,187,2407
29494,2686,1713,1673,1970,1655,246,254,2425
29483,2698,1750,1746,2040,1740,233,150,2429
29471,2710,1749,1834,2134,1803,229,317,2473
29458,2720,1741,1911,2238,1825,200,221,2525
29445,2731,1752,2009,2412,1964,303,172,2540
29431,2743,1726,2137,2499,2050,330,311,2541
29418,2755,1784,2247,2698,2122,287,187,2583
29404,2768,1715,2401,2878,2250,253,214,2610
29390,2783,1769,2638,3138,2391,214,203,2603
29378,2798,1877,2831,3386,2601,190,201,2676
29377,2802,1977,3075,3772,2920,244,338,2663
29378,2802,2035,3189,3915,3015,234,152,2701
29378,2802,2035,3154,3878,2959,193,212,2727
29368,2796,2018,3218,3942,2966,311,227,2640
29359,2787,2011,3215,3837,2851,244,246,2703
29350,2780,2222,3348,3804,2716,284,130,2689
29342,2773,2325,3429,3734,2606,145,394,2659
29334,2765,2500,3465,3745,2472,112,231,2722
29326,2757,2608,3647,3590,2330,385,341,2738
29318,2751,2709,3719,3485,2141,234,251,2710
29310,2746,2927,3772,3406,2070,357,398,2661
29302,2741,3087,3881,3356,2019,551,664,2663
29296,2734,3273,3862,3252,1895,190,559,2606
29290,2728,3295,3872,3109,1821,215,461,2612
29283,2722,3415,3866,3055,1667,370,491,2587
29277,2714,3525,3895,2917,1576,177,597,2480
29270,2708,3594,3878,2781,1526,350,599,2411
29263,2702,3676,3807,2660,1356,316,596,2368
29256,2695,3808,3751,2546,1276,164,707,2253
29249,2689,3861,3729,2423,1216,49,812,2240
29242,2683,3861,3697,2291,1065,297,913,2177
29235,2676,3938,3588,2171,1029,168,951,2123
29227,2670,3938,3428,2073,951,112,1076,2039
29220,2663,3930,3381,1938,929,292,1182,1960
29214,2658,3983,3280,1857,798,381,1263,1889
29207,2650,3983,3240,1798,735,425,1417,1824
29201,2644,3979,3091,1629,603,327,1514,1766
29194,2636,3942,3070,1600,601,282,1748,1793
29188,2630,3837,2868,1443,489,444,1767,1796
29181,2622,3736,2746,1474,420,549,1858,1934
29175,2615,3736,2567,1294,361,427,2034,1735
29167,2606,3628,2411,1135,271,325,2182,1393
29161,2600,3577,2309,1046,350,204,2338,1515
29155,2592,3456,2186,984,243,159,2508,1764
29148,2586,3195,2033,870,271,78,2702,1761
29141,2579,3195,1972,925,296,199,2803,1827
29135,2572,3112,1835,784,161,353,3078,1894
29128,2564,3030,1728,663,528,215,3268,1956
29123,2558,2902,1632,685,278,352,3404,2038
29116,2550,2703,1526,635,385,428,3558,2053
29111,2543,2532,1451,466,274,345,3778,2120
29106,2535,2532,1296,358,303,491,3876,2089
29098,2527,2438,1268,413,384,513,4052,2174
29094,2520,2291,1123,397,419,254,4068,2225
29088,2513,2156,1074,202,380,327,4064,2278
29082,2506,2020,992,490,346,647,4061,2287
29076,2501,1930,936,538,504,507,4064,2293
29070,2494,1877,842,576,391,372,4063,2315
29064,2488,1748,762,388,667,294,4060,2278
29056,2482,1649,738,334,199,273,4062,2311
29052,2476,1553,675,629,65,264,4055,2442
29044,2469,1465,662,349,210,298,4054,2366
29039,2463,1379,533,617,353,355,4043,2400
29030,2456,1277,338,428,284,378,4057,2410
29023,2446,1187,209,623,413,420,4057,2351
29016,2438,999,197,521,403,390,4066,2375
29016,2437,970,180,369,514,476,4051,2303
29016,2437,970,154,558,610,406,4051,2269
29016,2437,967,222,307,440,358,4056,2323
29016,2437,960,159,645,525,368,4058,2302
29016,2437,961,202,547,222,379,4064,2354
29016,2437,982,324,484,494,383,4063,2308
29016,2437,952,267,621,557,414,4063,2295
29016,2437,953,225,624,327,346,4059,2323
29016,2437,948,213,500,502,397,4055,2348
29016,2437,961,116,585,312,381,4055,2297
29010,2432,981,243,480,260,380,4062,2305
29000,2420,903,168,411,536,416,4050,2291
29000,2418,903,485,445,521,717,4056,2289
29000,2418,790,225,550,358,791,4058,2280
29000,2418,801,332,472,557,820,4063,2250
28999,2418,801,341,480,330,706,4059,2244
28991,2426,695,591,471,528,839,4061,2223
28981,2436,771,474,289,462,754,4065,2239
28971,2446,783,555,464,301,729,4058,2203
28962,2456,770,438,332,590,653,4062,2287
28950,2466,799,556,390,379,645,4064,2178
28938,2476,726,733,369,601,707,3940,2142
28926,2487,727,702,546,540,710,3550,2136
28914,2500,738,374,414,634,580,3380,2106
28902,2514,737,625,545,337,629,3116,2090
28890,2526,724,202,459,247,498,2940,2039
28878,2538,778,519,394,342,521,2707,2090
28865,2550,746,492,485,392,451,2550,2085
28852,2562,720,671,292,508,459,2476,2026
28838,2574,785,426,467,424,403,2329,2031
28824,2588,695,196,339,430,442,2234,1979
28811,2602,696,307,479,490,458,2098,1962
28799,2614,598,628,555,439,466,2022,1933
28786,2627,691,557,380,396,366,1876,1916
28773,2639,707,173,328,440,428,1829,1854
28760,2651,697,166,341,406,392,1746,1870
28747,2662,682,413,344,143,314,1695,1880
28735,2674,694,538,215,470,297,1718,1863
28723,2687,653,469,562,645,289,1624,1851
28711,2698,705,494,270,543,372,1542,1797
28698,2710,657,413,124,452,289,1531,1812
28684,2722,634,406,387,503,286,1566,1792
28670,2733,605,336,432,427,361,1452,1799
28656,2745,598,469,488,594,344,1481,1809
28642,2758,576,338,431,385,400,1354,1778
28630,2772,660,497,422,272,275,1288,1741
28616,2787,624,275,359,459,411,1358,1849
28601,2801,609,394,486,503,376,1234,1693
28587,2815,546,511,399,545,344,1197,1678
28572,2829,546,293,333,537,347,1208,1713
28557,2845,576,279,423,491,398,1120,1672
28543,2861,599,357,558,458,385,1094,1647
28530,2877,478,283,246,160,345,1136,1635
28517,2893,649,375,318,410,393,1054,1616
28503,2906,649,172,309,537,329,1053,1610
28491,2918,553,334,219,431,351,1106,1594
28478,2931,594,433,356,240,312,1065,1690
28463,2945,586,374,313,380,370,995,1566
28450,2958,600,455,254,103,390,940,1540
28438,2972,582,308,254,375,320,947,1527
28425,2986,584,510,200,136,470,988,1534
28412,3000,476,492,174,140,290,922,1545
28399,3014,476,436,213,111,356,888,1496
28386,3028,379,337,364,209,322,874,1545
28373,3043,425,344,12,220,375,879,1497
28360,3058,378,443,213,214,337,940,1536
28348,3073,289,475,282,199,381,904,1548
28336,3087,289,361,72,123,369,862,1492
28324,3102,365,353,117,63,364,809,1520
28312,3115,412,450,114,165,300,850,1457
28299,3129,303,344,262,131,272,800,1460
28287,3142,415,512,142,250,323,822,1454
28275,3156,389,359,235,246,315,793,1456
28263,3169,389,419,216,311,306,817,1439
28251,3181,384,315,144,443,317,789,1443
28240,3193,213,234,275,541,188,697,1460
28230,3205,387,316,184,302,290,799,1446
28219,3217,331,409,208,211,204,754,1429
28208,3230,331,234,239,302,208,772,1396
28197,3243,326,573,230,330,237,748,1444
28185,3256,345,330,203,276,234,796,1373
28173,3270,306,321,377,360,176,755,1437
28162,3283,319,302,279,381,277,778,1431
28151,3295,380,227,207,288,165,676,1392
28140,3308,243,82,198,248,230,725,1382
28129,3322,282,246,272,506,245,695,1433
28117,3336,410,108,229,233,326,631,1412
28104,3350,220,61,290,275,277,694,1429
28091,3363,453,173,398,301,397,659,1398
28078,3377,256,293,400,347,400,727,1369
28066,3390,291,158,303,288,203,705,1332
28052,3402,266,123,186,308,192,670,1370
28040,3413,304,181,306,252,235,732,1431
28029,3425,200,193,249,132,214,750,1410
28017,3437,136,387,256,181,294,658,1357
28005,3450,136,218,356,190,291,644,1381
27991,3463,303,228,375,221,240,651,1440
27979,3475,246,269,418,213,241,636,1360
27968,3486,131,247,343,305,312,668,1346
27956,3498,368,190,347,222,234,675,1361
27943,3510,255,171,311,320,191,584,1350
27929,3524,209,196,400,256,199,633,1375
27915,3537,329,149,387,230,169,603,1353
27900,3552,330,150,332,283,230,611,1317
27886,3568,237,139,387,293,175,592,1371
27873,3583,188,197,489,303,243,554,1355
27859,3598,139,75,454,244,181,566,1354
27844,3615,333,88,398,323,291,577,1318
27829,3632,132,118,428,309,411,551,1348
27814,3646,73,157,291,348,405,624,1305
27799,3661,329,223,298,321,388,527,1320
27786,3674,61,211,404,343,322,628,1374
27774,3686,234,97,388,346,298,525,1337
27762,3699,230,156,491,370,356,556,1324
27748,3713,257,235,417,436,335,563,1337
27734,3727,252,122,373,357,522,557,1326
27719,3742,126,115,477,397,486,528,1353
27705,3756,185,166,457,356,404,534,1313
27691,3770,252,149,355,437,572,457,1381
27678,3783,207,153,382,366,487,540,1274
27664,3798,242,111,377,382,509,543,1239
27651,3813,168,124,449,366,510,535,1309
27638,3828,199,149,503,398,462,509,1283
27623,3843,199,101,520,392,352,548,1389
27611,3857,177,237,556,411,421,529,1312
27599,3870,90,220,507,420,545,494,1281
27587,3885,244,113,389,402,470,511,1340
27575,3898,203,61,477,504,362,485,1328
27562,3912,353,97,448,500,483,488,1292
27550,3925,294,177,456,465,506,517,1314
27537,3937,29,101,501,428,293,524,1291
27524,3949,291,206,488,413,592,494,1269
27512,3962,191,76,583,466,517,505,1323
27499,3974,358,210,523,379,504,502,1328
27488,3987,358,228,487,376,512,509,1282
27476,4000,260,139,483,429,337,470,1294
27464,4014,260,281,484,337,394,459,1371
27451,4029,228,189,525,453,406,440,1326
27439,4042,102,171,500,443,436,490,1313
27427,4055,320,249,482,432,352,446,1276
27415,4069,229,65,526,392,376,428,1299
27402,4083,232,205,442,444,262,492,1286
27390,4097,51,155,491,473,264,531,1253
27365,4124,221,176,526,478,37,426,1364
27352,4137,225,185,378,429,25,467,1258
27339,4150,214,176,490,399,67,428,1267
27326,4163,158,278,539,549,124,436,1271
27313,4176,163,386,475,468,62,474,1212
27300,4189,101,177,545,465,171,390,1245
27288,4201,275,202,472,531,86,438,1098
27275,4213,130,311,550,585,191,374,936
27262,4226,154,57,528,654,195,476,571
27249,4237,129,112,455,589,202,392,566
27237,4249,129,66,571,645,113,438,688
27224,4262,204,64,534,575,243,390,638
27213,4275,312,173,615,635,122,417,652
27199,4289,169,180,507,711,226,418,506
27185,4303,158,192,529,673,171,392,498
27171,4318,158,151,526,648,213,390,420
27155,4334,256,155,579,656,223,398,443
27141,4351,123,74,516,628,195,382,510
27127,4367,121,64,534,699,217,394,457
27113,4384,134,74,503,673,66,406,485
27098,4399,74,173,551,677,147,470,485
27083,4414,74,98,609,719,102,425,528
27070,4427,181,137,541,727,149,385,541
27055,4441,253,197,567,703,120,347,443
27041,4455,253,157,571,688,171,394,470
27027,4470,315,272,475,762,200,416,456
27017,4483,135,145,596,766,195,442,487
27018,4492,311,283,633,791,271,359,478
27032,4501,282,234,577,746,312,380,482
27042,4508,227,233,711,715,243,384,631
27049,4517,198,301,367,709,540,369,901
27057,4527,198,235,412,671,774,304,866
27064,4535,344,157,338,690,591,329,758
27070,4545,190,212,453,679,358,307,721
27076,4555,326,203,340,607,449,283,779
27085,4562,266,252,283,595,429,310,744
27091,4570,266,233,398,568,445,311,874
27098,4578,392,208,315,704,580,388,928
27103,4586,269,128,416,357,557,270,1011
27110,4592,345,171,347,294,479,322,1155
27116,4600,353,263,316,303,577,378,1088
27122,4606,353,286,461,186,435,250,1179
27128,4614,439,193,313,389,531,234,1121
27134,4619,365,381,303,183,490,236,1036
27141,4626,471,275,334,382,515,275,1003
27145,4631,417,265,359,273,591,369,1033
27145,4631,460,248,300,511,543,316,1058
27141,4634,460,270,266,242,542,387,1042
27134,4645,480,301,283,144,553,312,1057
27125,4657,448,268,330,198,534,407,1097
27115,4669,510,280,242,259,600,378,1004
27104,4680,545,312,251,262,802,351,1026
27093,4691,501,280,425,314,712,559,1005
27081,4702,452,354,293,329,609,286,1084
27068,4714,383,270,205,223,563,411,1076
27054,4728,487,312,267,293,522,359,1052
27042,4742,486,345,297,372,574,468,1142
27032,4757,402,298,310,289,610,393,1109
27031,4762,402,298,310,289,610,393,1109
27041,4769,453,373,290,303,617,381,1105
27051,4779,490,286,435,175,660,371,1109
27060,4786,456,394,417,285,649,169,1074
27069,4794,394,371,369,390,713,244,1035
27074,4800,462,431,376,196,755,312,937
27081,4811,462,458,324,187,772,299,958
27086,4817,442,409,483,333,744,316,908
27092,4824,478,409,364,196,701,339,886
27098,4832,478,409,369,332,671,207,871
27103,4838,494,472,376,252,647,349,763
27110,4846,512,375,331,245,651,392,715
27115,4854,503,393,419,215,645,275,816
27121,4862,506,465,454,304,632,398,798
27128,4868,527,480,422,336,877,415,737
27132,4874,608,501,435,254,1293,347,640
27140,4884,676,474,420,189,1513,400,506
27146,4891,765,432,449,242,892,487,282
27154,4897,881,456,554,309,744,786,575
27159,4905,911,440,509,411,206,534,607
27165,4911,949,469,473,452,171,522,576
27166,4914,949,485,508,252,342,381,654
27166,4914,1062,428,496,376,341,422,605
27160,4916,1062,444,431,309,297,353,520
27154,4924,1099,475,482,386,338,423,589
27144,4935,1133,446,495,370,424,526,496
27135,4947,1110,460,442,411,524,515,555
27126,4960,1023,453,471,357,368,481,600
27115,4970,1111,453,513,293,253,580,584
27104,4981,1108,503,501,435,391,466,580
27093,4993,1154,512,482,356,386,499,555
27081,5006,1117,486,537,384,346,427,584
27068,5018,1145,432,485,447,354,482,579
27055,5033,1145,520,555,281,266,493,662
27043,5047,1126,499,481,393,349,504,539
27031,5062,1173,473,513,422,306,536,502
27019,5078,1152,541,580,456,297,550,599
27007,5093,1157,552,520,409,284,511,549
26994,5110,1157,576,611,444,221,532,514
26980,5126,1251,537,537,409,116,528,636
26966,5142,1220,565,638,442,36,367,623
26953,5156,1256,569,556,426,84,504,597
26940,5170,1288,598,570,400,152,448,597
26928,5182,1248,610,610,412,99,436,580
26916,5195,1248,598,503,458,94,399,599
26902,5208,1310,622,573,491,125,393,619
26889,5222,1264,636,598,431,220,463,626
26877,5237,1349,605,631,426,295,439,660
26864,5250,1332,585,663,481,455,395,715
26852,5264,1351,573,609,483,533,502,558
26841,5278,1445,591,566,535,556,408,584
26829,5292,1396,617,594,479,520,459,571
26817,5306,1390,642,596,481,569,495,439
26804,5322,1466,561,652,474,553,344,602
26791,5338,1466,608,577,522,618,350,599
26778,5352,1446,635,586,504,458,300,550
26765,5366,1518,679,568,548,443,438,574
26753,5379,1508,658,621,506,493,376,573
26742,5394,1498,668,691,476,531,360,839
26730,5407,1563,711,644,563,399,422,795
26720,5420,1607,678,616,551,383,359,1000
26709,5432,1619,703,603,624,419,347,1456
26698,5443,1595,743,676,592,377,409,2476
26686,5456,1658,788,726,646,482,347,3115
26674,5468,1623,752,687,564,407,493,2823
26663,5482,1653,766,683,535,406,377,2549
26651,5496,1701,735,622,589,355,540,2493
26639,5511,1721,784,673,588,391,595,2499
26627,5526,1734,762,747,592,362,566,2604
26614,5539,1796,820,707,618,424,647,2547
26601,5552,1830,844,665,617,378,701,2542
26587,5566,1886,889,660,626,412,625,2597
26574,5579,1890,852,760,623,364,556,2642
26562,5593,1891,851,705,602,315,619,2698
26550,5608,1965,844,771,605,386,587,2697
26538,5622,2002,862,787,614,386,505,2766
26525,5635,2053,878,719,692,412,451,2766
26512,5648,2058,858,721,658,365,444,2817
26500,5659,2109,952,780,638,360,376,2840
26488,5671,2073,923,734,662,390,444,2866
26481,5682,2083,956,815,704,295,538,2902
26480,5684,2193,979,791,649,368,455,2917
26480,5684,2172,923,768,681,360,555,2937
26479,5683,2172,965,855,690,290,473,2989
26470,5674,2229,920,824,731,299,482,2974
26464,5668,2229,910,751,641,369,579,2932
26463,5666,2229,815,783,662,416,264,2956
26463,5666,1852,780,820,653,387,384,3016
26463,5666,1898,794,788,702,409,335,3013
26463,5666,1875,778,778,684,360,304,2966
26463,5666,1875,792,771,615,475,258,2951
26452,5657,1727,794,832,622,449,308,3005
26445,5651,1727,817,808,611,541,417,2991
26440,5643,1616,769,779,662,615,572,2973
26440,5643,1441,747,823,669,273,652,3004
26440,5643,1468,729,762,611,235,390,2959
26440,5643,1426,732,760,588,218,423,2946
26438,5644,1426,704,845,604,211,447,3030
26431,5650,1431,735,823,612,272,426,3018
26420,5659,1394,711,738,599,198,592,2933
26408,5670,1418,743,745,612,139,346,2932
26395,5680,1434,788,817,615,109,482,2940
26383,5690,1335,786,833,645,46,543,2910
26371,5701,1309,796,941,699,40,404,2994
26359,5713,1397,790,789,641,62,489,2904
26346,5723,1297,792,798,645,63,473,2869
26332,5734,1354,789,819,676,45,329,2930
26318,5745,1284,834,818,700,27,344,2873
26303,5757,1254,840,924,642,38,242,3017
26289,5772,1225,859,851,657,59,349,2818
26276,5787,1272,844,873,666,56,313,2826
26262,5801,1272,936,872,749,60,448,2799
26250,5816,1217,899,889,719,36,255,2808
26236,5831,1209,959,934,797,47,527,2792
26221,5847,1273,955,984,758,34,450,2798
26207,5864,1273,996,995,766,62,317,2785
26193,5880,1294,1003,1097,792,74,405,2829
26179,5896,1291,964,1045,794,123,512,2757
26166,5910,1307,1087,1125,811,222,511,2834
26153,5923,1357,1050,1156,851,284,343,2777
26140,5937,1380,1086,1130,852,257,530,2802
26127,5950,1380,1126,1179,868,355,574,2763
26114,5964,1375,1128,1171,888,369,448,2725
26102,5978,1369,1157,1231,958,390,558,2746
26091,5993,1385,1135,1231,961,525,425,2762
26080,6006,1401,1205,1298,1048,594,388,2760
26067,6020,1505,1201,1343,1051,634,382,2726
26055,6034,1447,1275,1361,1124,641,524,2744
26042,6047,1406,1387,1402,1115,597,557,2744
26029,6062,1436,1361,1474,1136,666,325,2746
26015,6078,1507,1410,1548,1158,667,365,2754
26002,6094,1507,1477,1595,1253,673,296,2735
25990,6109,1556,1532,1650,1304,637,441,2744
25978,6123,1524,1606,1725,1292,557,450,2860
25967,6137,1578,1690,1823,1431,660,313,2803
25955,6151,1578,1748,1915,1497,517,618,2765
25944,6164,1553,1817,2000,1547,437,320,2830
25931,6178,1586,1917,2087,1594,418,420,2816
25919,6191,1561,1952,2225,1721,437,373,2859
25908,6202,1709,2070,2279,1803,382,443,2838
25897,6215,1701,2194,2392,1867,367,430,2830
25886,6228,1726,2258,2558,1966,437,336,2838
25874,6241,1726,2387,2717,2047,345,335,2896
25861,6254,1705,2576,3021,2194,372,307,2946
25859,6263,1815,2753,3140,2368,355,351,2863
25858,6264,1979,2888,3418,2528,307,330,2923
25853,6262,1979,2942,3399,2532,382,296,2873
25844,6253,1929,2966,3431,2475,335,203,2921
25838,6245,2068,2974,3350,2379,512,208,2933
25828,6239,2134,3069,3284,2259,586,649,2929
25819,6232,2366,3207,3270,2163,121,520,2933
25811,6225,2512,3284,3146,2034,55,570,2844
25802,6218,2498,3285,3076,1979,155,557,2843
25796,6211,2680,3338,3050,1852,295,392,2805
25789,6203,2778,3367,2872,1788,315,351,2724
25781,6195,2891,3366,2751,1630,258,487,2698
25774,6188,3019,3387,2658,1516,325,370,2649
25766,6179,3053,3347,2587,1425,360,282,2620
25758,6172,3170,3309,2430,1306,300,57,2517
25749,6164,3261,3281,2374,1305,110,383,2527
25742,6157,3303,3258,2213,1106,209,861,2414
25734,6149,3352,3213,2058,990,295,907,2284
25728,6142,3374,3098,1977,935,242,1103,2254
25721,6134,3374,3012,1859,864,289,1224,2129
25713,6126,3392,2930,1776,772,245,1317,2060
25706,6118,3432,2854,1662,633,187,1495,2028
25699,6110,3416,2714,1416,636,131,1615,1878
25691,6102,3355,2601,1401,533,418,1807,1830
25683,6094,3276,2491,1315,477,451,1966,1768
25675,6086,3261,2424,1198,457,613,2150,1745
25667,6078,3246,2244,1109,307,520,2334,1837
25660,6072,3207,2110,1045,377,664,2575,1722
25652,6065,3073,2026,937,377,624,2689,1435
25645,6058,2980,1976,892,302,583,2984,1486
25637,6050,2920,1874,803,187,683,3194,1683
25632,6046,2783,1737,749,143,352,3360,1742
25624,6036,2768,1676,608,248,317,3545,1826
25619,6032,2528,1512,651,219,333,3781,1833
25611,6025,2459,1451,613,185,326,3887,1904
25603,6019,2459,1349,503,427,257,4044,1928
25595,6013,2347,1291,448,174,331,4057,1962
25588,6007,2231,1166,339,254,292,4065,2014
25581,6002,2064,1095,453,290,210,4063,2067
25573,5997,2064,992,414,238,171,4059,2123
25565,5991,1949,985,481,233,187,4062,2130
25557,5985,1838,932,394,185,241,4061,2170
25550,5979,1820,846,207,313,191,4055,2080
25543,5974,1568,785,249,177,232,4056,2191
25537,5968,1568,614,225,343,184,4057,2198
25530,5962,1472,649,308,210,205,4060,2215
25525,5957,1404,616,338,241,287,4066,2240
25518,5952,1375,456,286,192,158,4068,2195
25511,5945,1258,502,274,154,53,4061,2229
25505,5938,1151,304,425,227,56,4065,2234
25499,5929,1023,278,306,259,208,4063,2204
25500,5928,1023,197,320,507,124,4057,2186
25500,5928,987,160,486,550,306,4058,2184
25500,5928,962,329,311,399,255,4062,2203
25497,5930,957,207,264,466,227,4059,2173
25488,5938,958,340,282,636,264,4051,2136
25477,5950,958,315,306,579,203,4067,2188
25464,5960,997,247,226,492,147,4059,2174
25451,5971,927,317,289,350,169,4054,2164
25438,5985,917,346,488,265,223,3966,2129
25426,5997,908,247,344,448,233,3578,2181
25413,6009,927,240,334,515,264,3280,2103
25400,6021,901,286,288,515,165,3108,2103
25386,6034,916,299,284,300,300,2846,2151
25373,6046,928,317,293,125,197,2803,2101
25360,6060,913,377,254,345,349,2620,2129
25347,6074,916,363,303,491,155,2513,2015
25336,6089,916,308,328,532,242,2258,2043
25324,6103,909,318,496,306,297,2160,2099
25312,6117,887,457,346,340,269,2146,2054
25299,6131,902,287,424,179,226,1922,2043
25286,6144,908,332,334,353,224,1914,2061
25273,6158,930,282,254,321,207,1803,2046
25260,6171,965,319,247,163,87,1731,2028
25247,6185,965,338,301,143,237,1732,2038
25236,6197,935,276,353,212,159,1605,2058
25225,6209,924,348,417,326,158,1585,2079
25214,6221,924,361,384,315,160,1547,2012
25202,6234,924,312,346,318,73,1487,1968
25190,6247,957,352,353,294,216,1409,2006
25178,6261,926,399,345,272,120,1416,1970
25165,6276,941,356,350,273,191,1324,1960
25152,6290,946,348,338,359,148,1330,2002
25140,6302,946,352,361,314,142,1290,1951
25128,6316,1060,369,270,384,80,1294,1978
25115,6330,891,318,387,305,169,1186,1994
25103,6344,947,311,397,351,175,1160,1980
25089,6358,956,366,389,250,125,1140,1961
25075,6373,929,345,374,321,138,1115,1937
25061,6386,988,414,325,270,156,1105,1969
25048,6398,969,390,396,350,125,1033,1971
25036,6410,920,377,472,298,117,1035,2031
25024,6423,928,358,423,332,103,1043,2056
25011,6435,925,398,445,383,141,991,1948
24999,6447,951,488,488,391,197,1005,2008
24986,6460,980,302,475,367,152,988,1972
24974,6471,928,226,426,344,221,940,2012
24962,6483,937,284,492,322,104,961,1997
24950,6495,992,379,495,306,219,894,1964
24936,6507,1008,328,477,334,295,905,2061
24923,6521,883,369,428,320,178,874,1972
24908,6535,888,426,486,350,204,892,2025
24893,6549,902,423,457,335,196,875,1963
24879,6564,974,377,400,505,184,813,1935
24866,6579,977,432,476,363,207,883,1951
24852,6595,991,444,471,280,197,850,1920
24837,6612,991,427,412,339,124,819,1947
24822,6629,960,417,363,367,116,822,1947
24806,6645,926,400,423,357,151,740,1917
24792,6660,965,389,452,387,130,747,1905
24779,6673,957,416,464,394,155,707,1956
24766,6686,898,462,461,352,171,764,1944
24753,6700,955,427,433,418,217,743,1909
24740,6714,947,424,490,423,213,737,1939
24726,6728,953,389,475,418,200,651,1931
24712,6742,983,473,450,359,296,773,1894
24698,6757,977,430,460,297,246,693,1921
24684,6771,1000,435,529,436,329,692,1947
24670,6786,956,481,502,376,241,698,1895
24657,6802,1003,458,469,401,297,672,1922
24643,6816,1003,453,480,301,367,654,1917
24629,6832,995,530,492,332,323,709,1940
24615,6847,1059,457,450,427,393,593,1922
24602,6862,1037,471,520,372,328,641,1943
24591,6876,1026,460,518,370,333,604,1915
24579,6890,1026,488,521,394,287,666,1925
24568,6904,1064,553,527,416,326,706,1937
24555,6918,1153,472,556,373,303,654,1931
24543,6931,1078,511,475,408,316,582,1924
24530,6944,1080,516,512,375,316,625,1964
24518,6957,1116,473,589,399,260,576,1987
24505,6970,1159,454,518,456,337,568,1956
24493,6982,1106,519,449,342,374,549,1988
24480,6996,1129,405,578,471,407,579,1986
24469,7009,1125,507,545,527,388,559,1941
24457,7023,1152,540,508,438,431,514,1955
24445,7038,1147,544,529,414,483,557,1997
24432,7050,1142,536,471,421,419,573,1987
24420,7063,1203,547,553,437,454,533,2044
24408,7077,1204,558,533,408,491,560,2039
24396,7091,1179,627,494,461,455,582,1996
24384,7106,1285,551,484,466,348,482,2051
24371,7120,1203,514,517,447,430,563,2013
24359,7134,1203,591,586,505,373,508,2049
24345,7146,1189,589,509,484,371,482,2046
24331,7159,1259,519,559,528,444,478,2032
24318,7172,1179,488,549,540,345,572,2035
24305,7186,1238,533,532,487,460,562,2031
24292,7198,1248,477,565,426,390,521,2140
24278,7212,1246,649,612,510,389,616,2159
24265,7224,1275,589,609,531,310,473,2107
24252,7236,1261,566,548,506,408,461,2104
24238,7248,1304,541,639,460,413,522,2178
24226,7261,1233,568,563,508,352,498,2100
24212,7275,1253,593,690,528,412,542,2196
24199,7289,1253,588,600,511,329,486,2154
24185,7303,1264,568,558,527,357,501,2117
24171,7317,1279,601,596,522,335,507,2163
24156,7332,1279,521,628,488,88,475,2227
24141,7346,1330,597,601,524,94,440,2150
24127,7363,1329,587,641,563,49,492,2215
24113,7380,1334,606,646,591,45,489,2230
24098,7397,1319,596,627,517,50,473,2208
24084,7410,1365,649,672,535,36,517,2242
24070,7424,1414,607,659,512,14,484,2240
24055,7438,1438,621,677,555,28,503,2282
24041,7452,1388,627,624,574,46,452,2271
24027,7466,1398,613,642,619,120,431,2247
24014,7480,1392,658,716,599,251,523,2326
24000,7494,1380,658,690,590,313,467,2289
23986,7509,1460,659,716,617,348,458,2343
23972,7523,1424,656,694,718,329,448,2317
23958,7538,1460,682,686,647,303,440,2328
23943,7554,1551,670,716,668,400,422,2357
23929,7569,1488,676,694,606,325,460,2388
23915,7586,1488,676,694,606,325,460,2388
23902,7600,1530,771,732,675,216,513,2413
23888,7615,1583,728,746,648,246,461,2388
23874,7629,1563,732,789,664,137,505,2466
23861,7643,1613,738,750,662,128,396,2465
23858,7652,1628,700,776,690,37,425,2510
23858,7652,1661,755,852,723,109,383,2539
23859,7652,1661,778,823,696,75,454,2535
23849,7645,1653,720,791,739,67,340,2487
23842,7635,1635,737,766,679,32,424,2479
23834,7628,1472,731,788,669,328,447,2490
23827,7619,1307,749,799,659,384,476,2469
23820,7612,1250,741,807,686,542,456,2507
23806,7596,1027,722,776,546,359,483,2420
23800,7589,964,713,768,492,235,414,2472
23800,7589,897,714,784,555,379,401,2415
23799,7590,897,777,735,580,349,431,2378
23789,7599,946,792,704,592,364,434,2425
23777,7611,891,743,746,506,358,435,2368
23764,7623,887,743,853,570,336,385,2397
23752,7635,862,817,814,554,379,443,2369
23739,7647,875,784,775,513,382,449,2295
23727,7660,837,734,808,592,462,409,2321
23715,7672,869,816,864,612,446,468,2277
23704,7683,803,847,851,555,350,569,2246
23691,7694,839,863,913,554,347,486,2274
23679,7706,861,835,907,592,384,512,2273
23667,7718,883,837,859,569,394,443,2182
23654,7730,861,842,955,613,386,456,2203
23642,7742,863,850,960,636,364,410,2171
23627,7756,863,915,926,599,451,487,2122
23615,7769,863,919,991,648,337,512,2156
23602,7783,863,902,1060,653,435,445,2111
23596,7789,895,930,1057,733,314,415,2099
23596,7789,926,958,1071,725,385,465,2088
23598,7792,980,930,1035,682,424,549,2054
23607,7804,919,1005,1057,768,405,511,2052
23614,7811,919,938,958,696,734,522,2152
23615,7815,945,978,1020,774,516,437,2153
23615,7815,1004,950,1056,768,533,377,2180
23615,7815,979,964,1008,793,393,420,2101
23612,7816,1014,964,1008,793,393,420,2101
23604,7825,963,974,1019,790,353,415,2140
23593,7838,963,1061,1030,805,275,483,2149
23581,7851,1046,1071,1062,810,173,455,2137
23569,7866,1026,1035,1063,865,91,488,2098
23557,7879,1092,1054,1008,851,80,445,2086
23545,7892,992,1074,1137,917,201,403,2103
23534,7904,992,1114,1169,895,291,474,2150
23522,7917,1111,1154,1226,927,434,464,2123
23510,7929,1084,1192,1146,922,380,510,2083
23497,7941,1041,1194,1192,950,398,422,2097
23484,7954,1114,1181,1283,1018,438,368,2120
23471,7968,1140,1199,1330,1014,417,386,2201
23459,7980,1140,1202,1278,1075,459,338,2129
23446,7991,1179,1297,1317,1142,477,361,2094
23434,8003,1159,1331,1371,1138,528,389,2087
23420,8016,1159,1340,1469,1254,504,413,2114
23406,8029,1192,1496,1471,1235,455,505,2060
23391,8043,1215,1523,1496,1311,498,431,2087
23376,8058,1296,1555,1570,1330,451,396,2062
23363,8074,1314,1622,1647,1339,490,447,2055
23349,8088,1406,1677,1697,1233,510,440,2088
23333,8104,1442,1768,1825,1203,453,397,2094
23318,8122,1508,1913,1989,1375,528,416,2074
23302,8138,1564,1980,2033,1442,485,380,2071
23286,8154,1661,2114,2169,1573,572,369,2046
23273,8168,1782,2273,2436,1704,515,354,2082
23259,8181,1887,2480,2458,1812,534,406,2068
23246,8195,2088,2613,2702,1911,517,361,2039
23233,8208,2088,2794,2901,2001,570,339,2049
23219,8222,2427,2977,3065,2166,535,307,2041
23204,8238,2427,3316,3411,2398,582,327,2058
23190,8253,2591,3607,3780,2565,607,364,2056
23185,8260,2980,4060,4057,3019,596,404,2029
23185,8260,3009,4060,4057,3019,596,404,2029
23178,8255,3009,4059,4060,3001,603,347,2020
23171,8247,3044,4058,4059,2923,526,474,2068
23163,8241,3263,4060,4056,2814,598,324,2035
23156,8235,3393,4059,4057,2559,515,351,2016
23148,8230,3457,4057,4059,2454,540,384,2074
23142,8224,3655,4059,4059,2295,524,571,2045
23134,8217,3937,4058,3977,2203,489,992,1999
23128,8211,4054,3889,3818,2040,477,768,1975
23119,8203,4054,4061,3685,1962,395,618,1979
23112,8196,4053,4058,3437,1844,296,558,1892
23105,8188,4053,4057,3257,1720,388,598,1885
23098,8181,4047,4061,3090,1701,375,596,1812
23090,8173,4054,4060,2891,1464,327,668,1760
23084,8166,4058,4056,2715,1325,317,741,1743
23075,8157,4054,4058,2549,1141,328,802,1685
23070,8149,4053,4062,2369,1039,365,958,1678
23062,8142,4055,4026,2234,876,266,917,1641
23056,8135,4054,3974,2072,852,115,1061,1789
23048,8130,4054,3755,1995,707,152,1096,1794
23042,8123,4053,3593,1819,636,367,1161,1544
23035,8117,4051,3483,1828,732,451,1271,1281
23028,8110,4053,3356,1733,696,537,1361,1423
23021,8103,4055,3240,1666,662,600,1388,1580
23015,8098,4053,3029,1416,689,650,1535,1679
23007,8091,4053,2842,1355,678,463,1573,1778
23002,8085,4053,2685,1217,701,367,1614,1797
22993,8077,4055,2571,1101,708,198,1705,1924
22989,8071,4039,2348,955,717,289,1795,1973
22982,8063,3924,2264,923,698,199,1917,1971
22976,8057,3723,2128,853,635,258,1983,2095
22970,8049,3583,2010,788,682,192,2081,2179
22964,8042,3419,1866,743,657,266,2185,2203
22958,8037,3295,1827,800,648,335,2324,2299
22952,8030,3185,1721,729,631,242,2324,2364
22946,8026,2998,1702,777,623,277,2416,2388
22940,8018,2859,1631,738,628,378,2495,2421
22934,8012,2702,1517,706,563,324,2598,2428
22926,8005,2600,1247,745,530,313,2638,2492
22920,7998,2289,1226,737,481,440,2687,2567
22913,7992,2289,1044,750,254,325,2762,2624
22907,7984,2175,980,670,169,329,2827,2625
22900,7978,2076,815,720,277,340,2830,2745
22894,7971,1943,753,680,214,379,2885,2705
22888,7963,1881,728,774,21,362,2977,2919
22881,7958,1717,662,717,255,386,2981,2906
22877,7951,1708,705,644,260,416,2984,2542
22877,7950,1664,652,641,214,492,3008,2260
22877,7950,1613,646,591,274,419,3049,2274
22877,7950,1606,648,639,207,488,3033,2270
22877,7950,1604,674,678,231,449,3073,2281
22877,7950,1611,676,622,314,452,3065,2229
22877,7950,1624,719,594,203,474,3083,2227
22877,7950,1624,630,620,193,487,3042,2236
22870,7955,1603,716,650,244,424,3063,2172
22860,7966,1567,694,638,301,493,3017,2515
22849,7975,1595,603,601,219,453,2760,2389
22837,7983,1527,738,620,180,500,2643,2295
22823,7990,1523,696,626,277,505,2502,2483
22810,8000,1436,729,544,253,488,2391,2468
22797,8010,1367,800,662,163,496,2322,2528
22785,8021,1310,726,712,292,409,2175,2536
22772,8033,1254,730,685,126,426,2015,2620
22759,8045,1274,782,664,329,483,2000,2599
22746,8059,1271,802,794,317,467,1933,2605
22732,8072,1289,800,722,170,518,1802,2533
22719,8086,1263,784,756,221,465,1740,2657
22706,8101,1234,819,691,229,490,1700,2512
22692,8117,1210,808,704,310,442,1644,2563
22678,8132,1259,858,714,313,441,1572,2515
22664,8149,1259,887,705,336,435,1490,2508
22649,8163,1274,885,739,310,382,1423,2444
22634,8175,1233,893,785,299,375,1393,2485
22622,8188,1281,896,754,388,390,1371,2442
22608,8201,1227,914,796,389,382,1296,2564
22595,8214,1259,972,752,371,364,1281,2522
22581,8227,1208,1001,768,337,367,1208,2484
22566,8242,1248,992,825,371,340,1178,2535
22551,8255,1262,1015,795,407,381,1159,2457
22536,8269,1259,1037,824,324,355,1125,2487
22523,8282,1259,1028,835,386,408,1118,2517
22510,8296,1079,1021,857,414,354,1085,2510
22496,8310,1069,1116,934,399,393,1045,2498
22482,8325,1056,1131,853,476,402,1061,2428
22467,8340,1140,1161,883,344,359,1048,2453
22453,8354,1147,1199,890,389,277,1024,2399
22438,8369,1172,1207,929,389,296,977,2399
22424,8384,1219,1262,998,364,300,898,2549
22410,8398,1225,1324,967,369,378,936,2451
22397,8411,1201,1298,1059,437,335,897,2496
22383,8424,1209,1350,1046,465,334,873,2466
22370,8438,1428,1429,1126,393,297,902,2439
22356,8450,1595,1466,1081,394,344,875,2395
22344,8462,1627,1521,1144,423,294,913,2497
22332,8474,1668,1574,1124,444,335,837,2425
22321,8487,1715,1565,1162,441,299,837,2424
22308,8500,1750,1640,1205,417,280,804,2411
22296,8514,1838,1767,1285,398,336,866,2449
22282,8528,1938,1791,1278,462,316,741,2372
22268,8542,1975,1926,1336,422,327,803,2371
22255,8555,2081,1975,1406,416,396,726,2362
22242,8568,2210,2070,1432,422,286,777,2318
22230,8581,2304,2170,1568,397,325,749,2317
22218,8595,2438,2235,1594,507,310,734,2401
22206,8608,2535,2381,1685,495,294,745,2316
22194,8622,2731,2581,1692,469,328,742,2326
22182,8635,2841,2652,1859,528,312,695,2291
22170,8648,3077,2950,1922,470,334,737,2367
22158,8660,3329,3115,2021,540,368,689,2309
22147,8673,3493,3441,2060,531,389,766,2364
22135,8684,3762,3665,2293,765,333,694,2379
22124,8697,4054,3844,2369,936,424,619,2337
22111,8709,4054,4059,2569,1015,432,629,2304
22098,8721,4052,4060,2784,1205,454,589,2334
22085,8733,4056,4061,2962,1236,462,621,2262
22077,8742,3912,4054,3205,1384,431,687,2311
22073,8742,3527,3770,3498,1355,400,674,2448
22072,8742,3527,3770,3498,1355,400,674,2448
22065,8737,2994,3719,3512,1342,402,661,2365
22057,8728,2909,3732,3378,1215,338,649,2333
22049,8721,2752,3868,3035,591,276,696,2362
22041,8714,2748,3938,2790,477,353,656,2456
22034,8707,2748,4057,2535,459,333,742,2352
22026,8701,2882,4060,2356,577,394,658,2320
22019,8695,2899,4058,2214,500,350,720,2434
22013,8689,3074,4058,1991,448,411,534,2376
22005,8682,3256,4058,1905,407,445,672,2278
21997,8675,3453,4058,1675,542,582,1144,2256
21990,8666,3665,4031,1525,404,530,1457,2141
21983,8660,3714,3818,1344,322,600,1339,2094
21976,8653,3900,3569,943,369,265,955,2109
21969,8645,3990,3258,578,128,130,916,1952
21962,8638,4048,3051,509,226,330,896,1819
21955,8630,4055,2738,507,440,405,1015,2653
21949,8622,4051,2586,543,265,396,1174,2882
21941,8614,4051,2290,531,507,382,1197,2941
21935,8607,4057,2151,496,316,421,1412,3051
21926,8600,4053,1881,538,304,510,1476,3102
21919,8591,3654,1716,707,252,405,1543,3265
21912,8583,3654,1587,778,438,524,1729,3293
21904,8576,3409,1418,382,339,463,1802,3359
21895,8567,3122,1218,497,421,494,1976,3525
21887,8558,2534,534,511,92,508,2115,3579
21881,8549,2534,474,287,208,515,2301,3612
21874,8539,2110,437,630,333,523,2619,3588
21874,8539,1997,475,452,342,543,2680,3540
21874,8539,2001,468,561,329,524,2690,3551
21874,8539,1976,499,340,318,547,2694,3532
21874,8539,2018,558,361,312,562,2716,3541
21874,8539,2018,457,772,354,537,2656,3563
21874,8539,2008,459,269,300,517,2678,3520
21874,8539,2024,389,354,236,530,2664,3548
21874,8539,2029,443,569,388,505,2665,3535
21874,8539,2029,483,625,354,544,2680,3623
21865,8546,2004,533,464,347,537,2716,3559
21854,8556,1989,396,628,352,508,2625,3576
21841,8566,1994,462,449,375,523,2484,3500
21829,8577,1976,481,448,312,530,2405,3546
21816,8589,1980,455,463,308,572,2235,3543
21801,8600,1980,501,226,286,570,2197,3560
21786,8613,1956,554,678,328,572,2082,3625
21773,8626,1949,573,430,369,510,1972,3638
21760,8638,1936,515,502,271,524,1852,3537
21748,8649,1956,548,633,341,513,1830,3719
21734,8660,1946,492,419,493,522,1734,3728
21721,8672,1939,542,455,371,533,1674,3750
21707,8683,1955,525,629,351,505,1635,3704
21694,8694,1879,522,643,350,505,1594,3802
21680,8707,1632,561,560,425,551,1542,3793
21667,8719,1632,533,411,254,576,1433,3831
21654,8731,983,582,596,303,571,1433,3734
21640,8742,678,546,456,353,507,1394,3767
21627,8753,574,557,363,388,529,1327,3833
21614,8765,591,567,665,373,510,1292,3787
21601,8778,548,615,530,348,557,1246,3780
21588,8791,625,652,413,436,494,1157,3753
21576,8805,627,623,590,317,524,1170,3792
21564,8819,632,568,500,326,514,1147,3781
21550,8834,601,632,349,375,536,1163,3745
21537,8850,616,606,406,415,556,1119,3804
21523,8866,624,615,603,339,609,1129,3755
21509,8882,629,655,519,387,555,1098,3756
21495,8897,662,691,784,331,498,1089,3778
21482,8911,666,667,434,461,461,1066,3770
21470,8925,653,677,370,357,453,1013,3779
21458,8938,675,725,525,361,466,1053,3753
21447,8950,736,723,403,295,465,1007,3854
21435,8961,743,727,584,368,530,1000,3835
21423,8975,699,717,587,343,506,950,3849
21409,8990,699,749,445,360,480,943,3852
21396,9005,701,741,527,397,517,950,3855
21385,9017,720,719,520,278,513,897,3874
21373,9030,733,851,322,316,485,984,3781
21360,9044,817,775,593,328,484,924,3894
21346,9058,782,877,573,179,483,917,3865
21332,9072,791,830,391,403,488,849,3881
21318,9087,765,843,729,286,501,868,3930
21304,9101,818,838,570,127,451,864,3919
21290,9116,818,909,511,192,446,855,4017
21277,9129,832,878,509,332,429,843,4008
21264,9143,872,920,518,306,462,797,3953
21250,9157,873,922,587,353,521,771,4060
21237,9171,922,963,444,259,462,810,3543
21211,9196,956,1020,640,211,494,731,86
21199,9207,903,1034,406,215,421,749,7
21186,9219,973,1106,350,228,466,778,315
21173,9232,997,1154,719,105,499,756,319
21159,9244,1023,1067,491,206,476,677,395
21144,9259,1052,1074,532,108,457,753,803
21130,9274,1095,1042,323,297,456,726,602
21115,9287,1134,790,338,191,464,583,731
21102,9299,1189,503,568,244,440,654,118
21088,9312,1213,395,471,134,436,618,742
21072,9326,1255,646,595,325,452,588,265
21058,9340,1255,734,496,226,506,604,90
21042,9354,1260,545,455,243,467,626,59
21028,9369,1348,428,294,260,390,636,554
21014,9382,1393,471,509,169,453,632,616
21002,9394,1597,644,500,211,438,723,647
20989,9407,1597,644,295,169,466,589,324
20975,9421,1614,492,307,176,465,634,133
20961,9433,1614,370,388,282,461,585,339
20947,9445,1776,413,260,143,452,508,838
20934,9458,1907,588,262,279,458,591,683
20920,9470,1907,791,356,151,384,489,679
20906,9482,1986,512,568,311,418,624,383
20894,9493,2167,514,407,251,454,538,272
20880,9505,2194,552,347,228,394,640,398
20866,9517,2468,340,514,190,467,509,818
20853,9530,2468,284,221,85,431,477,664
20840,9544,2671,385,296,190,402,553,720
20828,9558,2898,405,394,328,423,520,736
20815,9572,3157,435,198,292,418,492,748
20802,9587,3366,368,264,190,448,501,685
20789,9602,4012,309,287,350,387,525,805
20774,9619,4054,277,259,227,401,459,668
20767,9630,4054,405,322,228,422,605,618
20767,9632,4052,348,200,208,417,590,654
20768,9631,4054,346,223,201,435,545,647
20768,9631,4054,403,394,256,410,529,557
20768,9631,4054,394,155,220,448,522,693
20768,9631,4053,345,270,239,471,514,475
20768,9631,4052,458,460,124,436,488,677
20762,9629,4047,302,172,371,399,482,500
20753,9622,3658,292,427,221,483,514,610
20745,9614,3658,634,427,167,418,446,724
20736,9606,2905,349,39,181,350,402,946
20723,9598,2222,449,144,202,448,560,1318
20716,9592,1666,178,148,344,472,498,1554
20708,9584,1343,209,240,441,478,520,1301
20699,9576,1008,201,160,449,454,713,1181
20694,9568,511,91,315,462,418,1245,1293
20694,9566,511,156,57,442,443,1284,1294
20694,9566,392,58,195,415,469,1171,1323
20694,9566,227,94,166,486,451,1190,1295
20689,9570,509,158,127,435,449,1209,1294
20678,9582,334,86,217,483,458,1197,1371
20667,9595,425,132,154,481,391,1200,1407
20656,9610,333,221,249,412,405,1232,1455
20644,9624,385,122,174,452,419,1248,1512
20633,9637,238,165,191,472,402,1308,1547
20621,9652,201,158,182,477,428,1347,1637
20608,9664,424,172,127,521,395,1305,1676
20594,9676,511,118,50,451,396,1217,1773
20580,9688,180,121,188,465,416,1345,1928
20566,9700,344,231,253,470,384,1221,2095
20551,9713,551,356,184,553,441,1233,2339
20538,9726,286,304,111,461,507,1225,2607
20525,9740,453,276,47,462,424,1192,2972
20510,9754,435,139,97,479,411,1165,3426
20496,9767,522,87,110,467,391,1177,4052
20482,9780,261,48,124,506,446,1210,4065
20468,9794,485,141,188,540,402,1061,4066
20454,9808,379,165,126,529,407,1177,4017
20441,9822,190,139,213,434,428,1163,3777
20427,9837,419,126,180,513,500,1060,3651
20412,9852,404,147,126,466,433,1237,3365
20397,9866,469,79,196,539,438,1130,3318
20381,9880,328,109,190,507,389,1036,3044
20367,9894,367,107,135,543,422,1148,2995
20354,9907,349,133,161,480,495,1061,2753
20340,9920,139,226,124,513,434,1085,2711
20326,9933,192,39,119,619,488,1023,2556
20311,9946,261,176,211,543,434,952,2511
20296,9958,263,87,112,522,426,1078,2394
20280,9970,393,87,112,522,426,1078,2394
20266,9983,196,99,218,584,430,862,2169
20253,9996,275,50,211,542,463,948,2113
20239,10009,337,85,125,589,423,831,2123
20225,10024,337,110,188,575,433,823,2023
20210,10038,289,167,162,545,438,834,1884
20205,10045,289,61,245,520,390,887,1877
20211,10052,292,48,169,562,446,886,1873
20218,10060,374,106,216,458,426,1163,1866
20225,10067,281,206,154,483,434,946,1917
20230,10075,362,279,131,412,407,565,2068
20239,10082,521,223,74,330,435,435,2168
20246,10089,521,150,100,296,416,412,2147
20253,10099,326,379,129,339,537,398,2127
20259,10106,223,449,83,228,506,347,2233
20267,10113,245,433,133,192,381,384,2248
20274,10122,99,573,197,337,443,369,2244
20281,10130,245,93,239,103,314,398,2198
20286,10136,184,684,257,307,628,266,2118
20286,10137,510,211,227,51,741,326,2214
20286,10137,461,447,194,91,789,458,2266
20286,10137,422,385,213,32,742,390,2241
20279,10142,422,423,234,36,773,445,2277
20270,10151,476,546,251,98,750,409,2144
20260,10160,523,331,403,20,656,355,2142
20250,10171,398,266,97,29,760,454,2206
20240,10183,501,515,242,80,721,424,2262
20229,10195,518,307,201,104,681,532,2224
20216,10207,521,207,257,196,687,432,2165
20207,10218,521,366,64,36,616,436,2283
20207,10220,436,317,179,60,636,445,2185
20202,10216,350,402,176,55,626,417,2174
20202,10217,290,418,251,127,700,511,2188
20202,10217,333,201,372,122,686,570,2192
20202,10217,281,282,147,167,708,453,2157
20202,10217,365,240,211,135,697,410,2244
20202,10217,302,258,227,50,664,461,2211
20202,10217,302,279,263,131,670,406,2199
20202,10217,244,287,258,150,721,408,2179
20198,10219,244,348,185,89,693,482,2188
20189,10225,453,448,189,35,713,524,2203
20177,10236,331,348,245,93,696,460,2096
20164,10247,396,327,222,109,716,361,2157
20151,10259,396,527,186,156,678,420,2284
20137,10273,274,460,182,61,633,413,2220
20123,10288,295,337,171,97,624,449,2196
20109,10302,242,249,184,138,623,458,2068
20096,10317,238,565,187,82,543,435,2223
20083,10332,335,470,204,187,508,469,2208
20071,10346,195,590,264,99,458,374,2098
20059,10361,231,614,201,166,493,444,2096
20046,10378,212,496,240,102,456,379,2130
20032,10394,93,566,368,135,390,500,2133
20019,10410,269,194,328,82,433,599,2151
20006,10424,328,220,302,148,388,498,2247
19993,10438,190,266,402,129,405,537,2099
19980,10451,193,367,176,86,420,601,2146
19969,10464,216,337,243,172,438,734,1966
19946,10490,211,411,309,210,458,774,2026
19933,10503,185,218,292,108,418,766,2148
19921,10516,184,147,232,228,400,588,2055
19908,10529,345,235,291,196,422,766,2104
19896,10542,282,312,290,106,427,747,2147
19884,10556,325,254,325,171,429,714,2116
19871,10570,409,413,269,197,438,761,2140
19859,10586,293,117,256,144,496,763,2159
19845,10602,389,194,360,199,475,687,2152
19831,10616,122,281,295,219,487,770,2217
19817,10630,297,110,267,119,529,797,2110
19803,10643,358,303,276,255,479,689,2104
19789,10657,280,360,451,182,491,737,2073
19777,10671,231,165,297,96,435,629,2020
19763,10685,275,250,326,264,476,777,1689
19750,10697,160,199,527,194,481,758,1434
19737,10710,242,232,189,237,490,826,1181
19724,10722,187,254,377,190,516,759,1135
19711,10734,191,228,292,306,598,586,1115
19698,10747,186,118,296,147,519,638,1114
19685,10761,191,401,383,228,531,672,1127
19670,10775,305,261,268,144,539,644,1127
19656,10789,265,233,311,205,521,735,1132
19641,10803,105,160,280,207,552,604,1115
19626,10816,179,145,366,198,552,782,1109
19613,10830,212,344,290,226,552,676,1119
19600,10843,150,179,334,151,504,806,1126
19586,10857,114,202,411,216,584,762,1153
19571,10872,152,270,188,292,566,696,1105
19557,10886,71,338,324,219,550,717,1152
19542,10899,239,169,309,207,525,802,1114
19527,10912,265,122,262,182,556,727,1095
19514,10924,249,90,400,282,542,669,1152
19501,10936,360,362,376,246,569,680,1120
19488,10948,239,515,331,284,538,721,1108
19474,10961,165,551,402,284,543,544,1128
19461,10974,327,271,444,212,534,743,1131
19446,10985,90,98,358,246,555,611,1112
19432,10997,306,123,186,180,516,552,1143
19418,11010,224,30,388,296,558,587,1100
19404,11023,162,332,302,312,526,585,1093
19391,11037,335,152,389,308,542,655,1092
19375,11052,128,117,444,306,594,590,1072
19361,11067,278,280,317,222,526,666,1107
19347,11082,181,360,326,229,512,582,1099
19334,11097,145,295,417,376,570,518,1101
19322,11113,79,221,341,200,517,755,1101
19309,11129,130,115,364,217,556,635,1083
19296,11145,164,101,375,215,520,613,1168
19282,11161,87,317,377,221,509,585,1161
19268,11175,119,298,393,301,507,619,1129
19255,11188,119,317,440,262,534,675,1091
19241,11201,305,169,384,293,458,714,1136
19228,11215,221,194,351,205,531,571,1129
19216,11229,157,123,423,300,537,795,1130
19204,11242,227,139,237,269,508,640,1090
19192,11256,227,156,390,314,507,779,1060
19179,11270,220,167,368,270,502,619,906
19166,11284,85,173,423,231,478,526,946
19153,11299,189,147,459,318,504,590,1019
19140,11313,253,147,459,318,504,590,1019
19128,11326,142,264,414,302,448,420,917
19116,11341,180,173,407,341,509,505,954
19103,11356,252,267,391,272,401,457,967
19089,11370,282,223,353,278,446,493,925
19075,11384,146,68,341,228,456,333,976
19060,11399,112,288,437,283,471,424,1010
19056,11406,112,107,453,379,450,443,996
19060,11409,238,224,452,292,488,456,814
19068,11422,129,213,305,311,482,322,946
19074,11429,423,239,300,321,459,158,924
19080,11435,394,223,380,335,418,240,800
19086,11443,298,240,271,374,482,348,907
19092,11450,378,122,150,272,509,230,1255
19098,11456,347,243,229,340,397,393,1133
19104,11461,323,204,387,328,300,328,1019
19109,11468,129,149,379,346,246,294,1029
19116,11474,359,137,370,401,382,332,1033
19122,11481,375,180,232,340,528,425,1006
19130,11492,350,85,397,247,594,269,1054
19137,11499,419,613,178,320,470,412,1073
19145,11506,297,732,337,323,435,371,1013
19152,11513,381,255,302,304,387,308,1002
19161,11521,348,296,392,338,442,389,1059
19170,11529,246,295,520,166,350,440,1022
19179,11537,339,382,372,225,341,447,938
19188,11546,520,234,323,200,323,354,935
19191,11551,657,235,290,284,188,357,992
19191,11551,669,361,386,148,376,482,855
19191,11551,728,361,386,148,376,482,855
19186,11553,728,330,290,215,367,462,866
19179,11564,719,413,304,188,335,424,848
19170,11575,738,375,173,183,345,528,875
19159,11588,700,368,304,311,288,548,879
19150,11599,796,368,357,310,309,559,874
19140,11613,800,334,328,213,351,491,928
19130,11626,809,436,322,226,368,457,924
19120,11640,787,442,271,183,313,513,882
19110,11653,752,366,225,294,365,502,927
19099,11664,826,411,246,238,372,503,895
19087,11677,798,353,319,212,347,465,944
19074,11689,802,195,255,187,343,519,926
19061,11701,802,280,316,250,364,582,953
19047,11714,735,306,302,214,386,447,927
19035,11727,735,354,196,324,313,484,971
19023,11738,829,366,230,192,318,494,989
19011,11749,779,261,357,172,307,433,1029
18999,11760,796,501,171,153,359,472,1035
18986,11772,811,402,278,178,350,494,1069
18974,11785,752,407,286,359,331,389,1067
18961,11798,724,443,256,251,341,513,1072
18949,11812,722,491,245,285,351,466,1146
18936,11826,774,412,329,205,372,400,1203
18922,11841,789,453,278,266,316,475,1172
18908,11856,724,478,298,402,343,467,1214
18893,11873,707,453,186,220,359,524,1198
18877,11890,721,494,337,342,350,564,1217
18863,11906,707,455,436,389,366,489,1265
18850,11921,754,427,293,233,350,411,1266
18835,11934,700,455,326,318,365,433,1343
18822,11948,718,481,463,300,426,519,1276
18807,11961,718,474,318,319,407,450,1276
18793,11974,773,537,323,354,410,531,1382
18778,11989,707,536,351,250,316,624,1431
18764,12004,689,537,259,181,318,440,1375
18751,12018,725,510,317,222,384,429,1330
18738,12033,725,566,457,202,353,412,1134
18724,12047,794,545,599,268,360,418,907
18710,12062,727,512,509,184,331,493,1202
18695,12077,809,615,466,291,453,475,1781
18680,12092,773,602,568,356,345,524,1550
18666,12107,773,560,656,261,340,437,1440
18654,12122,740,560,452,437,341,379,1471
18639,12136,684,560,484,216,349,392,1484
18626,12150,748,582,515,111,304,334,1395
18613,12164,748,594,498,287,399,432,1439
18599,12178,659,614,812,317,330,415,1468
18587,12191,704,612,471,95,278,463,1500
18575,12203,772,631,846,202,349,386,1527
18564,12215,748,617,617,360,353,432,1513
18552,12227,750,623,564,253,380,394,1557
18540,12240,830,655,567,314,363,423,1527
18527,12252,830,653,623,238,339,455,1580
18514,12266,733,682,641,232,372,413,1543
18500,12280,710,643,548,243,358,368,1563
18488,12294,728,693,670,182,343,423,1515
18475,12307,738,611,710,202,450,345,1526
18463,12320,719,681,874,159,358,462,1544
18451,12333,776,708,724,320,444,570,1525
18441,12344,776,748,825,225,338,403,1544
18431,12357,800,723,761,171,410,340,1560
18419,12371,803,675,800,231,362,380,1535
18406,12384,803,723,755,197,357,393,1582
18395,12398,742,798,813,164,354,437,1557
18384,12410,820,788,852,321,328,400,1535
18372,12422,791,757,888,159,375,493,1570
18361,12434,803,733,797,390,367,447,1539
18349,12448,813,794,841,366,376,279,1531
18336,12461,783,802,846,226,442,357,1584
18322,12474,770,766,836,370,384,380,1531
18309,12486,770,852,941,152,388,365,1622
18295,12498,755,876,872,256,357,352,1580
18284,12510,808,826,935,174,398,319,1698
18271,12521,834,849,982,212,336,347,1650
18258,12534,775,881,936,361,334,391,1625
18245,12547,817,875,990,238,359,321,1649
18232,12561,912,909,984,239,325,352,1617
18219,12575,833,988,1003,383,312,328,1602
18205,12590,929,948,1040,156,377,199,1605
18192,12604,974,962,1057,221,315,387,1632
18179,12619,974,1053,1041,176,369,407,1603
18165,12635,962,1083,1121,207,392,263,1612
18150,12651,929,1062,1115,165,406,328,1615
18135,12667,950,1072,1135,208,340,293,1618
18121,12681,1016,1151,1208,144,349,500,1634
18108,12694,1005,1218,1245,298,339,468,1613
18094,12707,1073,1212,1255,310,315,409,1541
18080,12720,1097,1224,1285,253,419,381,1625
18066,12734,1112,1244,1305,279,351,358,1447
18051,12749,1090,1321,1375,249,358,410,1409
18036,12764,1127,1356,1458,239,393,388,1418
18022,12777,1159,1383,1497,232,379,366,1447
18008,12791,1190,1470,1547,216,314,397,1476
17994,12805,1255,1549,1609,156,411,401,1453
17981,12821,1256,1640,1678,204,311,480,1467
17966,12836,1333,1640,1772,119,390,415,1530
17952,12851,1358,1767,1862,274,366,495,1466
17938,12866,1461,1844,1959,292,311,463,1501
17923,12880,1490,1958,2062,314,331,439,1443
17910,12895,1617,2020,2118,316,356,497,1428
17896,12909,1623,2199,2314,300,353,578,1430
17882,12922,1692,2310,2499,303,384,516,1460
17869,12937,1786,2500,2642,258,394,414,1464
17855,12950,1928,2656,2873,250,324,393,1475
17843,12962,2077,2900,3100,390,388,496,1523
17831,12974,2167,3116,3335,730,300,434,1520
17819,12986,2310,3365,3594,1345,406,459,1477
17807,12999,2474,3644,3913,2275,390,480,1482
17795,13012,2652,4030,4058,2902,384,550,1430
17792,13021,2885,4060,4059,3244,355,403,1543
17791,13022,3115,4059,4059,3600,349,403,1515
17791,13022,3115,4059,4059,3600,349,403,1515
17787,13020,3111,4060,4059,3612,351,397,1503
17777,13010,3114,4058,4057,3612,411,419,1487
17770,13005,3547,4059,4057,3016,378,159,1517
17763,12998,3668,4059,4058,1616,354,377,1461
17755,12991,3668,4057,4057,334,328,268,1447
17746,12984,4059,4057,4060,417,338,378,1453
17741,12976,4059,4060,4060,322,351,307,1457
17733,12970,4050,4059,4061,93,392,303,1449
17726,12963,4051,4058,4059,320,320,327,1411
17720,12956,4046,4058,4017,301,385,369,1385
17712,12948,4046,4059,3819,252,309,394,1341
17706,12941,4052,4059,3631,213,291,385,1375
17700,12935,4053,4062,3360,177,343,288,1313
17694,12926,4052,4060,1747,201,365,422,1313
17687,12921,4052,4060,504,215,302,356,1367
17681,12913,4052,4063,424,380,308,305,1515
17674,12905,4054,4058,313,519,322,252,1560
17668,12898,4054,4055,347,622,350,164,1467
17661,12890,4054,4054,343,568,211,721,1216
17655,12882,4054,4056,474,559,272,721,987
17647,12875,4053,4063,342,600,230,905,1271
17642,12866,4054,3811,268,536,300,938,1509
17635,12857,4054,3675,319,408,223,905,1548
17628,12849,4053,3424,266,312,257,1070,1704
17622,12842,4054,3232,157,184,245,1108,1743
17615,12834,4056,2232,412,368,416,1228,1802
17610,12827,4056,449,488,319,493,1281,1893
17602,12820,4053,267,496,391,634,1320,1954
17597,12814,4059,229,582,358,465,1480,2038
17589,12806,4044,280,592,374,231,1553,2100
17583,12800,3911,249,599,415,174,1605,2186
17575,12793,3820,375,621,357,341,1188,2237
17568,12786,3696,330,618,389,197,1207,2295
17560,12779,3434,228,485,382,202,1659,2393
17554,12772,2709,188,435,370,236,1756,2459
17546,12766,2709,35,395,339,240,1543,2577
17541,12760,312,60,503,384,293,1576,2619
17533,12754,279,109,405,337,299,1604,2525
17528,12746,322,311,398,326,290,1568,2554
17521,12737,137,428,413,330,279,1619,2656
17514,12731,228,436,332,275,320,1665,2817
17506,12723,220,478,407,336,195,1691,2809
17499,12715,132,477,457,271,275,1723,2899
17490,12708,197,464,349,231,211,1772,2841
17484,12700,195,381,409,292,181,1763,2814
17476,12692,134,385,444,238,171,1786,2812
17468,12684,236,384,386,186,191,1792,2794
17462,12676,220,200,435,126,168,1813,2737
17456,12666,469,359,255,62,192,1836,2657
17456,12666,547,290,286,59,127,1806,2691
17456,12666,511,281,375,117,162,1837,2662
17456,12666,553,291,374,95,168,1801,2716
17455,12667,553,351,411,147,230,1798,2722
17445,12674,468,244,411,194,121,1795,2649
17433,12685,515,302,369,69,213,1773,2654
17421,12696,591,292,419,227,156,1722,2672
17415,12702,605,314,427,127,175,1681,2611
17415,12702,597,386,384,110,134,1746,2558
17415,12702,597,322,353,52,215,1654,2555
17426,12714,594,268,399,223,163,1612,2703
17426,12714,521,362,401,96,199,1677,2652
17426,12714,521,357,443,160,157,1741,2656
17419,12720,521,385,453,219,156,1634,2742
17406,12732,521,426,354,95,243,1625,2685
17392,12746,598,316,439,236,100,1546,2600
17377,12758,539,265,448,233,185,1490,2562
17364,12770,539,193,351,198,181,1523,2729
17351,12784,536,318,425,138,208,1381,2619
17337,12797,577,282,405,201,189,1360,2625
17323,12810,543,292,317,141,192,1364,2571
17308,12825,598,273,461,161,196,1270,2513
17294,12840,593,374,440,156,111,1264,2524
17279,12854,660,321,449,137,196,1207,2464
17265,12869,660,325,407,340,122,1192,2205
17252,12882,660,329,444,208,83,1125,456
17238,12896,662,335,462,155,197,1104,22
17223,12909,657,348,459,257,218,1107,48
17210,12923,657,335,438,194,125,1080,585
17196,12936,632,408,491,208,237,1095,803
17182,12950,686,346,436,230,233,1013,726
17169,12961,672,401,434,255,152,1025,739
17157,12972,682,334,455,117,165,1017,676
17145,12985,711,330,475,213,112,1003,693
17118,13011,736,416,436,238,156,978,742
17105,13025,720,292,399,341,145,928,489
17092,13039,717,371,440,242,83,914,541
17079,13054,738,378,463,288,131,913,580
17067,13066,738,420,445,282,133,932,479
17055,13079,755,419,415,292,195,848,723
17044,13093,730,385,456,297,121,820,644
17031,13106,721,388,454,244,241,822,700
17019,13120,806,357,448,215,226,845,537
17006,13134,736,434,488,286,223,823,489
16993,13147,736,379,504,275,234,812,608
16981,13161,782,381,506,304,217,831,646
16969,13173,809,442,456,307,231,868,533
16958,13185,847,409,539,247,203,776,508
16947,13196,791,419,537,358,240,773,527
16937,13208,791,367,421,285,269,815,535
16925,13221,853,409,535,338,248,789,393
16912,13234,895,387,535,326,293,722,612
16900,13246,853,326,429,306,235,743,553
16889,13256,832,456,502,335,214,752,576
16878,13267,856,394,508,350,233,740,702
16866,13279,807,420,483,446,215,720,464
16854,13292,805,459,506,346,216,716,634
16842,13305,803,422,489,348,184,703,607
16828,13320,809,442,504,311,229,716,775
16814,13335,825,450,541,307,243,706,649
16799,13350,791,495,467,308,298,694,662
16786,13366,833,468,487,398,260,648,762
16773,13382,795,500,504,353,342,700,586
16759,13398,805,511,479,345,266,665,621
16746,13414,805,489,593,394,253,692,902
16732,13428,859,412,510,325,275,659,791
16719,13440,827,398,496,373,326,629,737
16706,13453,827,442,528,367,260,707,872
16694,13466,835,455,551,424,307,629,125
16681,13479,857,410,590,410,311,600,23
16668,13493,827,419,550,440,263,630,239
16654,13506,851,422,559,496,259,646,687
16639,13521,873,462,544,556,275,572,807
16625,13534,873,491,598,431,293,629,488
16612,13547,871,553,558,428,252,661,330
16598,13562,837,511,535,483,273,654,500
16585,13577,895,493,640,432,305,593,729
16571,13592,821,503,509,405,285,588,1252
16557,13607,872,517,559,444,313,527,647
16542,13622,1025,610,579,457,345,619,313
16527,13635,904,555,571,503,308,568,360
16514,13649,883,515,633,488,337,565,1020
16501,13663,863,573,607,486,226,614,785
16488,13677,919,507,608,451,276,531,1004
16475,13689,942,614,592,527,265,657,853
16463,13702,903,556,648,529,260,520,771
16450,13714,936,563,619,536,292,530,1097
16436,13726,895,574,658,500,269,519,1051
16423,13738,909,582,649,467,311,517,876
16410,13752,936,563,627,515,288,516,923
16397,13767,876,589,670,511,265,577,714
16383,13782,936,644,680,518,252,561,651
16370,13796,927,555,667,542,377,487,704
16357,13810,934,615,701,569,282,540,760
16344,13822,871,646,628,525,346,625,673
16331,13835,945,600,750,570,283,535,733
16320,13848,945,642,676,540,356,535,727
16309,13862,914,604,690,564,283,406,747
16296,13878,886,640,736,603,311,534,737
16284,13891,982,602,696,614,254,509,882
16271,13904,1002,655,704,597,298,448,1159
16258,13917,970,651,730,650,360,442,1454
16246,13929,941,635,806,583,248,471,1752
16233,13942,947,678,734,581,288,506,1827
16221,13954,939,670,753,667,296,445,2123
16210,13966,947,680,738,591,295,431,2150
16198,13978,949,658,764,634,348,403,1821
16187,13989,949,734,784,700,242,481,1705
16175,14000,1000,739,765,581,286,560,1631
16163,14011,1000,758,773,650,339,589,1562
16152,14024,1000,740,809,628,300,421,1548
16140,14037,1028,716,817,683,265,452,1561
16128,14050,1028,732,824,677,263,463,1624
16116,14063,1098,810,869,714,398,488,1644
16103,14078,1116,797,807,698,370,435,1570
16090,14092,1188,740,900,743,374,417,1619
16076,14109,1188,761,858,730,281,405,1595
16062,14124,1236,804,872,724,245,481,1613
16047,14140,1307,806,903,738,347,423,1637
16033,14157,1306,832,936,779,341,469,1612
16019,14173,1379,850,942,805,311,450,1621
16006,14186,1323,844,994,840,322,432,1652
15992,14200,1274,920,994,807,285,370,1605
15979,14215,1343,953,1060,849,296,501,1711
15965,14227,1261,951,1050,868,265,388,1692
15952,14240,1328,976,1025,867,293,384,1633
15940,14254,1382,921,1108,881,298,431,1706
15927,14268,1397,930,1128,894,308,374,1719
15912,14282,1397,993,1119,940,284,382,1691
15898,14296,1401,1002,1177,976,328,446,1738
15885,14309,1401,1028,1168,967,336,377,1717
15870,14323,1297,1070,1255,1016,264,411,1721
15857,14339,1297,1091,1331,1042,234,429,1777
15843,14354,1340,1117,1325,1077,284,332,1756
15830,14369,1227,1167,1310,1087,303,389,1753
15815,14382,1205,1197,1349,1176,321,331,1773
15801,14396,1205,1248,1432,1178,267,431,1780
15786,14410,1177,1254,1498,1203,306,361,1810
15772,14423,1177,1341,1503,1285,231,338,1800
15759,14437,1197,1391,1548,1252,212,333,1813
15746,14450,1147,1359,1608,1396,244,287,1803
15739,14458,1245,1450,1696,1348,315,334,1802
15739,14459,1245,1487,1737,1491,291,320,1818
15739,14459,1174,1527,1723,1392,279,293,1799
15739,14459,1174,1491,1748,1431,346,418,1834
15732,14453,1193,1501,1776,1441,295,349,1818
15723,14442,1206,1563,1733,1361,314,366,1816
15710,14433,1206,1545,1695,1394,282,428,1832
15702,14425,1286,1596,1714,1348,288,388,1796
15693,14416,1324,1611,1632,1257,352,352,1785
15684,14405,1387,1687,1629,1134,279,401,1734
15670,14394,1423,1649,1612,1175,287,792,1775
15663,14387,1565,1663,1531,1051,245,798,1694
15660,14380,1565,1658,1501,1030,335,523,1654
15660,14380,1560,1673,1451,937,238,528,1616
15660,14380,1560,1673,1451,937,238,528,1616
15653,14385,1573,1669,1447,961,255,541,1637
15640,14396,1630,1704,1507,969,230,573,1670
15628,14408,1630,1762,1539,970,164,524,1594
15618,14419,1666,1841,1590,1005,271,555,1618
15618,14422,1745,1891,1589,994,251,571,1546
15618,14422,1802,1898,1711,1051,219,533,1595
15618,14422,1802,1902,1682,1054,307,511,1649
15609,14415,1790,1902,1612,1042,298,563,1604
15602,14404,1788,1962,1603,985,305,728,1541
15595,14396,1838,1879,1559,914,231,797,1556
15587,14388,1815,1856,1438,874,159,695,1513
15582,14380,1902,1827,1436,830,215,597,1517
15574,14372,1910,1798,1406,773,182,588,1581
15570,14365,1953,1752,1297,750,80,544,1438
15563,14356,1938,1743,1271,701,40,660,1379
15558,14349,1914,1716,1183,598,78,663,1357
15552,14341,1908,1664,1133,531,135,555,1349
15545,14334,1932,1634,1106,514,306,452,1324
15541,14328,1909,1590,1009,520,358,281,1269
15534,14321,1892,1603,999,416,225,32,1389
15529,14313,1866,1559,930,236,457,109,1469
15522,14307,1798,1435,866,305,484,1057,1670
15510,14294,1801,1391,832,344,491,1250,1892
15503,14287,1816,1402,808,392,333,1321,1213
15499,14281,1772,1316,734,348,310,1380,1017
15492,14275,1705,1255,733,356,332,1435,1101
15487,14269,1710,1204,704,400,432,1504,1204
15481,14264,1667,1164,674,345,292,1626,1199
15474,14258,1612,1089,575,351,360,1633,1208
15470,14252,1573,977,582,307,512,1704,1271
15462,14245,1573,999,519,289,444,1737,1299
15457,14239,1500,1019,369,239,332,1811,1267
15451,14233,1478,924,343,327,176,1884,1311
15445,14227,1502,844,415,298,156,1934,1317
15440,14222,1396,763,448,363,288,2015,1363
15433,14215,1382,838,383,320,308,2069,1361
15428,14208,1307,837,374,310,463,2143,1436
15421,14201,1269,723,335,126,486,2240,1376
15414,14194,1215,704,427,251,367,2261,1421
15407,14185,1169,647,346,221,301,2310,1357
15401,14177,1132,556,284,207,313,2302,1427
15394,14169,1132,520,405,185,367,2400,1470
15394,14169,988,431,316,87,339,2459,1446
15394,14169,982,443,368,130,332,2423,1483
15394,14169,982,460,356,307,397,2448,1446
15391,14173,1000,479,405,178,341,2389,1499
15383,14183,1012,402,275,323,335,2461,1505
15373,14193,1012,433,383,281,423,2319,1443
15363,14203,978,477,342,137,431,2225,1456
15354,14213,1004,478,373,190,430,2153,1467
15343,14222,983,447,430,216,416,2017,1549
15330,14232,982,451,366,298,363,1918,1491
15321,14243,982,451,366,298,363,1918,1491
15320,14245,1028,524,348,258,342,1869,1492
15320,14245,1028,436,323,160,367,1754,1504
15309,14239,986,417,412,238,508,1789,1496
15296,14232,968,388,391,284,329,1809,1536
15294,14232,881,261,352,288,399,1820,1546
15294,14232,881,279,328,290,430,1815,1509
15293,14233,876,341,414,215,360,1824,1498
15288,14244,871,369,365,184,420,1820,1499
15275,14257,955,389,322,275,360,1773,1505
15262,14269,929,388,336,508,344,1679,1554
15250,14282,862,256,346,228,371,1611,1521
15236,14294,862,382,421,332,331,1545,1560
15222,14306,900,251,301,217,453,1483,1477
15209,14319,889,50,326,489,423,1468,1536
15196,14333,963,417,334,295,329,1464,1507
15183,14348,920,302,415,240,364,1398,1516
15169,14363,931,211,312,366,386,1412,1550
15155,14377,908,339,401,165,396,1318,1549
15141,14390,908,298,352,262,343,1281,1520
15126,14404,922,367,384,205,375,1234,1569
15112,14418,922,431,376,270,331,1215,1544
15099,14430,881,393,435,135,373,1174,1573
15086,14444,877,325,532,232,417,1108,1591
15073,14456,873,339,245,265,324,1093,1600
15060,14468,909,306,423,256,342,1116,1601
15046,14479,928,315,435,302,333,1109,1624
15031,14492,895,354,446,147,316,1093,1589
15017,14505,883,339,324,257,280,991,1614
15008,14523,937,390,402,193,332,1006,1586
14998,14510,923,342,374,277,349,941,1519
14997,14507,857,392,506,276,368,994,1594
14997,14508,829,304,434,241,330,973,1616
14997,14508,864,347,360,85,314,1000,1551
14994,14510,864,347,360,85,314,1000,1551
14984,14520,882,369,423,227,259,977,1590
14973,14535,871,380,375,460,393,1073,1557
14959,14548,925,286,390,133,268,932,1558
14945,14560,829,349,414,166,297,948,1611
14931,14571,850,261,350,327,260,928,1574
14918,14584,818,400,332,353,270,908,1516
14904,14598,829,317,402,175,256,897,1590
14892,14611,811,282,518,151,289,945,1566
14878,14626,838,340,408,386,266,858,1544
14865,14639,830,233,369,244,307,861,1555
14851,14652,819,349,322,249,318,902,1564
14839,14665,876,407,391,261,354,816,1573
14827,14677,820,348,336,329,310,860,1539
14816,14689,834,391,442,181,276,902,1607
14804,14702,874,409,397,243,329,854,1525
14794,14713,878,356,429,316,310,790,1566
14782,14726,878,437,463,276,387,801,1563
14769,14738,888,607,382,276,322,777,1544
14756,14750,871,444,524,208,359,814,1596
14744,14762,818,316,454,335,317,719,1575
14731,14774,918,293,476,266,291,773,1593
14719,14788,873,255,264,248,351,759,1541
14707,14801,889,342,403,254,341,693,1572
14696,14813,885,288,507,294,390,689,1602
14684,14829,921,299,414,351,382,695,1555
14672,14843,979,431,442,348,278,669,1546
14660,14857,920,450,423,295,347,704,1542
14648,14871,920,399,545,310,365,646,1560
14635,14887,972,361,502,373,347,621,1621
14623,14902,932,388,409,292,371,625,1567
14611,14918,970,405,397,310,431,683,1548
14598,14932,945,455,478,271,452,628,1599
14586,14945,945,370,410,309,401,641,1605
14572,14957,975,436,433,366,324,595,1543
14559,14970,924,477,455,336,327,614,1567
14545,14984,935,460,371,342,315,601,1533
14531,14997,976,466,509,384,346,617,1604
14518,15010,949,468,470,365,292,624,1606
14505,15024,949,498,541,333,228,608,1653
14492,15038,920,459,438,325,376,602,1608
14478,15052,950,450,512,334,363,559,1638
14464,15066,947,411,470,412,293,590,1588
14450,15081,965,472,435,383,358,572,1605
14437,15096,927,509,459,361,290,571,1615
14424,15112,1006,489,478,387,358,603,1631
14410,15126,1035,506,506,388,335,618,1625
14396,15140,1035,490,449,467,258,569,1661
14391,15148,1020,510,467,409,227,563,1600
14391,15148,1033,483,481,305,205,552,1607
14392,15148,1013,535,518,425,339,577,1626
14392,15148,1009,526,466,392,230,581,1626
14392,15148,1039,430,473,403,181,572,1644
14392,15148,1008,519,463,381,273,565,1623
14392,15148,986,539,467,390,238,590,1621
14392,15148,987,528,532,387,222,575,1660
14392,15148,1034,487,451,344,312,497,1625
14392,15148,989,512,506,370,262,540,1668
14392,15148,1070,530,438,418,240,539,1631
14392,15148,1014,548,470,339,259,581,1642
14392,15148,1014,542,487,369,203,557,1660
14392,15148,1021,503,510,371,173,541,1657
14392,15148,1008,413,468,394,270,580,1637
14392,15148,1023,423,468,413,269,551,1634
14386,15145,1023,436,489,386,228,566,1633
14378,15135,1023,403,453,369,326,525,1655
14370,15126,945,355,404,362,336,611,1623
14362,15117,902,429,464,330,299,546,1625
14354,15109,758,386,406,340,258,597,1598
14348,15102,758,475,434,224,353,643,1586
14340,15094,708,436,447,276,325,624,1580
14333,15086,691,399,547,152,275,643,1570
14325,15079,604,379,271,312,306,632,1596
14317,15072,546,450,421,232,240,506,1509
14309,15066,568,410,436,448,309,474,1552
14301,15059,509,475,367,151,296,548,1461
14293,15052,477,394,440,332,454,862,1474
14285,15044,416,359,380,180,528,777,1387
14277,15038,445,397,424,164,529,730,1309
14268,15032,482,397,415,358,453,692,1368
14260,15026,381,375,232,203,225,699,1297
14254,15019,437,361,449,511,189,740,1220
14247,15014,505,394,515,253,290,839,1220
14241,15009,364,371,684,523,274,847,1218
14234,15004,422,363,389,551,367,905,1154
14227,14998,452,381,369,209,295,968,1128
14220,14993,417,374,531,311,239,1059,1086
14214,14988,417,354,561,139,140,1073,1044
14206,14982,428,316,351,67,300,1118,1009
14199,14976,416,379,437,67,422,1130,967
14191,14970,476,330,417,106,459,1254,959
14183,14963,357,274,474,152,339,1342,951
14176,14955,399,323,359,390,374,1364,916
14169,14948,423,178,540,72,359,1411,880
14161,14941,436,433,463,262,434,1487,787
14155,14933,461,247,432,258,484,1556,746
14146,14926,418,387,629,231,674,1686,622
14140,14918,352,526,421,190,756,1709,665
14132,14911,404,292,412,278,720,1744,618
14126,14904,351,307,165,333,890,1799,618
14118,14898,335,298,255,191,854,1816,610
14112,14892,408,154,420,183,564,1864,735
14105,14886,307,535,610,26,494,1898,887
14100,14880,225,731,416,44,518,1910,904
14092,14873,176,244,326,105,540,1978,693
14087,14867,336,627,670,64,495,2030,462
14080,14861,354,409,423,34,522,2044,425
14074,14854,333,25,381,241,486,2068,534
14069,14848,204,503,321,183,478,2159,435
14062,14842,363,452,403,92,334,2203,454
14058,14835,577,183,341,499,521,2190,409
14054,14830,285,334,324,236,450,2181,453
14053,14829,360,145,277,302,454,2177,477
14053,14829,371,38,329,263,417,2183,482
14053,14829,371,38,329,263,417,2183,482
14049,14834,457,191,343,378,452,2156,607
14040,14845,407,144,378,442,417,2130,490
14030,14855,453,62,304,301,451,2024,405
14018,14868,301,64,346,120,542,1993,450
14007,14882,399,80,276,243,461,1893,479
13994,14896,399,142,294,285,492,1801,513
13981,14910,210,14,424,195,498,1742,552
13968,14923,254,68,317,246,486,1638,548
13956,14936,306,61,294,168,471,1589,505
13945,14947,142,19,417,214,551,1570,447
13933,14959,157,139,364,283,507,1549,490
13921,14971,406,53,351,254,519,1473,449
13909,14983,320,106,424,179,494,1430,528
13896,14995,266,240,362,202,473,1403,479
13884,15009,289,73,217,130,485,1383,415
13871,15021,150,115,393,112,506,1256,468
13859,15035,201,108,387,81,491,1322,454
13846,15048,199,239,476,69,494,1209,596
13832,15062,353,41,424,197,432,1176,587
13818,15077,447,8,452,84,468,1132,529
13803,15092,276,65,564,172,457,1118,571
13788,15108,276,12,383,210,410,1054,480
13774,15123,362,44,371,258,496,1048,496
13761,15137,361,21,403,116,494,1020,494
13748,15150,229,33,397,49,486,1061,530
13734,15165,170,117,399,34,494,978,548
13720,15178,170,69,435,108,511,938,553
13707,15190,299,26,462,123,518,930,478
13694,15203,121,70,499,55,518,934,491
13681,15215,379,131,417,154,494,918,487
13669,15227,80,42,415,64,445,895,493
13655,15238,80,68,401,58,505,893,491
13641,15252,181,55,383,41,471,904,472
13626,15265,582,49,408,46,506,855,510
13612,15279,249,77,462,18,536,825,481
13598,15293,313,37,477,35,498,871,487
13584,15307,313,252,434,101,494,835,532
13569,15319,259,121,514,72,511,805,509
13555,15332,367,43,457,109,519,748,487
13540,15345,299,48,526,118,532,821,481
13525,15359,257,19,435,98,519,745,446
13510,15374,257,41,510,100,518,773,505
13497,15388,61,61,496,150,612,750,402
13484,15402,269,22,548,67,684,747,416
13471,15414,324,27,493,82,769,712,403
13458,15426,269,113,490,86,606,751,448
13444,15438,313,100,558,44,583,733,458
13430,15450,428,73,561,124,546,742,468
13417,15463,488,143,514,133,563,702,498
13403,15477,548,119,478,98,515,669,459
13390,15489,320,97,528,72,481,670,432
13377,15501,374,82,535,124,451,709,500
13364,15514,472,100,434,199,490,702,487
13350,15526,245,132,535,150,432,689,504
13337,15540,331,91,510,115,377,650,563
13324,15554,384,90,476,97,401,691,515
13312,15569,165,157,551,176,468,684,524
13300,15582,319,107,478,269,452,608,494
13287,15596,461,143,601,235,498,668,537
13275,15610,527,100,511,287,498,596,498
13262,15626,461,186,599,203,576,666,649
13247,15643,148,174,529,296,709,597,445
13233,15659,180,123,587,400,649,635,567
13220,15674,366,210,493,366,643,626,450
13207,15687,240,150,559,348,597,556,485
13195,15701,403,234,508,375,390,625,541
13184,15713,178,195,444,348,502,643,488
13172,15725,223,163,517,394,691,565,516
13160,15737,343,156,465,400,560,602,485
13148,15751,380,228,532,404,621,592,533
13136,15764,317,246,429,468,530,549,463
13123,15778,507,184,464,418,492,570,457
13111,15792,127,254,484,485,477,548,510
13098,15806,240,233,428,448,560,525,497
13085,15820,260,176,277,387,521,552,491
13072,15833,263,240,442,415,465,547,484
13057,15849,257,245,352,412,411,544,523
13043,15864,139,269,525,479,545,585,504
13039,15871,364,241,570,443,443,543,547
13040,15871,325,263,441,481,500,501,457
13040,15870,447,310,592,487,562,541,532
13040,15870,387,249,424,467,511,527,476
13040,15870,445,358,441,494,480,581,494
13040,15870,277,266,495,501,377,551,509
13040,15870,401,279,390,454,363,532,456
13040,15870,300,251,357,511,493,536,513
13040,15870,300,313,456,431,587,545,467
13040,15870,313,336,370,415,718,524,484
13041,15871,313,344,504,478,324,569,523
13049,15881,227,354,609,507,410,546,585
13055,15888,294,223,435,483,259,480,507
13060,15895,294,299,637,526,458,530,533
13067,15903,126,232,529,587,519,498,500
13074,15910,462,130,452,561,481,479,458
13078,15916,183,252,528,632,402,554,400
13085,15924,264,167,523,575,504,542,462
13090,15930,251,231,573,561,408,475,515
13098,15937,284,363,423,645,45,498,441
13104,15946,275,388,435,557,95,557,432
13112,15954,157,323,461,405,415,534,598
13124,15961,112,395,362,390,573,539,543
13131,15967,139,312,343,482,518,565,470
13139,15976,139,250,387,412,352,463,406
13145,15984,186,436,337,340,263,520,417
13152,15990,124,312,254,485,324,529,433
13159,15996,153,525,538,523,449,714,413
13166,16002,379,360,335,494,442,681,658
13174,16014,379,127,166,418,349,646,864
13182,16023,379,188,273,364,257,291,805
13191,16032,474,184,447,317,728,149,662
13200,16048,381,249,546,345,857,692,547
13210,16058,444,150,384,361,700,593,566
13223,16064,444,163,326,346,582,456,505
13235,16074,429,269,505,196,443,527,474
13244,16082,429,369,357,275,440,560,500
13254,16090,438,386,422,155,445,518,495
13263,16098,472,395,432,148,575,458,474
13271,16106,383,438,288,414,477,446,525
13280,16114,351,353,450,325,467,409,490
13289,16124,423,410,260,160,515,180,518
13299,16133,420,390,245,178,556,252,540
13308,16141,412,390,196,342,647,198,577
13314,16148,420,548,347,279,742,338,514
13324,16154,415,416,179,208,690,222,517
13331,16161,415,410,467,93,496,195,630
13339,16168,379,409,536,282,603,104,584
13346,16175,321,349,519,301,359,382,543
13353,16181,298,427,442,156,453,380,553
13360,16188,439,380,429,248,584,538,550
13367,16195,267,399,473,145,560,713,561
13375,16203,390,404,440,174,513,607,500
13382,16211,386,482,460,259,235,687,520
13390,16218,349,316,525,300,159,553,629
13398,16225,379,403,485,204,485,679,531
13406,16233,369,343,462,242,734,694,593
13413,16238,307,371,519,421,783,1253,599
13421,16245,350,364,470,418,801,1003,518
13427,16251,329,396,429,373,856,894,567
13436,16258,451,364,458,464,702,634,544
13441,16264,449,442,487,430,554,490,558
13448,16269,418,408,431,459,444,477,547
13454,16275,430,402,507,432,306,483,524
13461,16281,409,373,455,448,318,647,613
13466,16289,429,337,445,426,287,539,551
13474,16296,492,315,445,460,355,555,531
13481,16302,396,192,341,457,252,645,453
13490,16310,491,351,447,406,422,1016,316
13498,16318,465,361,465,433,508,1152,344
13507,16327,435,305,326,445,706,745,571
13515,16336,509,374,487,387,344,390,969
13522,16346,498,414,505,415,237,526,695
13530,16354,515,384,501,467,271,565,840
13539,16362,532,429,437,410,281,568,640
13547,16374,473,442,456,410,211,634,504
13553,16382,490,472,482,462,211,677,442
13560,16392,493,464,392,408,93,699,470
13566,16400,503,432,398,455,211,666,574
13574,16409,558,433,505,393,181,640,476
13580,16416,507,472,462,416,174,682,677
13588,16425,545,473,462,463,218,741,583
13594,16433,494,487,439,377,137,707,667
13602,16438,557,448,528,419,279,621,726
13609,16445,481,459,521,419,324,648,413
13617,16452,472,504,487,372,354,719,365
13623,16458,549,465,494,332,372,610,343
13630,16464,483,469,542,364,400,571,388
13634,16471,483,502,493,354,419,535,432
13641,16477,426,452,497,353,436,386,394
13644,16483,477,451,516,434,426,657,771
13644,16483,491,465,563,428,397,614,777
13644,16483,480,454,472,376,399,589,786
13644,16483,473,464,519,382,390,605,609
13644,16483,501,471,531,452,398,656,781
13644,16483,447,467,596,420,399,568,660
13644,16483,422,474,589,375,396,645,558
13644,16483,413,488,539,352,369,583,533
13644,16483,475,477,507,398,393,632,607
13644,16483,485,474,519,433,394,639,403
13644,16483,426,488,503,443,385,640,525
13644,16483,471,488,538,425,389,609,558
13644,16483,493,465,547,404,427,593,528
13644,16483,493,460,595,433,441,586,514
13644,16483,464,481,496,398,424,632,349
13644,16483,557,508,500,381,405,656,540
13644,16483,450,478,517,361,397,639,594
13644,16483,446,488,546,384,460,619,627
13644,16483,498,520,473,383,456,681,620
13644,16483,498,484,502,418,410,630,575
13644,16483,556,482,556,403,483,633,571
13644,16483,439,561,492,408,422,708,346
13644,16483,466,551,526,396,421,670,437
13644,16483,466,546,494,391,431,659,413
13644,16483,469,468,523,400,362,642,757
13644,16483,430,526,500,348,397,605,711
13644,16483,448,499,532,452,373,587,644
13644,16483,476,478,538,410,403,665,644
13644,16483,404,453,535,400,413,645,494
13644,16483,488,444,529,366,449,583,420
13644,16483,376,446,520,411,442,610,475
13644,16483,376,474,529,421,389,607,479
13644,16483,414,440,524,375,373,493,308
13644,16483,497,453,506,354,389,610,374
13644,16483,497,452,558,379,427,587,564
13644,16483,407,479,514,423,407,628,746
13644,16483,487,472,535,386,397,563,522
13644,16483,480,485,497,438,401,626,479
13644,16483,474,499,540,401,409,545,785
13644,16483,489,468,528,444,396,600,631
13644,16483,498,454,504,479,394,601,835
13644,16483,448,474,529,395,408,606,931
13644,16483,417,487,546,462,387,658,809
13644,16483,390,499,536,317,445,634,648
13644,16483,461,468,482,360,408,618,706
13644,16483,511,473,536,377,434,585,573
13644,16483,415,467,528,376,392,612,728
13644,16483,451,498,502,364,382,618,543
13644,16483,471,476,513,439,418,606,434
13644,16483,497,478,559,397,429,614,720
13644,16483,451,475,566,424,389,598,495
13644,16483,498,496,524,365,404,618,687
13644,16483,470,476,517,397,432,648,525
13644,16483,416,469,513,398,415,574,594
13644,16483,427,448,529,401,385,613,652
13644,16483,442,449,515,447,427,604,471
13644,16483,462,489,532,424,437,591,476
13644,16483,429,481,563,471,383,648,597
13644,16483,425,437,513,378,434,610,859
13644,16483,476,499,498,395,372,606,493
13644,16483,461,481,527,377,418,661,522
13644,16483,458,497,471,399,485,636,606
13644,16483,476,462,492,405,379,626,585
13644,16483,449,525,518,388,403,637,623
