17488,12352,585,633,698,617,506,818,204
17488,12352,648,660,703,572,514,825,206
17488,12352,610,644,699,637,536,813,191
17488,12352,618,686,690,580,536,854,299
17488,12352,599,675,707,586,516,823,211
17488,12352,582,654,694,557,557,800,171
17488,12352,614,657,718,567,506,826,189
17488,12352,647,666,695,555,510,827,176
17488,12352,597,658,719,523,479,810,225
17488,12352,635,619,731,595,514,781,205
17488,12352,622,711,691,559,514,877,171
17488,12352,622,711,691,559,514,877,171
17483,12355,582,636,717,548,475,795,224
17476,12362,609,686,699,554,479,834,179
17469,12372,605,648,717,635,520,797,160
17464,12381,599,652,628,604,465,799,262
17456,12392,630,683,692,542,596,739,157
17449,12403,652,726,727,614,517,742,267
17441,12414,589,753,787,616,514,793,330
17434,12425,602,747,737,645,504,780,435
17427,12436,578,737,726,619,537,836,543
17420,12446,605,680,772,593,506,796,518
17413,12457,637,756,760,604,501,825,502
17406,12468,649,662,727,618,532,731,533
17399,12478,603,704,830,661,542,752,596
17392,12488,633,727,777,688,535,772,497
17385,12497,634,765,875,671,530,758,627
17378,12507,634,745,745,670,515,705,567
17371,12515,641,762,859,726,506,704,586
17363,12524,672,715,822,637,481,714,586
17355,12533,621,788,802,686,538,730,592
17347,12542,673,736,851,715,528,646,596
17340,12552,663,702,847,742,595,658,518
17331,12561,568,783,819,751,506,694,431
17324,12571,644,754,870,727,574,678,542
17315,12582,644,766,896,743,538,655,626
17307,12593,683,820,899,788,506,671,548
17298,12605,659,830,905,735,489,616,620
17289,12614,629,782,876,718,467,563,645
17279,12625,671,812,964,769,517,667,615
17269,12635,681,788,879,764,520,619,502
17260,12646,681,801,919,810,496,589,573
17260,12649,746,866,971,793,560,650,545
17248,12640,618,912,1026,835,485,582,555
17243,12633,680,826,966,781,590,607,602
17236,12626,723,858,986,702,440,668,692
17233,12629,731,898,893,737,543,692,578
17227,12639,766,908,928,788,526,729,601
17218,12647,749,856,936,769,527,739,574
17209,12657,679,909,977,756,512,774,620
17200,12666,752,904,990,755,550,730,570
17188,12677,755,933,965,815,499,755,610
17178,12687,782,917,1020,771,547,688,629
17167,12697,818,937,1021,805,561,642,590
17157,12706,818,1015,1009,816,513,755,579
17147,12716,847,981,1059,763,553,652,676
17136,12725,831,990,1114,821,475,621,552
17127,12734,837,1007,1057,863,489,638,549
17118,12742,914,949,1101,892,503,616,598
17108,12751,814,1041,1104,895,516,589,552
17097,12760,814,1067,1116,927,487,544,571
17087,12771,905,1067,1194,936,507,539,570
17075,12781,934,1101,1227,931,534,567,590
17063,12790,980,1086,1219,950,504,500,641
17052,12801,980,1175,1212,1036,474,483,549
17043,12810,947,1188,1252,994,497,495,582
17031,12820,1053,1188,1252,994,497,495,582
17020,12829,994,1260,1348,1053,505,519,604
17009,12838,1016,1266,1385,1101,490,518,607
16999,12849,1052,1269,1409,1093,424,406,646
16987,12860,1052,1340,1392,1117,475,501,561
16975,12872,1142,1413,1433,1195,504,503,595
16962,12885,1148,1438,1503,1203,493,425,598
16951,12897,1200,1509,1552,1165,532,514,615
16940,12908,1194,1482,1625,1227,482,504,563
16929,12921,1297,1563,1647,1254,478,488,624
16919,12934,1316,1645,1703,1352,502,504,536
16908,12948,1323,1682,1829,1373,478,436,577
16896,12962,1340,1703,1855,1408,495,522,478
16884,12976,1388,1812,1960,1525,489,571,553
16872,12987,1559,1912,1992,1557,533,531,551
16871,12990,1559,2011,2115,1660,504,546,586
16871,12990,1556,2048,2209,1663,500,545,576
16871,12990,1530,2015,2164,1715,489,515,459
16871,12990,1566,2023,2149,1654,479,523,532
16863,12984,1617,2018,2217,1671,512,555,555
16857,12977,1578,2021,2200,1661,481,400,632
16852,12970,1698,2072,2156,1634,512,544,684
16847,12964,1680,2053,2027,1565,467,498,622
16840,12958,1781,2096,2030,1441,520,511,561
16838,12953,1768,2129,2045,1377,486,534,627
16831,12946,1793,2102,1991,1357,540,657,474
16827,12942,1860,2135,1951,1284,530,553,505
16823,12938,1873,2109,1929,1247,508,567,785
16817,12933,1904,2011,1853,1116,398,578,995
16814,12929,1974,2175,1870,1187,453,570,896
16811,12923,1967,2150,1824,1135,494,529,849
16805,12919,1997,2135,1798,1113,453,601,921
16800,12915,2059,2129,1778,1062,516,556,774
16797,12909,2075,2095,1710,1037,457,556,735
16790,12903,2046,2080,1643,910,493,574,669
16784,12897,2068,2070,1619,926,449,615,753
16781,12890,2104,2031,1570,965,430,494,809
16775,12884,2125,2030,1500,885,415,511,814
16771,12879,2121,2001,1452,792,491,575,850
16767,12874,2152,1982,1394,776,424,464,830
16762,12870,2116,1961,1406,721,438,500,951
16758,12866,2113,1959,1318,690,390,539,911
16756,12861,2140,1914,1305,692,391,486,926
16753,12857,2158,1889,1246,703,445,633,932
16748,12852,2115,1849,1195,650,441,504,971
16744,12848,2204,1848,1167,662,429,606,947
16739,12844,2141,1807,1188,602,439,441,970
16734,12839,2108,1635,1052,523,346,516,1002
16728,12835,2100,1730,1097,549,398,483,1070
16725,12829,2104,1737,1096,581,452,494,1104
16719,12824,2074,1568,966,683,550,491,1128
16714,12819,2071,1649,959,560,514,609,1051
16708,12814,2034,1613,931,556,541,822,1106
16702,12810,2057,1555,897,527,550,642,1137
16695,12803,2012,1530,888,541,430,634,1214
16688,12796,1969,1412,835,586,221,627,1242
16683,12789,1946,1348,742,500,403,371,1232
16676,12781,1959,1341,755,569,517,399,1335
16671,12776,1916,1260,688,513,436,355,1291
16666,12770,1810,1216,719,544,456,356,1350
16660,12765,1813,1172,616,557,412,423,1389
16656,12761,1811,1121,592,573,423,477,1395
16651,12756,1736,1073,649,604,485,483,1448
16646,12751,1671,1053,621,530,432,550,1472
16642,12745,1604,988,657,565,445,503,1518
16638,12741,1604,1009,609,565,452,479,1500
16633,12736,1583,936,593,539,412,548,1524
16629,12731,1520,877,558,479,398,584,1499
16625,12726,1489,866,642,541,426,591,1527
16619,12720,1470,796,503,540,444,512,1525
16615,12715,1424,759,560,544,398,541,1547
16610,12709,1370,815,550,568,454,584,1529
16607,12705,1271,713,662,527,344,556,1657
16607,12705,1274,661,636,543,326,525,1606
16606,12707,1274,661,603,553,313,545,1581
16601,12712,1287,664,560,483,307,427,1567
16595,12718,1295,723,596,525,305,507,1577
16589,12725,1258,700,596,471,290,572,1639
16583,12731,1327,703,567,473,288,504,1630
16575,12736,1291,670,590,510,342,520,1659
16568,12741,1291,649,572,512,255,548,1626
16561,12747,1235,676,668,536,311,532,1675
16555,12753,1201,671,603,512,278,562,1641
16546,12758,1201,622,641,537,293,514,1655
16539,12765,1247,729,632,525,320,509,1669
16529,12773,1247,732,590,597,330,606,1674
16519,12779,1268,730,591,516,296,496,1632
16508,12786,1274,686,668,529,347,477,1675
16497,12794,1294,686,585,581,282,533,1691
16485,12802,1235,688,621,525,356,552,1674
16475,12809,1235,692,636,542,327,499,1710
16464,12817,1234,626,628,520,288,489,1680
16454,12825,1239,669,620,589,313,476,1702
16444,12833,1177,698,638,557,352,532,1754
16434,12842,1242,619,667,564,260,499,1786
16423,12852,1160,692,652,571,386,562,1785
16412,12863,1132,658,649,566,316,452,1752
16401,12873,1257,656,574,559,375,527,1758
16390,12885,1200,676,656,562,337,544,1777
16380,12896,1200,653,672,606,402,531,1823
16369,12908,1224,633,632,595,475,518,1766
16357,12921,1235,556,664,601,444,486,1794
16345,12933,1239,638,634,596,456,473,1787
16332,12947,1257,662,662,577,440,487,1788
16319,12961,1288,639,728,587,420,439,1807
16306,12975,1338,681,710,615,441,515,1829
16295,12985,1299,741,710,562,515,489,1828
16285,12995,1302,675,706,576,470,470,1832
16275,13005,1309,667,756,647,434,439,1842
16263,13015,1309,656,703,640,426,493,1841
16251,13025,1330,690,725,625,460,455,1907
16240,13036,1363,681,723,599,394,450,1890
16227,13047,1316,756,727,642,444,587,1920
16215,13060,1341,697,777,712,451,467,1961
16203,13072,1367,657,758,706,424,440,1967
16192,13082,1408,713,742,659,432,425,1930
16181,13092,1366,685,732,695,454,404,1963
16170,13104,1362,731,732,637,460,481,1954
16158,13115,1370,761,773,697,446,467,1974
16146,13128,1414,691,800,678,409,412,1991
16133,13141,1411,696,840,686,439,432,2072
16121,13153,1442,749,900,693,470,413,2100
16109,13166,1430,734,866,718,446,422,2063
16097,13178,1417,740,846,697,452,383,2060
16086,13190,1462,762,834,754,428,331,2031
16075,13202,1411,802,825,679,438,423,2029
16063,13213,1474,777,850,696,463,391,2008
16053,13224,1416,749,848,753,469,362,2077
16042,13235,1456,796,885,788,432,332,2067
16031,13246,1477,856,982,773,427,414,2146
16021,13257,1499,809,876,732,498,388,2139
16012,13265,1520,813,909,773,409,403,2119
16003,13274,1521,832,937,788,467,453,2137
15995,13282,1482,810,926,738,403,394,2130
15984,13292,1547,844,960,827,410,413,2200
15974,13302,1574,879,942,831,446,381,2186
15965,13311,1567,870,942,799,456,311,2174
15954,13322,1581,923,1034,833,462,401,2231
15943,13333,1580,926,982,852,414,429,2211
15931,13345,1610,905,1041,834,512,301,2281
15920,13357,1610,932,1062,894,432,319,2251
15911,13367,1614,910,1095,939,398,396,2289
15901,13377,1708,974,1093,906,413,351,2257
15892,13387,1682,954,1068,930,460,355,2282
15874,13408,1665,1024,1175,965,425,336,2361
15865,13418,1699,981,1271,977,457,428,2422
15856,13429,1705,1010,1088,1058,441,473,2354
15848,13440,1806,1032,1193,1039,413,385,2369
15849,13442,1811,1061,1212,1071,449,440,2375
15849,13442,1822,1073,1209,1050,431,453,2365
15843,13435,1868,1037,1243,1087,509,391,2332
15832,13427,1777,1038,1318,1035,432,252,2313
15820,13421,1534,1113,1226,1029,450,395,2408
15814,13416,1534,1123,1204,1001,447,333,2411
15806,13409,1409,1106,1219,985,463,343,2363
15801,13403,1326,1141,1232,937,495,442,2459
15794,13396,1230,1129,1209,915,434,414,2466
15788,13390,1180,1151,1175,847,392,481,2439
15781,13382,1097,1220,1138,874,385,422,2402
15776,13377,1095,1192,1097,854,350,342,2336
15770,13370,1095,1205,1120,778,358,480,2335
15770,13369,1122,1213,1115,777,263,750,2330
15770,13369,1179,1166,1088,765,241,697,2306
15770,13369,1179,1175,1149,803,272,727,2362
15765,13372,1143,1215,1065,787,240,746,2292
15756,13380,1143,1181,1110,789,233,615,2221
15746,13390,1131,1275,1099,769,304,784,2288
15735,13399,1193,1207,1144,809,323,715,2305
15726,13408,1144,1270,1170,795,291,716,2265
15717,13417,1219,1273,1210,823,293,693,2266
15707,13426,1229,1288,1200,808,332,778,2225
15697,13437,1229,1364,1254,852,348,770,2246
15687,13448,1281,1386,1279,854,363,707,2219
15676,13456,1309,1453,1338,931,390,668,2202
15666,13465,1346,1461,1329,862,412,777,2160
15656,13473,1351,1582,1332,882,373,824,2118
15646,13482,1433,1539,1337,899,351,716,2100
15637,13491,1418,1555,1442,929,381,693,2116
15627,13499,1487,1566,1432,948,356,794,2103
15618,13508,1487,1680,1474,974,385,705,2065
15607,13515,1590,1737,1495,991,408,715,2103
15597,13525,1580,1763,1598,1012,337,670,2031
15585,13535,1635,1846,1556,1010,369,831,1966
15574,13545,1711,1895,1648,1051,345,752,2036
15562,13554,1782,1926,1729,1087,304,630,1980
15550,13563,1942,2011,1732,1148,418,580,1943
15540,13572,1985,2066,1780,1115,337,572,1922
15529,13581,1985,2154,1821,1060,359,676,1931
15519,13591,2154,2236,1898,1183,420,559,1895
15507,13601,2154,2369,1960,1179,325,545,1909
15495,13612,2270,2469,2012,1248,442,561,1833
15482,13623,2326,2616,2121,1241,389,593,1860
15468,13635,2525,2832,2243,1347,435,504,1838
15455,13648,2679,2956,2364,1412,350,507,1793
15444,13661,2878,3233,2506,1458,482,503,1785
15433,13673,3112,3428,2663,1491,384,555,1742
15422,13687,3328,3825,2923,1629,382,559,1793
15415,13699,3616,4052,3133,1700,447,612,1740
15414,13703,3935,4058,3400,1855,371,545,1706
15412,13701,4052,4057,3577,1879,398,610,1781
15404,13693,4013,4058,3562,1880,317,620,1755
15397,13688,4052,4057,3373,1730,371,464,1703
15392,13682,4054,4057,3256,1605,396,464,1712
15384,13677,4054,4057,3066,1581,247,496,1618
15379,13671,4059,4057,2975,1438,293,585,1757
15372,13666,4045,4056,2857,1349,211,571,1630
15367,13661,4053,4058,2730,1239,98,620,1624
15361,13656,4056,4057,2585,1165,260,648,1562
15356,13651,4048,4058,2500,1149,360,680,1580
15351,13645,4051,4059,2399,1041,385,696,1519
15345,13639,4053,4040,2303,1050,356,802,1610
15340,13634,4050,3954,2187,900,312,892,1650
15334,13627,4052,3835,2051,846,323,926,1682
15328,13621,4052,3724,1988,766,325,954,1651
15324,13615,4051,3558,1814,722,276,1008,1332
15315,13611,4053,3402,1700,681,240,1076,1245
15311,13606,4054,3285,1582,565,226,1164,1474
15304,13602,4053,3257,1554,501,285,1157,1574
15301,13598,4052,3123,1486,472,379,1270,1680
15295,13594,4053,3083,1542,426,276,1296,1611
15289,13589,4053,2944,1302,489,295,1336,1721
15285,13585,4051,2828,1267,500,475,1432,1819
15278,13581,4051,2727,1146,424,432,1457,1830
15273,13576,4056,2591,1126,408,610,1531,1883
15269,13571,4052,2488,1056,408,778,1600,1956
15263,13566,3907,2373,1000,391,726,1625,1999
15259,13561,3907,2285,912,442,772,1678,2044
15253,13557,3777,2206,876,449,591,1779,2113
15248,13552,3696,2100,827,418,286,1762,2140
15243,13546,3408,2006,812,403,267,1845,2225
15238,13542,3408,1881,749,363,195,1893,2248
15231,13537,3352,1713,762,390,244,1916,2339
15227,13531,3245,1702,687,397,265,1986,2347
15221,13528,3089,1603,546,405,274,2062,2360
15215,13523,2969,1553,636,400,301,2061,2451
15209,13519,2895,1433,573,453,372,2100,2475
15203,13514,2718,1441,540,454,208,2269,2468
15198,13511,2552,1236,523,415,249,2183,2545
15191,13505,2393,1208,464,419,235,2214,2584
15187,13500,2393,1104,389,347,263,2252,2613
15179,13494,2265,1063,572,397,277,2255,2753
15173,13489,2193,1025,484,425,283,2324,2644
15168,13483,2032,900,461,433,246,2358,2697
15161,13477,1975,850,458,574,314,2369,2696
15158,13472,1729,807,427,506,375,2413,2694
15151,13465,1640,747,476,266,376,2508,2737
15147,13460,1640,659,495,376,373,2480,2730
15140,13452,1524,589,558,466,425,2534,2716
15140,13452,1405,396,464,298,373,2541,2700
15140,13452,1378,402,450,306,369,2548,2684
15140,13453,1378,402,450,306,369,2548,2684
15134,13456,1439,607,392,282,407,2647,2710
15128,13463,1401,513,477,322,477,2534,2682
15119,13469,1396,606,611,378,358,2446,2794
15112,13475,1387,517,436,497,244,2317,2732
15104,13482,1382,462,448,283,412,2246,2691
15096,13487,1389,430,614,477,350,2190,2808
15087,13494,1389,414,426,279,288,2137,2716
15079,13501,1328,406,468,393,360,2126,2716
15071,13508,1304,441,493,367,359,2005,2702
15062,13513,1281,430,492,384,402,1985,2731
15053,13521,1307,477,533,381,358,1902,2740
15044,13528,1307,490,443,364,344,1869,2687
15035,13536,1277,419,456,347,380,1805,2634
15024,13544,1219,453,508,387,281,1752,2697
15013,13552,1225,481,531,392,305,1733,2668
15000,13560,1189,466,503,360,258,1710,2674
14988,13568,1189,443,527,529,332,1664,2668
14976,13575,1116,431,452,270,294,1699,2605
14965,13584,1064,429,582,253,383,1639,2677
14955,13594,1069,393,550,322,396,1536,2637
14943,13605,1078,333,430,272,342,1492,2589
14932,13615,1072,454,509,396,320,1508,2587
14920,13626,1058,522,502,371,353,1455,2566
14908,13638,1015,203,510,296,412,1406,2497
14895,13650,1057,196,516,339,395,1391,2538
14884,13663,1011,132,482,395,367,1380,2484
14873,13675,1060,335,538,323,328,1339,2483
14862,13689,1032,164,672,404,304,1235,2520
14850,13703,1063,232,515,386,337,1243,2444
14838,13716,1031,436,566,390,335,1230,2461
14824,13728,1049,294,572,414,359,1191,2447
14811,13740,1055,355,519,449,289,1169,2438
14800,13751,1092,344,575,437,286,1121,2420
14790,13761,1007,399,569,425,372,1132,2431
14779,13773,1030,379,577,384,358,1155,2400
14768,13784,1040,403,674,363,334,1123,2449
14756,13795,990,403,571,517,346,1106,2373
14744,13806,981,379,568,457,324,1041,2353
14732,13818,1029,420,604,437,391,1012,2374
14719,13829,1013,445,644,563,281,1025,2353
14707,13841,990,495,612,435,335,1032,2293
14695,13851,978,503,663,431,320,986,2308
14685,13862,978,515,594,461,408,986,2336
14674,13873,974,579,726,452,293,967,2334
14663,13885,993,567,617,449,247,933,2297
14652,13897,1053,569,645,447,408,912,2290
14639,13910,984,590,643,436,301,930,2259
14627,13923,952,588,690,549,266,926,2274
14614,13935,994,656,668,458,330,918,2236
14603,13947,977,582,605,527,282,876,2246
14593,13958,1067,616,723,536,249,874,2234
14581,13969,967,655,729,454,259,900,2207
14570,13981,984,620,726,499,320,860,2253
14559,13992,944,576,740,509,242,826,2241
14548,14001,1003,572,727,531,297,804,2247
14538,14011,1000,650,702,510,230,800,2216
14528,14020,942,637,727,564,230,787,2176
14518,14031,954,677,739,442,287,810,2165
14508,14041,941,689,710,509,220,807,2166
14499,14051,1019,705,762,543,300,807,2206
14489,14061,973,675,796,565,265,730,2180
14479,14072,999,704,820,595,238,775,2192
14469,14084,1018,700,768,511,197,749,2150
14458,14097,1006,744,774,529,178,832,2166
14447,14108,959,720,860,554,68,746,2185
14436,14118,988,713,785,592,87,714,2114
14426,14129,1073,776,844,608,220,715,2140
14415,14140,989,725,818,549,149,728,2125
14406,14150,989,798,871,565,167,735,2137
14397,14161,915,775,878,521,210,721,2138
14387,14173,915,780,848,590,181,661,2148
14378,14184,1003,811,883,559,240,744,2100
14370,14195,997,825,851,611,227,690,2082
14360,14205,1033,834,855,712,171,655,2090
14351,14216,1033,839,878,727,199,678,2106
14341,14226,1014,814,925,748,64,682,2108
14332,14235,1018,883,924,730,43,696,2054
14322,14245,1057,904,935,743,67,692,2071
14314,14255,1057,841,1008,829,87,662,2083
14305,14265,1023,872,951,741,29,668,2066
14296,14274,1023,909,959,815,78,639,2060
14287,14284,1014,954,968,858,35,647,2075
14276,14293,1036,971,1021,856,108,684,2069
14266,14302,1000,958,997,882,153,615,2082
14255,14311,1030,946,1088,806,128,617,2067
14243,14321,1030,972,1029,871,138,602,2019
14232,14330,993,1007,1040,813,123,668,2032
14221,14341,1007,1023,1050,885,84,628,2000
14210,14352,986,1073,1159,883,91,617,2073
14199,14363,1028,1053,1100,898,94,623,1986
14188,14375,1043,1072,1159,919,99,584,2072
14176,14387,960,1111,1169,938,105,558,2017
14163,14399,914,1132,1241,930,59,615,2025
14151,14412,893,1192,1214,945,44,638,1970
14140,14426,753,1190,1291,969,17,627,2051
14128,14440,753,1244,1237,1019,78,659,1984
14118,14453,710,1263,1316,1057,19,591,2029
14105,14467,710,1316,1344,1078,91,610,2017
14093,14481,603,1406,1428,1083,73,597,1990
14080,14492,931,1424,1486,1162,189,588,2072
14067,14504,931,1485,1495,1171,89,568,2009
14055,14515,829,1504,1551,1177,41,530,2033
14043,14526,566,1534,1590,1235,53,549,1976
14033,14537,731,1597,1690,1317,52,577,1988
14022,14548,731,1639,1722,1368,103,525,2012
14010,14560,833,1739,1791,1372,139,555,1978
13997,14573,833,1837,1879,1412,167,529,2030
13984,14584,1185,1928,1966,1473,80,571,1975
13971,14596,1402,1948,2060,1589,44,526,2041
13958,14608,1615,2087,2122,1586,24,520,2052
13946,14619,1718,2189,2239,1689,43,571,2014
13935,14630,1794,2363,2338,1787,71,611,1981
13923,14642,1947,2432,2473,1871,89,526,1987
13919,14653,1992,2432,2473,1871,89,526,1987
13919,14654,2082,2719,2756,2057,85,528,1962
13919,14654,2143,2728,2819,2076,97,515,1998
13911,14650,2143,2711,2807,2097,144,500,1991
13902,14641,2095,2740,2773,2053,41,524,1979
13893,14636,2234,2852,2743,1931,125,529,1983
13887,14630,2303,2883,2685,1814,231,555,1987
13880,14623,2428,2870,2594,1797,241,496,1916
13874,14618,2474,2883,2521,1684,426,480,1927
13865,14613,2551,2950,2479,1596,248,524,1947
13858,14607,2612,2925,2539,1462,243,814,1920
13853,14602,2700,2978,2561,1436,204,1084,1862
13846,14597,2731,2935,2435,1343,266,991,1836
13840,14591,2800,2934,2347,1291,205,889,1780
13834,14585,2896,2921,2268,1195,279,835,1791
13828,14581,2822,2867,2200,1150,371,677,1752
13820,14575,2969,2860,2114,1012,304,646,1716
13815,14570,3054,2903,2041,897,471,811,1682
13808,14565,3028,2764,1979,798,513,752,1629
13803,14561,3062,2725,1896,742,627,866,1568
13797,14556,3052,2717,1857,830,567,931,1555
13789,14552,2991,2659,1742,794,633,941,1541
13784,14547,3151,2589,1659,683,442,988,1461
13777,14541,3085,2523,1555,718,352,1036,1420
13773,14537,3085,2465,1539,591,343,1106,1364
13766,14533,3097,2572,1496,616,345,1182,1326
13762,14529,3058,2616,1409,438,331,1304,1052
13758,14521,3036,2512,1305,489,327,1292,704
13753,14515,3009,2415,1231,370,354,1374,108
13747,14509,2984,2282,1209,354,376,1439,122
13741,14503,2878,2208,1077,355,391,1530,330
13734,14496,2877,2136,944,366,432,1558,1248
13729,14490,2782,1993,847,301,465,1656,2091
13722,14483,2711,1983,818,344,392,1761,2441
13716,14476,2663,1831,805,400,403,1754,2945
13709,14470,2582,1748,763,240,428,1851,2813
13704,14465,2540,1667,695,422,492,1977,2045
13698,14459,2563,1624,707,350,450,2089,1840
13691,14455,2564,1577,537,301,500,2242,1785
13686,14449,2542,1473,529,319,467,2257,1809
13679,14444,2353,1373,649,229,446,2259,1844
13675,14440,2220,1342,436,247,415,2376,1862
13668,14435,2220,1288,339,180,448,2429,1844
13663,14429,2133,1184,414,316,434,2456,1944
13658,14425,2087,1040,413,179,472,2421,1872
13652,14419,2012,1010,310,341,451,2654,1955
13648,14414,1913,877,347,224,452,2563,1883
13644,14409,1855,741,321,305,453,2643,2069
13637,14405,1855,699,441,270,428,2669,2033
13635,14399,1705,786,304,182,460,2699,2017
13628,14393,1678,738,385,296,416,2718,2074
13622,14386,1472,710,263,301,443,2793,2043
13616,14381,1472,608,396,185,440,2816,2070
13610,14377,1344,452,332,69,492,2855,2028
13609,14374,1344,296,327,214,478,2791,2086
13609,14374,1353,483,334,335,461,2925,2063
13609,14374,1350,553,290,254,485,2885,2037
13609,14374,1336,504,352,185,477,2905,2036
13609,14374,1315,426,347,323,452,2883,2064
13609,14374,1354,428,338,136,436,2952,2028
13609,14374,1308,491,389,262,505,2881,2063
13609,14374,1365,417,373,216,475,2881,2048
13609,14374,1394,362,271,220,427,2900,2023
13605,14372,1400,451,432,217,498,2920,2092
13602,14369,1240,492,460,288,572,2892,2047
13602,14369,1240,420,400,189,508,2924,2074
13602,14369,1245,416,275,340,482,2921,2018
13600,14371,1245,392,343,246,475,2936,2004
13594,14379,1292,393,395,295,468,2912,2038
13586,14390,1236,477,511,211,469,2776,2098
13576,14401,1310,454,355,267,420,2643,2061
13568,14412,1336,398,385,336,445,2533,2050
13559,14425,1336,550,180,287,486,2413,2077
13548,14438,1340,511,467,108,445,2260,2096
13537,14451,1380,451,310,263,444,2197,2063
13533,14461,1380,376,309,199,463,2020,2050
13532,14461,1400,477,516,289,446,1943,2066
13526,14458,1369,456,337,268,480,1970,2071
13517,14452,1347,530,374,241,486,1929,2136
13511,14444,1226,682,319,302,494,1980,2055
13511,14444,1111,439,393,316,500,1967,2096
13511,14444,1148,298,248,341,480,1963,2034
13508,14447,1148,314,342,312,478,1986,2047
13499,14457,1093,334,343,167,503,1957,2149
13488,14468,1146,543,375,260,530,1914,2056
13476,14479,1159,543,375,260,530,1914,2056
13465,14489,1201,419,447,193,468,1765,2074
13454,14498,1157,452,341,306,469,1764,2066
13443,14508,1114,403,528,271,557,1706,2043
13433,14517,1077,397,445,280,447,1670,2109
13421,14526,1044,467,316,305,524,1692,2024
13410,14536,1027,344,305,234,468,1604,2182
13398,14546,1043,438,333,323,441,1545,2268
13386,14557,1021,233,381,290,425,1466,2246
13375,14568,1029,215,444,304,489,1489,2206
13363,14578,1081,377,449,349,496,1457,2216
13351,14588,1085,324,243,324,465,1390,2187
13338,14600,1049,319,436,215,491,1347,2152
13325,14610,1032,309,413,280,454,1307,2194
13312,14621,1135,352,400,230,429,1283,2220
13299,14633,1034,343,344,287,422,1249,2149
13287,14646,1005,310,386,396,452,1257,2145
13275,14658,1033,322,289,261,458,1228,2113
13263,14671,1062,327,400,280,488,1154,2118
13250,14683,1031,339,390,235,463,1249,2117
13237,14696,1011,353,392,201,486,1085,2132
13224,14707,1011,369,475,255,464,1093,2125
13211,14718,991,366,367,337,463,1119,2101
13199,14729,1038,349,320,271,429,1121,2046
13187,14741,969,362,370,404,429,1043,2098
13176,14751,969,237,391,324,436,1014,2087
13165,14762,1016,193,405,303,430,1016,2098
13154,14771,990,340,426,350,431,1049,2093
13143,14780,947,353,432,282,422,998,2084
13131,14790,980,352,436,333,432,945,2106
13118,14800,964,444,434,308,443,963,2058
13106,14811,943,351,375,203,469,926,2022
13095,14822,944,390,376,363,432,976,2020
13082,14833,940,399,378,351,438,929,2049
13070,14847,952,431,414,248,445,913,2009
13057,14859,927,414,350,353,401,902,2021
13046,14868,937,396,391,345,426,917,1990
13034,14878,918,369,438,313,440,826,1920
13024,14888,934,414,361,339,464,900,1921
13013,14899,889,400,408,177,431,866,1844
13003,14910,889,347,481,399,457,841,1796
12993,14921,851,383,468,354,477,825,1824
12983,14933,851,391,286,391,435,819,1839
12973,14945,911,449,489,356,442,815,1893
12961,14956,910,437,497,382,463,868,1919
12951,14966,920,438,457,328,479,816,1924
12940,14976,920,453,393,302,475,830,1879
12929,14986,890,390,491,267,420,815,1938
12918,14997,897,421,447,293,451,727,1866
12908,15007,892,396,450,288,472,704,1866
12898,15016,956,431,503,245,411,781,1945
12889,15026,956,464,435,181,500,749,1861
12879,15035,899,477,458,318,488,843,1878
12870,15046,859,431,516,354,399,687,1934
12860,15054,967,453,556,390,437,730,1903
12851,15062,876,518,476,477,459,790,1892
12841,15072,835,436,421,219,465,742,1867
12831,15082,815,317,533,344,445,746,1918
12821,15092,917,444,481,308,412,740,1859
12812,15103,884,428,544,200,416,796,1875
12802,15113,886,444,535,312,431,713,1844
12792,15124,822,499,693,323,424,710,2014
12781,15136,822,504,516,400,456,742,2006
12770,15147,904,532,530,209,446,687,1922
12758,15159,845,501,504,414,447,729,1897
12746,15172,832,494,520,220,420,735,1859
12733,15185,826,512,526,382,447,736,1853
12720,15199,826,452,558,457,473,625,1833
12709,15213,837,501,470,333,485,651,1814
12697,15226,865,486,553,462,430,620,1817
12686,15237,825,502,482,307,508,651,1719
12674,15248,854,547,511,310,489,641,1623
12663,15257,854,520,498,316,467,651,2093
12652,15268,780,442,522,356,447,638,1866
12641,15278,835,530,529,407,492,697,1755
12630,15289,836,467,523,401,500,618,1765
12620,15299,820,491,554,328,443,627,1750
12609,15310,837,519,514,354,463,603,1815
12597,15321,822,556,606,377,483,608,1787
12584,15333,808,473,510,353,415,641,1730
12571,15344,774,575,551,462,408,644,1796
12559,15355,736,530,514,358,448,548,1767
12545,15368,831,559,534,450,436,623,1744
12533,15380,822,626,542,371,512,615,1765
12521,15393,782,587,592,422,456,588,1732
12509,15405,789,660,591,389,466,599,1709
12496,15418,808,610,626,568,446,588,1782
12482,15430,739,563,635,437,447,564,1730
12469,15442,762,584,602,488,462,575,1757
12456,15453,772,593,547,446,442,569,1728
12443,15465,730,560,539,301,478,543,1731
12432,15476,728,598,647,409,431,602,1752
12421,15487,740,605,533,427,513,584,1657
12409,15498,793,556,590,452,454,532,1673
12397,15509,769,577,677,467,478,566,1710
12385,15519,722,637,691,495,444,565,1701
12373,15529,750,606,620,515,480,553,1655
12361,15538,815,609,638,451,463,513,1694
12350,15549,702,573,676,467,460,509,1656
12350,15550,744,589,664,469,480,538,1694
12354,15555,744,597,667,492,396,541,1653
12364,15563,672,636,620,435,471,571,1664
12368,15568,778,691,558,480,476,501,1626
12368,15568,883,631,524,493,453,468,1654
12368,15568,853,631,524,493,453,468,1654
12364,15572,853,641,555,444,449,526,1609
12356,15581,798,593,535,464,481,522,1615
12346,15593,851,646,599,493,440,515,1637
12336,15605,827,632,629,526,437,562,1710
12327,15616,827,672,598,582,484,584,1698
12316,15626,887,699,647,498,454,506,1669
12306,15636,879,637,628,565,494,505,1637
12298,15646,893,655,633,497,436,540,1584
12288,15657,845,723,652,532,461,553,1649
12277,15669,897,710,660,546,430,500,1670
12267,15680,925,726,679,553,496,502,1668
12257,15692,917,714,737,620,459,515,1696
12247,15704,883,786,647,570,470,572,1635
12239,15714,977,742,767,540,446,543,1719
12229,15724,883,789,699,539,435,514,1695
12219,15734,883,747,715,517,453,420,1668
12209,15744,983,770,767,555,472,491,1636
12199,15753,949,731,702,573,442,527,1636
12189,15763,950,762,740,538,446,438,1608
12179,15773,918,772,764,602,443,457,1681
12168,15784,964,782,737,612,447,492,1673
12158,15794,964,834,797,560,441,472,1650
12148,15804,884,837,829,593,468,440,1637
12139,15813,892,835,750,629,414,488,1625
12130,15822,974,870,810,609,455,493,1663
12121,15831,894,894,740,629,484,495,1551
12111,15841,894,890,763,589,446,505,1606
12102,15852,921,983,779,637,458,528,1533
12091,15863,987,909,814,625,443,479,1664
12081,15874,972,992,790,580,448,525,1526
12071,15886,936,944,845,706,445,482,1649
12061,15897,936,1004,865,687,454,475,1569
12051,15908,985,995,870,726,450,508,1627
12041,15920,981,1079,860,701,492,466,1548
12031,15933,923,1076,932,727,426,421,1635
12020,15947,988,1048,950,744,460,437,1619
12007,15961,957,1088,1028,749,458,515,1721
11995,15975,957,1075,939,795,488,481,1643
11983,15987,1047,1043,974,873,450,440,1757
11971,15998,1047,1096,1016,830,486,536,1678
11961,16009,983,1057,1015,873,452,460,1573
11950,16021,933,1058,1064,872,490,447,1644
11939,16031,933,1082,1101,895,482,483,1681
11928,16040,889,1020,1100,922,446,433,1629
11917,16051,851,1016,1118,936,491,486,1635
11906,16063,896,1023,1178,906,478,430,1665
11895,16073,853,1046,1152,919,465,422,1565
11883,16085,812,992,1191,938,482,428,1556
11873,16096,837,1016,1248,924,456,438,1559
11862,16108,904,1041,1257,881,475,361,1531
11850,16120,984,1089,1246,1005,494,427,1502
11838,16132,984,1152,1305,925,501,336,1665
11825,16144,994,1233,1310,981,459,401,1716
11813,16156,956,1348,1416,1022,431,387,1782
11799,16170,968,1408,1372,995,515,412,1755
11787,16182,944,1494,1414,1130,494,451,1724
11776,16194,1085,1507,1462,1148,437,424,1752
11765,16205,1101,1560,1509,1126,470,403,1737
11753,16216,1203,1611,1564,1146,515,410,1730
11741,16227,1323,1641,1578,1156,487,397,1720
11729,16238,1252,1643,1670,1182,475,411,1775
11716,16250,1252,1541,1741,1228,477,391,1723
11703,16261,1179,1523,1817,1279,490,338,1757
11692,16272,1119,1592,1908,1278,492,436,1735
11682,16282,1134,1642,1967,1341,429,439,1769
11671,16292,1198,1688,2004,1414,414,344,1746
11660,16301,1321,1733,2085,1491,432,406,1795
11649,16312,1501,1826,2085,1492,580,391,1746
11637,16322,1652,1905,2168,1541,446,388,1733
11625,16333,1734,1984,2259,1605,451,449,1758
11612,16345,1662,2038,2310,1649,473,418,1767
11600,16357,1674,2210,2437,1751,436,456,1753
11588,16368,1720,2349,2513,1840,425,382,1799
11576,16378,1823,2500,2588,1909,446,444,1808
11565,16389,1959,2622,2723,1951,438,393,1830
11554,16400,1967,2794,2885,2069,431,390,1833
11543,16410,2038,2966,2991,2121,460,417,1781
11532,16421,2040,3090,3220,2238,512,363,1793
11521,16433,1983,3300,3421,2380,463,360,1813
11511,16445,2026,3527,3749,2483,409,464,1868
11511,16449,2280,3849,4012,2702,470,334,1831
11511,16449,2438,3947,4058,2843,475,311,1832
11501,16439,2438,3903,4070,2854,448,345,1791
11496,16433,2894,4050,4061,2664,480,463,1769
11491,16426,3022,4028,3925,2568,373,384,1791
11486,16421,3107,4061,3927,2448,445,366,1777
11480,16415,3026,4051,3847,2319,403,433,1772
11475,16408,2413,4046,3768,2221,435,368,1763
11468,16402,2413,4047,3673,2098,498,374,1752
11463,16397,3365,3909,3490,1998,430,571,1696
11456,16391,3554,3873,3498,1905,403,1035,1731
11449,16384,3757,3704,3260,1769,427,1517,1689
11443,16378,3820,3661,3083,1666,411,1235,1599
11436,16370,3859,3783,2943,1574,452,909,1657
11430,16364,3982,4044,2750,1322,460,662,1577
11423,16357,4042,4051,2665,1275,466,586,1500
11416,16351,4060,4013,2578,1181,445,583,1416
11410,16345,4051,3974,2482,1131,394,589,962
11405,16342,4065,3884,2372,1103,370,632,1010
11399,16337,4057,3837,2273,1073,377,610,1095
11394,16333,4032,3772,2164,1019,385,755,1175
11389,16328,3998,3701,2066,933,370,764,1189
11384,16322,3761,3602,1966,875,425,867,1137
11379,16318,3790,3557,1907,852,332,881,1405
11374,16314,3781,3487,1844,810,376,967,1523
11368,16309,3719,3496,1798,777,310,1057,1323
11364,16303,3878,3289,1676,712,344,1031,1222
11357,16297,4052,3151,1570,605,314,1092,1732
11351,16288,4052,2907,1322,692,297,1142,1599
11347,16279,4052,2685,1346,516,364,1273,1426
11339,16271,3953,2678,1250,516,352,1275,1718
11333,16264,3860,2379,1154,559,414,1285,1763
11326,16258,3705,2417,1080,496,427,1368,1721
11321,16251,3624,2304,982,446,506,1500,1667
11315,16243,3486,2099,928,550,560,1441,2038
11309,16235,3486,1981,873,497,668,1612,2188
11303,16229,3280,1916,769,496,523,1637,1967
11296,16222,3125,1748,690,568,228,1691,2050
11291,16215,2963,1704,743,486,315,1805,1837
11284,16208,2808,1524,743,563,310,1821,2024
11279,16201,2674,1409,553,601,309,1883,2409
11272,16194,2448,1229,509,515,364,1970,2443
11267,16188,2448,1229,524,456,349,2040,2275
11259,16180,2383,1206,492,397,248,2120,2260
11251,16173,2098,1154,477,418,376,2181,2320
11244,16167,2098,1003,496,429,334,2201,2356
11238,16160,1990,953,601,424,361,2234,2466
11231,16154,1868,844,567,395,325,2319,2496
11224,16149,1810,753,573,394,373,2245,2580
11217,16143,1739,728,516,437,378,2330,2603
11212,16138,1460,627,614,367,324,2354,2664
11207,16133,1460,560,542,371,363,2339,2681
11201,16127,1293,631,537,369,360,2407,2287
11195,16122,1253,640,536,371,346,2433,2108
11189,16117,1130,449,489,372,419,2370,2388
11183,16111,1229,471,540,334,480,2384,2437
11177,16106,1140,405,450,365,567,2506,2393
11175,16102,1140,405,450,365,567,2506,2393
11175,16102,957,511,454,312,520,2411,2378
11175,16102,967,450,529,325,534,2371,2394
11175,16102,1033,448,544,331,491,2394,2450
11175,16102,971,392,478,391,481,2381,2390
11175,16102,971,392,478,391,481,2381,2390
11167,16107,1034,493,526,301,522,2374,2390
11156,16116,986,541,473,330,502,2371,2384
11145,16125,928,509,469,270,527,2262,2340
11135,16133,920,458,453,342,514,2219,2320
11126,16142,910,476,504,355,571,2076,2343
11117,16152,862,456,461,274,535,2013,2281
11107,16162,926,513,450,349,531,1965,2297
11096,16173,934,461,480,286,558,1878,2272
11084,16183,864,504,436,381,536,1838,2231
11072,16193,914,502,542,328,535,1787,2300
11059,16203,888,499,476,323,594,1786,2242
11047,16213,919,494,519,336,566,1649,2221
11035,16223,900,503,480,343,566,1625,2189
11024,16233,868,480,513,360,512,1558,2101
11012,16244,822,515,520,359,532,1531,2155
10999,16253,800,526,504,349,572,1475,2110
10988,16264,876,574,500,353,498,1428,2096
10975,16273,808,516,514,372,555,1396,2091
10962,16283,823,532,499,298,605,1379,2081
10949,16293,654,555,453,382,627,1398,2058
10937,16303,654,588,559,367,539,1378,2058
10926,16313,659,516,549,360,599,1218,2008
10915,16323,676,549,562,319,583,1235,2024
10903,16334,594,545,555,411,590,1212,1987
10891,16346,570,563,520,366,573,1181,1969
10879,16357,619,645,541,329,561,1190,1925
10866,16369,622,580,555,384,586,1171,1931
10854,16379,733,644,530,358,600,1240,1827
10842,16389,731,531,558,343,544,1131,1855
10831,16400,732,552,616,339,526,1101,1855
10819,16411,728,571,542,391,533,1054,1975
10809,16421,728,572,553,350,485,1057,1830
10797,16433,845,573,622,470,568,1071,1818
10786,16445,659,567,555,348,595,1017,1768
10774,16456,629,623,571,360,554,1084,1807
10763,16466,741,609,617,360,525,1042,1817
10754,16475,675,602,603,359,583,978,1760
10744,16485,629,623,581,454,528,1007,1771
10735,16494,677,571,609,434,483,923,1802
10727,16502,656,617,597,412,538,920,1751
10718,16510,610,615,590,419,522,911,1729
10707,16520,743,660,654,421,497,947,1683
10697,16530,657,608,592,412,532,903,1665
10686,16541,634,602,648,419,451,945,1787
10675,16551,677,675,645,451,414,968,1794
10671,16553,677,628,606,419,469,871,1656
10671,16553,644,620,622,452,493,854,1652
10671,16553,644,620,619,405,445,871,1665
10677,16558,630,630,672,422,480,896,1715
10686,16565,727,624,624,458,470,843,1670
10693,16569,727,653,640,507,455,885,1765
10702,16575,768,657,638,457,374,858,1589
10709,16581,768,623,579,499,296,845,1570
10711,16585,836,602,639,484,428,875,1697
10711,16585,833,619,676,531,344,882,1573
10711,16585,852,653,650,525,318,869,1554
10711,16585,852,653,650,525,318,869,1554
10706,16587,845,623,600,559,359,836,1577
10697,16595,823,619,672,513,343,858,1617
10689,16605,818,597,649,528,353,853,1643
10681,16614,901,606,730,469,259,883,1680
10672,16623,901,632,687,534,339,848,1629
10664,16635,934,683,670,521,299,856,1424
10655,16646,887,626,664,509,328,818,1250
10647,16658,879,637,711,536,339,759,1230
10639,16670,909,718,713,556,337,773,1708
10630,16684,934,661,717,553,284,764,1828
10621,16698,966,652,698,608,335,752,1848
10611,16711,966,711,677,546,332,807,1817
10602,16725,977,698,790,576,373,816,1788
10592,16738,1007,694,759,623,309,751,1718
10583,16749,1021,728,749,618,352,812,1697
10573,16758,1006,728,780,681,316,787,1738
10565,16768,1059,728,761,609,349,730,1751
10557,16777,1059,736,729,605,343,673,1728
10547,16787,1075,719,781,632,358,726,1758
10538,16798,1131,724,801,659,396,715,1760
10528,16809,1131,799,881,653,349,769,1765
10518,16820,1150,756,817,730,331,752,1753
10507,16831,1209,755,854,659,360,683,1739
10495,16842,1245,769,825,700,382,656,1751
10483,16853,1322,768,835,707,345,666,1757
10471,16864,1322,767,853,717,310,688,1772
10460,16875,1320,810,850,720,372,659,1758
10450,16887,1298,792,858,760,346,628,1784
10439,16899,1373,840,922,690,262,649,1801
10427,16910,1279,811,892,742,445,613,1778
10416,16922,1285,877,885,746,361,693,1761
10404,16934,1237,839,913,738,269,675,1805
10393,16945,1285,890,1020,786,422,625,1814
10382,16956,1259,904,1032,794,311,605,1811
10371,16968,1376,885,1008,809,321,609,1832
10361,16979,1322,960,987,786,334,650,1799
10351,16988,1257,998,988,866,355,684,1828
10339,16998,1262,943,1115,813,323,656,1843
10328,17008,1264,973,1108,898,382,592,1845
10315,17018,1233,1042,1077,874,407,630,1805
10303,17028,1156,1005,1126,794,340,584,1807
10291,17037,1142,1035,1126,907,332,635,1866
10282,17047,1123,1048,1116,893,336,567,1762
10271,17056,1113,1046,1152,865,305,594,1875
10260,17066,1042,1109,1168,903,370,594,1832
10248,17077,1049,1117,1176,934,348,549,1854
10236,17087,1020,1133,1249,967,354,572,1823
10224,17098,932,1134,1261,1009,369,481,1801
10211,17110,957,1214,1308,994,344,579,1844
10197,17122,1014,1271,1264,1042,356,577,1811
10186,17132,1001,1309,1328,1033,274,633,1819
10174,17141,1087,1295,1366,1060,381,541,1797
10164,17152,1087,1363,1415,1086,300,584,1832
10153,17161,1096,1347,1503,1126,332,611,1852
10142,17172,1129,1498,1512,1132,392,628,1857
10131,17183,1184,1451,1534,1164,369,559,1782
10119,17194,1210,1488,1553,1267,341,524,1799
10107,17205,1217,1556,1630,1199,383,574,1811
10095,17216,1336,1639,1659,1263,318,588,1852
10085,17226,1336,1647,1753,1263,321,490,1810
10075,17235,1384,1703,1821,1386,358,586,1866
10064,17244,1393,1727,1863,1408,376,537,1870
10055,17253,1491,1851,1890,1377,342,540,1798
10045,17261,1572,1883,1968,1421,386,512,1832
10039,17269,1572,1975,2013,1523,330,526,1816
10039,17270,1622,1998,2096,1601,308,595,1780
10039,17270,1678,2040,2106,1582,348,516,1799
10039,17270,1658,2033,2112,1554,322,530,1826
10032,17266,1658,2030,2103,1539,350,543,1801
10026,17258,1687,2042,2068,1524,327,562,1790
10017,17249,1696,2083,2099,1442,327,500,1791
10008,17243,1771,2102,2023,1359,389,588,1798
10004,17238,1854,2098,1942,1358,313,633,1688
9998,17231,1915,2087,1908,1268,249,626,1697
9993,17225,1915,2106,1865,1208,328,1038,1666
9987,17219,1926,2079,1817,1202,307,861,1665
9982,17212,1954,2133,1800,1145,304,653,1642
9978,17206,2021,2059,1735,1082,382,934,1661
9971,17200,2023,2113,1689,1034,322,924,1618
9966,17194,2023,2053,1637,1031,299,1051,1653
9961,17188,2076,2078,1537,912,325,1214,1621
9954,17182,2084,2032,1510,888,421,846,1612
9951,17177,2114,2015,1503,824,343,563,1564
9944,17169,2116,1970,1474,782,502,561,1537
9939,17163,2156,1965,1407,771,449,717,1490
9929,17155,2156,1926,1314,675,470,840,1459
9923,17147,2116,1833,1203,740,285,847,1406
9916,17140,2116,1823,1169,564,177,919,1423
9910,17132,2108,1798,1121,548,237,963,1494
9903,17124,2081,1824,1124,459,206,1195,1498
9897,17117,2111,1650,1015,372,270,1193,1739
9893,17110,2028,1617,996,412,291,1186,1841
9886,17104,2027,1568,920,304,247,1218,1952
9882,17099,2024,1548,876,361,398,1373,1544
9877,17094,1990,1452,868,497,355,1378,1287
9871,17089,1953,1500,783,387,222,1560,1089
9868,17085,1953,1410,748,396,301,1496,1137
9863,17081,1947,1385,727,384,530,1563,1209
9858,17078,1931,1330,716,392,468,1591,1270
9854,17074,1887,1298,702,435,476,1617,1285
9849,17070,1768,1219,689,346,443,1652,1376
9843,17066,1818,1241,615,347,488,1682,1327
9839,17060,1818,1200,622,365,461,1791,1379
9833,17055,1743,1126,587,325,462,1785,1371
9828,17049,1734,1098,557,372,429,1832,1441
9823,17044,1715,1034,495,382,417,1879,1444
9817,17038,1635,1000,449,369,472,1954,1452
9811,17032,1552,952,384,372,469,2014,1474
9807,17026,1540,919,406,400,476,2062,1476
9800,17019,1459,856,488,327,473,2148,1527
9795,17013,1431,775,447,228,496,2164,1532
9788,17007,1357,810,378,385,512,2281,1573
9783,17000,1304,722,388,299,528,2285,1551
9778,16994,1226,679,385,298,487,2377,1585
9771,16989,1316,602,477,394,498,2398,1614
9766,16982,1153,566,423,321,482,2456,1568
9759,16975,1098,445,405,323,481,2524,1589
9753,16969,1028,522,526,233,395,2454,1582
9745,16962,1005,349,388,274,486,2530,1589
9739,16955,909,403,439,347,470,2561,1601
9731,16947,912,309,398,204,443,2593,1567
9727,16940,812,322,357,487,444,2618,1589
9728,16939,854,335,395,194,462,2620,1599
9728,16939,794,302,375,262,485,2655,1629
9728,16939,801,356,441,211,514,2607,1667
9728,16939,801,339,398,329,472,2615,1576
9728,16939,788,333,340,208,457,2598,1592
9728,16939,797,339,407,124,442,2628,1618
9728,16939,816,361,349,351,445,2649,1598
9728,16939,818,294,349,116,453,2647,1595
9728,16939,823,314,495,262,460,2603,1672
9728,16939,823,335,402,516,487,2622,1594
9735,16946,818,397,362,354,456,2648,1605
9736,16951,723,290,425,192,447,2577,1647
9736,16950,871,312,302,335,429,2582,1593
9736,16950,845,329,351,368,464,2624,1573
9736,16950,870,329,351,368,464,2624,1573
9728,16956,870,320,509,269,424,2525,1645
9720,16965,820,310,375,320,464,2535,1603
9711,16974,910,365,392,489,466,2506,1596
9701,16982,879,329,410,379,491,2341,1608
9693,16990,902,320,405,384,507,2285,1630
9683,16998,902,400,413,433,463,2151,1639
9672,17005,850,266,370,430,414,2083,1625
9661,17014,850,342,367,230,423,2007,1596
9650,17021,827,390,412,336,502,1939,1589
9639,17029,895,390,436,106,449,1887,1608
9629,17036,767,336,464,266,476,1869,1557
9608,17050,773,449,416,75,446,1849,1579
9597,17059,783,362,302,261,449,1752,1567
9585,17068,767,276,365,80,400,1696,1595
9573,17077,727,361,412,558,410,1620,1608
9560,17088,734,381,406,135,448,1672,1598
9546,17100,772,413,420,360,451,1554,1553
9533,17112,723,397,412,148,429,1499,1550
9521,17122,661,409,411,78,470,1490,1507
9510,17133,695,390,445,249,439,1434,1547
9498,17143,624,393,534,133,472,1386,1613
9485,17153,624,420,401,289,364,1347,1583
9473,17164,675,331,398,111,455,1281,1542
9460,17175,676,410,406,199,458,1292,1489
9446,17187,625,363,388,150,453,1207,1512
9434,17198,623,343,284,288,444,1200,1507
9423,17211,654,366,432,77,433,1219,1477
9412,17221,667,352,392,114,458,1161,1486
9399,17230,665,318,412,202,465,1122,1467
9388,17239,679,348,382,104,420,1086,1442
9377,17248,727,371,392,211,487,1111,1443
9365,17258,614,320,525,195,421,1061,1486
9353,17268,679,443,463,263,410,1125,1495
9341,17277,603,366,445,207,456,1055,1489
9331,17288,603,373,448,231,468,1014,1437
9319,17298,612,437,459,152,411,1066,1452
9308,17308,571,314,349,166,427,1010,1441
9297,17317,670,365,450,160,411,979,1441
9286,17325,483,371,467,140,417,972,1411
9276,17334,503,424,362,216,415,994,1403
9266,17343,503,371,457,144,450,996,1379
9266,17346,609,386,416,325,484,940,1362
9268,17348,505,386,416,325,484,940,1362
9277,17358,537,483,474,168,464,923,1372
9286,17365,639,380,523,179,458,946,1485
9292,17372,731,416,435,381,464,937,1443
9300,17379,731,370,524,283,336,916,1433
9309,17386,749,297,412,279,156,931,1413
9311,17387,818,378,464,359,378,898,1455
9311,17387,791,304,500,325,561,890,1467
9311,17387,856,397,405,363,566,923,1449
9311,17387,829,383,460,378,528,880,1409
9311,17387,829,420,448,345,523,906,1447
9311,17387,871,418,451,287,548,932,1416
9306,17391,871,368,455,369,563,895,1408
9299,17401,823,430,459,373,543,905,1428
9289,17413,836,333,402,330,706,913,1425
9280,17425,884,472,470,274,752,854,1426
9271,17438,870,459,431,321,729,904,1435
9262,17452,821,445,438,350,693,896,1446
9253,17466,895,443,517,365,604,852,1424
9246,17480,907,512,409,483,595,818,1445
9237,17491,980,479,467,357,577,853,1423
9229,17501,956,498,455,405,603,798,1426
9221,17513,926,531,431,447,544,803,1443
9211,17525,970,472,466,422,490,834,1498
9202,17535,984,516,492,414,537,767,1457
9192,17546,1013,486,500,440,555,740,1490
9181,17557,980,502,527,386,512,783,1528
9170,17570,1011,532,482,370,550,733,1505
9160,17581,1037,599,469,385,534,751,1479
9150,17592,985,620,512,408,472,749,1448
9140,17604,1051,533,526,426,480,748,1492
9130,17615,1051,571,497,439,507,708,1451
9121,17626,1085,555,511,456,504,713,1478
9111,17637,1051,596,490,428,581,739,1482
9103,17649,1075,577,515,460,509,683,1481
9092,17662,1092,650,582,473,515,713,1560
9082,17674,1092,567,547,427,523,695,1546
9072,17686,1133,585,617,395,504,633,1584
9062,17697,1155,637,541,481,543,682,1557
9053,17708,1137,554,529,429,502,643,1565
9044,17718,1214,558,463,465,575,657,1580
9035,17729,1159,646,536,398,577,731,1559
9025,17741,1170,557,664,436,504,679,1620
9015,17751,1200,603,565,461,503,650,1626
9004,17761,1240,663,544,444,500,644,1660
8993,17771,1176,667,592,436,503,657,1606
8981,17780,1217,621,509,503,473,608,1602
8970,17789,1208,629,501,479,508,586,1663
8959,17798,1246,643,529,475,529,625,1623
8948,17808,1201,659,544,439,527,586,1626
8938,17819,1122,673,572,479,486,613,1649
8927,17829,1197,701,533,449,523,673,1645
8915,17840,1197,624,592,492,542,571,1709
8903,17851,1208,698,553,442,678,633,1666
8891,17862,1268,667,548,485,721,620,1697
8881,17873,1229,628,562,473,689,597,1672
8870,17883,1248,629,603,466,682,575,1665
8859,17893,1239,664,527,462,652,569,1653
8849,17903,1217,678,592,440,745,630,1745
8837,17913,1223,640,581,532,741,611,1736
8825,17922,1218,654,532,483,715,553,1748
8814,17934,1227,676,528,505,701,571,1747
8801,17946,1220,649,584,506,635,469,1748
8789,17958,1281,692,562,509,647,586,1769
8777,17969,1267,616,515,510,671,543,1777
8767,17979,1261,661,578,487,678,525,1764
8754,17989,1248,686,633,494,682,545,1806
8742,17999,1248,574,632,462,655,505,1800
8730,18009,1285,664,564,512,630,521,1802
8718,18019,1265,652,575,506,591,557,1830
8706,18029,1272,682,624,441,533,609,1868
8693,18040,1257,705,604,573,552,538,1837
8682,18051,1250,636,581,542,504,510,1867
8671,18060,1272,626,582,543,570,544,1824
8660,18068,1272,636,591,523,514,526,1852
8650,18076,1234,612,652,544,577,446,1857
8640,18084,1237,612,603,530,506,459,1846
8629,18093,1271,641,615,496,562,527,1871
8617,18103,1271,650,617,537,441,460,1887
8605,18114,1227,628,595,536,416,531,1899
8593,18125,1275,573,617,535,551,497,1904
8581,18137,1218,533,644,541,565,503,1917
8570,18149,1243,686,610,513,469,558,1898
8558,18162,1243,622,638,518,439,472,1983
8546,18173,1272,618,650,506,360,516,1951
8535,18186,1272,610,615,577,266,518,1952
8522,18199,1252,621,668,542,378,465,1961
8510,18213,1290,690,644,541,321,430,1932
8499,18226,1287,660,666,597,362,514,1964
8489,18239,1334,614,695,682,405,451,2031
8481,18250,1297,674,673,541,438,504,1973
8482,18253,1352,688,699,580,428,474,2048
8482,18252,1371,704,689,603,423,524,2030
8479,18251,1371,704,689,603,423,524,2030
8470,18243,1383,727,699,599,454,573,2028
8466,18236,1241,637,680,563,355,503,2001
8466,18234,1241,642,701,598,297,465,2059
8466,18234,1249,623,693,579,307,467,2034
8466,18234,1247,651,667,566,297,487,2016
8463,18231,1247,663,681,555,337,553,2038
8455,18224,1212,658,716,548,356,493,2050
8448,18219,1150,613,662,577,435,468,1995
8445,18217,1150,628,687,564,488,534,2040
8445,18217,992,609,681,533,451,597,2016
8445,18217,1013,631,682,564,454,605,2017
8445,18217,1013,631,682,564,454,605,2017
8440,18224,990,567,660,597,543,626,2001
8432,18234,1014,643,676,589,437,600,1952
8423,18242,1021,686,663,560,467,543,2000
8413,18250,976,647,723,555,492,582,1972
8403,18257,1038,674,744,540,487,549,2043
8394,18264,1000,657,694,526,462,557,1990
8384,18272,968,664,668,516,415,560,1993
8375,18280,1082,677,680,540,458,566,2001
8367,18288,1029,677,680,540,458,566,2001
8358,18296,973,718,695,562,443,638,1995
8349,18305,973,703,734,582,415,551,2002
8338,18315,906,618,787,588,464,515,2033
8328,18325,915,737,724,507,424,639,1955
8317,18336,1002,703,729,599,374,543,1976
8308,18345,961,690,719,552,389,601,1956
8298,18354,942,738,730,609,412,652,1928
8288,18364,953,760,772,640,389,534,1944
8278,18375,946,674,740,592,366,627,1966
8268,18386,993,733,820,636,332,585,1973
8256,18397,982,748,772,671,292,575,1950
8244,18410,960,766,778,605,338,538,1909
8231,18422,993,767,813,641,361,605,1942
8219,18435,936,781,794,655,277,570,1900
8207,18446,997,787,896,695,282,560,1973
8196,18457,1010,834,860,618,319,547,1936
8185,18467,952,838,778,627,300,575,1900
8175,18478,994,809,866,710,401,529,1891
8163,18489,912,832,874,677,347,489,1899
8152,18498,893,874,921,666,348,536,1898
8142,18508,954,901,850,665,462,503,1904
8131,18518,928,894,852,642,398,577,1856
8120,18527,928,867,901,679,346,349,1843
8110,18536,928,919,906,685,418,515,1873
8099,18544,918,1007,885,716,421,706,1848
8088,18553,902,890,937,705,390,437,1839
8077,18563,869,1018,939,712,422,571,1848
8065,18574,856,952,987,712,377,547,1859
8051,18585,876,1010,968,715,355,527,1882
8039,18597,924,969,944,717,453,447,1870
8027,18608,971,1044,1029,722,391,452,1831
8015,18620,971,1063,988,749,430,585,1803
8003,18630,949,1054,1098,794,372,441,1854
7991,18640,973,1085,1070,725,443,484,1837
7979,18650,1026,1085,1129,800,377,427,1843
7966,18661,1024,1080,1095,820,397,363,1820
7954,18672,1024,1150,1165,835,401,424,1818
7941,18684,1023,1168,1152,892,377,414,1805
7929,18695,1121,1180,1154,824,463,367,1798
7918,18707,1079,1227,1181,892,478,294,1819
7907,18717,1111,1266,1224,868,400,451,1761
7896,18726,1179,1262,1250,908,373,429,1775
7885,18736,1179,1281,1277,948,430,329,1785
7873,18745,1247,1341,1256,936,404,302,1737
7861,18756,1214,1373,1332,939,381,317,1726
7849,18765,1269,1434,1403,939,398,365,1768
7838,18775,1328,1485,1341,974,410,319,1740
7827,18785,1325,1514,1402,1069,382,355,1664
7817,18794,1379,1525,1489,996,418,334,1717
7806,18804,1396,1565,1474,1035,325,323,1699
7794,18813,1484,1640,1514,1075,450,308,1646
7783,18822,1508,1694,1559,1074,411,336,1659
7772,18831,1527,1718,1646,1078,397,369,1638
7762,18841,1578,1833,1686,1146,364,312,1669
7751,18851,1676,1875,1703,1180,315,332,1626
7742,18862,1741,1960,1773,1184,404,426,1628
7733,18873,1742,2008,1862,1219,394,317,1661
7723,18883,1843,2068,1900,1271,422,331,1635
7713,18895,1886,2138,1966,1247,402,443,1624
7702,18907,1974,2268,2063,1341,403,298,1603
7680,18931,2120,2479,2274,1463,393,245,1592
7669,18944,2225,2676,2410,1571,407,330,1601
7659,18957,2334,2914,2528,1623,437,359,1598
7658,18964,2540,3084,2767,1785,449,183,1601
7659,18964,2610,3192,2863,1806,378,273,1561
7659,18964,2554,3184,2867,1841,370,251,1554
7659,18964,2554,3185,2909,1772,375,303,1610
7652,18958,2569,3137,2882,1793,463,273,1584
7643,18951,2619,3140,2798,1737,382,234,1541
7631,18945,2732,3245,2731,1685,356,482,1544
7628,18940,2824,3240,2657,1617,385,698,1519
7623,18934,2866,3106,2605,1570,281,516,1590
7616,18929,2901,3213,2499,1460,360,510,1509
7612,18923,3007,3198,2352,1378,397,473,1446
7605,18917,3021,3150,2323,1296,372,489,1471
7600,18910,3177,3155,2245,1246,385,494,1421
7595,18904,3107,3049,2117,1135,177,533,1399
7588,18897,3122,3104,2050,1009,226,611,1405
7583,18893,3202,2997,1990,986,373,651,1384
7576,18887,3215,2941,1912,928,390,694,1309
7572,18881,3210,2879,1826,953,428,680,1343
7566,18877,3216,2846,1783,805,429,729,1379
7561,18873,3259,2797,1675,747,385,828,1372
7558,18869,3267,2714,1637,742,352,795,1472
7552,18865,3255,2781,1501,698,372,883,1454
7547,18861,3220,2581,1528,689,243,850,1508
7543,18856,3227,2598,1501,628,270,849,1420
7538,18851,3197,2489,1378,631,228,956,1107
7532,18845,3182,2447,1353,525,229,1004,1065
7529,18842,3205,2359,1275,501,286,1069,1241
7523,18836,3125,2242,1148,501,210,1077,1302
7518,18831,3093,2195,1177,479,258,1119,1422
7513,18827,2994,2159,1107,537,330,1183,1490
7506,18821,2994,2094,976,526,420,1247,1478
7501,18814,2916,1998,1013,373,552,1276,1534
7494,18808,2923,1935,922,374,599,1317,1573
7487,18803,2794,1838,841,397,684,1317,1610
7480,18797,2748,1716,847,394,785,1448,1760
7473,18793,2712,1658,780,477,534,1467,1768
7467,18789,2590,1530,715,470,297,1556,1752
7461,18783,2464,1529,664,407,197,1585,1793
7455,18780,2464,1490,640,405,218,1707,1868
7447,18774,2344,1388,585,489,345,1664,1885
7443,18769,2344,1369,529,430,276,1802,1970
7436,18764,2204,1218,601,427,245,1736,1923
7431,18758,2129,1192,677,407,264,1776,1953
7425,18753,2085,1077,476,455,278,1776,1989
7418,18747,2011,1042,429,483,274,1836,2038
7412,18741,1988,992,393,431,215,1854,2060
7405,18735,1839,889,451,484,300,1893,2085
7400,18728,1744,744,405,488,326,1940,2057
7392,18721,1686,771,527,521,375,1946,2140
7387,18716,1564,751,470,527,344,1958,2121
7379,18709,1487,672,458,488,292,1991,2152
7375,18702,1382,624,455,382,315,2026,2126
7369,18696,1320,496,463,341,413,2026,2150
7363,18691,1226,509,402,460,332,2032,2127
7359,18685,1147,481,386,342,411,2078,2123
7358,18683,1147,483,508,347,387,2094,2147
7358,18683,1090,457,503,369,351,2098,2156
7358,18683,1080,504,497,408,337,2102,2168
7358,18683,1093,413,490,324,325,2110,2121
7355,18686,1093,464,513,353,348,2119,2129
7345,18694,1123,504,463,353,364,2087,2077
7335,18703,1112,394,503,520,269,1982,2170
7326,18712,1078,473,543,341,280,1920,2127
7316,18719,1037,440,565,404,376,1879,2161
7305,18725,1045,508,527,371,280,1823,2145
7293,18732,1065,483,486,313,380,1811,2137
7282,18739,988,444,518,289,354,1777,2103
7272,18746,1033,405,495,295,381,1749,2140
7262,18754,956,332,500,438,378,1748,2118
7251,18762,930,291,557,287,477,1781,2119
7240,18771,946,322,560,382,448,1646,2133
7228,18778,1001,307,480,370,350,1605,2111
7216,18787,905,344,504,418,383,1574,2062
7203,18795,883,476,571,382,380,1563,2083
7190,18805,862,463,478,240,321,1508,2017
7178,18813,818,421,528,283,442,1491,2033
7167,18822,858,422,564,447,453,1450,2027
7156,18830,791,438,494,368,458,1407,2045
7145,18839,788,464,522,343,505,1349,2029
7133,18849,771,501,561,239,460,1402,2008
7120,18860,771,513,655,342,437,1368,2068
7108,18871,795,492,607,315,455,1284,1987
7095,18882,744,531,611,278,393,1241,2012
7082,18893,793,457,535,334,372,1186,1893
7071,18905,759,493,593,318,392,1186,1889
7059,18918,749,521,654,310,427,1168,1920
7047,18930,786,500,602,347,438,1156,1836
7037,18942,755,537,599,433,402,1219,1891
7036,18949,762,541,594,371,404,1110,1836
7036,18949,796,511,596,351,351,1087,1861
7040,18953,796,549,594,411,413,1121,1829
7049,18964,743,500,599,388,352,1075,1847
7055,18971,807,505,562,419,369,1127,1858
7059,18977,891,505,562,419,369,1127,1858
7059,18978,951,235,612,445,385,1074,1891
7059,18978,976,268,615,456,263,1070,1891
7055,18980,976,273,598,518,232,1055,1870
7049,18989,965,319,616,463,358,1020,1917
7038,18999,945,352,653,453,289,1039,1894
7028,19009,1039,309,582,549,312,1043,1877
7020,19019,1019,279,606,407,278,1033,1904
7012,19026,980,347,605,479,360,979,1893
7003,19035,982,379,588,505,297,976,1880
6995,19044,1017,338,618,572,293,954,1869
6987,19054,1023,336,634,475,291,926,1896
6979,19065,927,316,621,468,302,867,1858
6971,19075,1018,182,635,519,268,901,1902
6961,19085,993,172,617,472,375,876,1895
6952,19095,1017,278,650,416,341,823,1902
6942,19105,1016,228,678,541,346,866,1888
6932,19115,1072,446,654,516,246,876,1866
6922,19125,1046,318,666,524,351,800,1844
6912,19136,1094,348,655,535,294,851,1887
6901,19147,982,338,771,530,318,808,1904
6891,19160,1050,368,668,570,261,823,1889
6881,19172,1057,339,773,552,302,772,1957
6871,19184,1047,292,699,706,240,725,1882
6861,19195,1047,308,726,541,272,748,1891
6852,19206,1047,368,690,425,305,729,1882
6843,19216,1079,455,722,397,341,784,1880
6834,19226,1099,307,701,542,374,733,1901
6824,19237,1083,367,799,493,422,730,1920
6815,19247,1093,244,754,701,502,709,1881
6805,19257,1113,361,776,847,540,720,1923
6797,19267,1135,348,805,664,540,712,1878
6788,19276,1114,329,786,684,614,710,1916
6779,19284,1133,411,777,674,573,745,1918
6771,19293,1124,348,826,694,596,668,1976
6771,19296,1124,466,814,673,643,715,1929
6771,19296,1199,443,778,679,609,665,1892
6771,19296,1185,396,831,662,645,685,1990
6770,19296,1141,367,797,669,594,694,1949
6758,19287,1141,453,837,726,664,770,1968
6747,19279,1114,601,806,657,367,674,1920
6738,19273,1035,689,814,602,19,722,1963
6731,19265,864,708,796,592,145,745,1942
6720,19256,864,782,776,567,205,776,1959
6711,19250,788,726,838,553,254,761,1923
6703,19242,788,688,762,519,340,736,1859
6698,19236,657,687,735,497,475,723,1821
6691,19229,488,731,759,483,414,735,1820
6684,19223,587,705,704,457,404,638,1768
6678,19217,712,714,706,459,512,585,1777
6672,19209,712,675,709,390,565,824,1736
6664,19203,765,748,613,290,506,1284,1695
6659,19197,740,751,628,343,417,1431,1645
6652,19190,741,727,664,286,319,1307,1614
6647,19183,741,741,564,378,399,1051,1533
6639,19175,766,746,606,356,480,979,1474
6633,19169,786,685,510,300,503,978,1454
6627,19163,808,690,617,187,454,1034,1459
6621,19158,803,713,604,279,516,1049,1377
6617,19152,761,597,435,255,519,1199,1317
6610,19146,739,647,660,250,504,1163,1389
6606,19141,758,655,530,362,538,1277,1264
6601,19135,715,637,428,367,538,1237,1178
6595,19129,729,627,422,372,516,1404,1184
6591,19125,767,648,531,363,557,1481,1153
6585,19119,800,594,300,189,505,1527,1121
6579,19115,800,446,298,206,591,1578,1065
6572,19110,688,541,356,334,588,1810,1046
6565,19105,744,494,357,213,599,1715,957
6559,19099,723,485,428,296,554,1787,946
6552,19094,660,486,250,153,596,1820,866
6546,19090,717,441,389,183,525,1872,900
6539,19086,730,492,293,319,595,1973,833
6534,19082,649,460,372,298,655,2038,812
6528,19077,708,455,419,353,600,2046,790
6523,19072,674,401,356,229,689,2138,778
6518,19068,642,377,358,360,621,2147,656
6511,19063,538,327,280,224,648,2229,461
6506,19059,475,363,344,172,584,2286,515
6498,19054,510,555,425,255,568,2356,1127
6492,19049,512,387,324,221,637,2402,1561
6487,19044,555,78,306,301,606,2424,1584
6480,19038,611,285,377,268,669,2439,1127
6474,19033,595,150,342,373,625,2512,887
6467,19028,516,355,303,270,596,2532,742
6460,19021,515,161,402,242,618,2551,824
6452,19013,449,265,442,235,623,2637,821
6444,19007,449,166,300,366,668,2695,742
6439,19001,404,247,309,412,607,2640,777
6427,18989,444,196,282,444,640,2677,749
6427,18989,374,258,354,397,675,2777,729
6427,18989,248,263,248,456,603,2731,750
6427,18989,248,211,294,431,649,2721,791
6419,18996,297,202,320,488,672,2734,735
6409,19004,223,250,306,402,624,2641,763
6401,19011,349,236,320,436,632,2517,751
6391,19019,186,229,290,444,620,2449,755
6380,19024,406,362,292,466,626,2421,744
6369,19029,425,190,304,420,637,2264,727
6359,19035,294,273,311,432,705,2208,765
6347,19042,263,279,283,402,606,2169,694
6335,19051,342,253,301,449,590,2088,687
6324,19061,289,260,281,504,632,2034,724
6312,19071,328,252,344,449,603,1964,734
6300,19080,328,310,358,430,673,1902,766
6288,19090,319,333,302,430,597,1845,749
6277,19099,276,240,290,448,640,1760,828
6265,19108,280,305,346,455,617,1780,720
6254,19117,440,342,305,438,616,1737,721
6243,19127,440,278,202,430,608,1630,729
6233,19137,303,232,260,421,645,1614,716
6223,19148,268,297,347,419,624,1614,789
6213,19160,268,258,481,474,589,1510,759
6201,19172,312,190,321,471,623,1480,805
6190,19183,226,252,457,477,650,1398,703
6179,19194,226,393,417,523,660,1477,719
6168,19205,282,250,333,459,646,1351,731
6156,19216,308,348,339,411,607,1374,701
6145,19225,257,281,386,475,613,1345,765
6136,19237,355,255,246,466,597,1288,715
6126,19247,389,279,229,458,601,1294,733
6117,19256,320,292,347,569,646,1302,732
6108,19266,318,361,404,514,631,1203,821
6099,19275,269,438,391,446,639,1217,735
6089,19283,320,284,411,458,638,1162,781
6080,19292,320,303,544,531,624,1154,813
6070,19301,195,271,443,486,629,1125,718
6059,19310,352,135,363,518,633,1122,769
6051,19320,352,235,349,483,582,1076,692
6041,19330,389,193,378,510,612,1072,781
6031,19341,389,235,249,507,632,1065,762
6020,19352,433,416,318,470,622,1153,684
6009,19364,323,306,396,537,611,1044,708
5998,19374,323,391,379,474,646,1010,773
5986,19384,317,301,489,501,606,953,705
5973,19394,356,331,313,500,549,1015,631
5962,19404,275,340,442,542,613,982,661
5950,19415,253,372,467,494,611,1022,574
5939,19426,364,304,407,461,622,1006,578
5928,19438,411,328,360,498,567,906,627
5917,19449,413,386,460,545,624,959,672
5906,19460,422,322,395,509,606,894,691
5894,19471,421,335,382,496,661,903,701
5883,19480,358,393,366,562,617,969,761
5873,19491,391,303,437,548,624,895,777
5863,19499,428,380,297,472,632,897,711
5853,19509,380,436,375,542,625,890,686
5843,19518,366,388,388,483,595,899,753
5832,19527,257,326,368,492,616,863,765
5821,19537,394,350,437,540,661,825,787
5809,19546,394,346,423,533,608,813,725
5797,19556,361,413,438,529,625,849,713
5784,19566,423,377,434,545,626,759,757
5773,19576,437,360,392,527,654,766,729
5762,19586,482,356,409,587,639,796,793
5751,19596,482,444,372,528,686,858,813
5739,19607,468,420,328,512,616,804,770
5727,19618,426,360,475,643,641,754,748
5714,19629,403,417,542,550,656,775,712
5700,19641,237,363,266,524,663,719,678
5687,19653,458,394,453,527,617,763,645
5675,19665,446,462,379,586,680,736,563
5671,19676,446,462,379,586,680,736,563
5671,19677,443,418,478,618,645,702,752
5672,19680,443,457,494,547,629,792,702
5685,19690,430,509,544,583,611,706,709
5692,19698,481,450,417,480,667,690,744
5692,19700,481,513,423,491,651,729,815
5692,19700,384,457,503,432,671,710,819
5692,19700,361,457,503,432,671,710,819
5686,19702,408,338,305,525,654,775,759
5678,19712,409,344,468,491,660,737,803
5670,19725,400,439,523,543,638,697,767
5661,19739,307,358,436,548,637,673,766
5652,19751,464,419,507,539,665,680,761
5642,19762,462,432,513,560,761,657,753
5632,19773,481,417,563,456,633,678,868
5622,19783,399,477,505,499,666,645,812
5612,19794,423,420,471,509,675,675,763
5601,19805,413,381,451,529,685,674,809
5590,19817,362,460,447,489,621,660,759
5580,19829,360,466,447,467,631,655,751
5569,19841,541,419,530,476,750,631,758
5558,19852,425,393,406,493,686,566,720
5547,19864,320,419,461,551,677,632,708
5538,19876,395,421,566,499,657,626,731
5527,19887,434,380,506,475,711,612,694
5517,19898,468,420,539,470,778,594,704
5506,19910,410,450,549,504,686,636,674
5496,19923,523,428,580,492,660,552,733
5487,19936,438,446,489,496,731,614,658
5483,19943,532,482,517,468,680,593,713
5483,19943,451,433,537,477,690,602,713
5483,19943,428,505,539,482,688,610,712
5483,19943,428,455,414,483,710,581,688
5476,19935,384,480,565,476,684,644,685
5471,19928,505,359,568,473,676,578,825
5465,19923,505,477,538,472,676,595,519
5460,19917,462,460,545,566,677,612,584
5455,19911,494,508,539,498,700,616,620
5449,19906,554,455,566,528,685,615,659
5444,19901,562,528,594,603,618,630,663
5440,19896,562,478,520,600,650,595,715
5433,19892,497,559,569,536,652,636,701
5429,19887,485,496,576,525,633,731,710
5423,19881,501,510,434,575,603,631,650
5417,19877,563,506,534,582,657,631,704
5410,19870,575,485,576,626,590,585,688
5404,19864,494,469,511,580,646,620,655
5399,19857,444,541,587,665,589,682,734
5392,19853,444,518,563,601,636,604,671
5388,19848,369,526,604,632,636,670,679
5383,19843,464,407,578,650,626,582,686
5377,19838,492,474,572,629,441,505,691
5373,19834,562,462,660,685,582,603,631
5368,19830,582,461,596,639,561,602,559
5363,19826,600,296,586,659,540,559,597
5360,19822,600,517,608,692,541,647,603
5354,19819,526,460,581,683,527,575,657
5348,19814,526,457,592,708,563,581,695
5345,19811,493,557,696,708,500,584,703
5334,19802,497,480,653,697,484,903,593
5330,19797,535,456,684,761,523,1015,663
5324,19792,535,386,632,721,501,1132,634
5319,19785,493,449,685,698,554,1175,627
5314,19779,522,370,654,774,577,1076,760
5304,19771,458,473,710,738,586,943,899
5300,19764,512,438,744,773,713,658,1031
5293,19757,481,430,674,729,898,606,913
5288,19750,471,493,781,710,789,545,727
5281,19744,550,531,744,746,569,658,456
5277,19738,461,430,713,727,392,597,476
5271,19732,485,517,756,769,426,529,483
5265,19727,492,520,737,724,530,618,549
5260,19722,492,585,748,831,548,643,542
5253,19717,427,583,788,765,530,601,618
5249,19713,496,591,861,704,535,645,633
5243,19708,491,557,770,666,423,686,788
5236,19702,504,615,765,719,525,682,565
5231,19699,492,596,774,734,563,699,502
5223,19692,497,632,769,774,580,669,602
5218,19686,568,649,780,789,504,759,567
5211,19681,513,647,776,701,506,731,589
5206,19676,490,687,785,706,499,778,587
5200,19670,589,614,827,752,533,700,574
5193,19665,555,644,777,700,496,693,617
5188,19657,548,692,773,660,585,665,542
5181,19651,604,694,785,678,505,729,576
5176,19646,611,649,805,675,502,711,582
5170,19641,600,700,785,616,540,699,560
5164,19636,617,728,789,644,516,751,560
5151,19624,674,733,760,604,543,617,545
5144,19620,562,622,677,621,489,758,586
5141,19617,562,715,755,581,491,626,609
5141,19618,671,717,764,581,521,769,544
5141,19618,698,770,765,638,475,784,564
5141,19618,684,718,764,619,497,769,491
5141,19618,693,748,741,620,566,795,557
5141,19618,716,782,760,579,466,809,411
5141,19618,722,685,773,602,534,732,530
5146,19621,722,721,738,582,483,735,439
5152,19630,692,726,753,586,488,755,513
5152,19631,634,716,788,604,476,723,513
5152,19631,666,737,754,640,509,743,480
5152,19631,762,722,749,614,558,692,592
5152,19631,668,743,748,608,479,752,564
5152,19631,672,729,789,620,499,729,554
5152,19631,662,685,785,634,552,716,509
5152,19631,728,725,782,619,504,714,598
5152,19631,686,729,750,630,503,741,568
5152,19631,653,725,782,614,502,716,574
5152,19631,682,731,741,593,511,724,600
5152,19631,724,727,751,637,505,720,580
5152,19631,696,754,802,626,554,739,621
5152,19631,696,732,761,591,487,728,512
5152,19631,673,719,837,613,470,715,591
5152,19631,671,714,794,681,552,740,584
5152,19631,662,719,737,608,514,725,512
5152,19631,674,734,775,664,490,735,555
5152,19631,674,727,771,628,490,748,542
5152,19631,707,690,791,688,526,707,528
5152,19631,646,719,770,624,546,717,563
5152,19631,666,721,822,641,539,717,576
5152,19631,666,718,803,669,502,728,550
5152,19631,666,702,759,694,470,690,533
5152,19631,729,724,778,626,543,714,554
5152,19631,695,724,749,638,499,739,523
5152,19631,659,731,808,655,466,737,579
5152,19631,683,751,781,710,482,772,585
5152,19631,700,732,762,621,518,706,571
5152,19631,700,771,744,622,517,747,552
5152,19631,673,759,741,600,573,751,548
5152,19631,681,727,746,614,529,739,542
5152,19631,681,728,814,597,518,733,611
5152,19631,649,734,757,613,505,737,567
5152,19631,650,737,760,646,527,743,580
5152,19631,693,750,757,693,568,749,584
5152,19631,755,739,775,614,508,716,584
